[ {
  "match_id" : 3888721,
  "match_date" : "1983-06-04",
  "kick_off" : "22:15:00.000",
  "competition" : {
    "competition_id" : 87,
    "country_name" : "Spain",
    "competition_name" : "Copa del Rey"
  },
  "season" : {
    "season_id" : 268,
    "season_name" : "1982/1983"
  },
  "home_team" : {
    "home_team_id" : 217,
    "home_team_name" : "Barcelona",
    "home_team_gender" : "male",
    "home_team_group" : null,
    "country" : {
      "id" : 214,
      "name" : "Spain"
    },
    "managers" : [ {
      "id" : 1001759,
      "name" : "César Luis Menotti",
      "nickname" : null,
      "dob" : "1938-11-05",
      "country" : {
        "id" : 11,
        "name" : "Argentina"
      }
    } ]
  },
  "away_team" : {
    "away_team_id" : 220,
    "away_team_name" : "Real Madrid",
    "away_team_gender" : "male",
    "away_team_group" : null,
    "country" : {
      "id" : 214,
      "name" : "Spain"
    },
    "managers" : [ {
      "id" : 1003075,
      "name" : "Alfredo Stéfano Di Stéfano Laulhé",
      "nickname" : "Alfredo Di Stéfano",
      "dob" : "1926-07-04",
      "country" : {
        "id" : 11,
        "name" : "Argentina"
      }
    } ]
  },
  "home_score" : 2,
  "away_score" : 1,
  "match_status" : "available",
  "match_status_360" : "unscheduled",
  "last_updated" : "2023-06-11T02:51:59.941964",
  "last_updated_360" : null,
  "metadata" : {
    "data_version" : "1.1.0",
    "shot_fidelity_version" : "2",
    "xy_fidelity_version" : "2"
  },
  "match_week" : 1,
  "competition_stage" : {
    "id" : 26,
    "name" : "Final"
  },
  "stadium" : {
    "id" : 4457,
    "name" : "Estadio de la Romareda",
    "country" : {
      "id" : 214,
      "name" : "Spain"
    }
  },
  "referee" : {
    "id" : 1009018,
    "name" : "José Luis García Carrión",
    "country" : {
      "id" : 214,
      "name" : "Spain"
    }
  }
} ]