[ {
  "match_id" : 3888754,
  "match_date" : "1978-04-19",
  "kick_off" : "21:00:00.000",
  "competition" : {
    "competition_id" : 87,
    "country_name" : "Spain",
    "competition_name" : "Copa del Rey"
  },
  "season" : {
    "season_id" : 279,
    "season_name" : "1977/1978"
  },
  "home_team" : {
    "home_team_id" : 217,
    "home_team_name" : "Barcelona",
    "home_team_gender" : "male",
    "home_team_group" : null,
    "country" : {
      "id" : 214,
      "name" : "Spain"
    },
    "managers" : [ {
      "id" : 1003270,
      "name" : "Rinus Michels",
      "nickname" : null,
      "dob" : "1928-02-09",
      "country" : {
        "id" : 160,
        "name" : "Netherlands"
      }
    } ]
  },
  "away_team" : {
    "away_team_id" : 208,
    "away_team_name" : "Las Palmas",
    "away_team_gender" : "male",
    "away_team_group" : null,
    "country" : {
      "id" : 214,
      "name" : "Spain"
    },
    "managers" : [ {
      "id" : 1001762,
      "name" : "Miguel Muñoz",
      "nickname" : null,
      "dob" : "1922-01-19",
      "country" : {
        "id" : 214,
        "name" : "Spain"
      }
    } ]
  },
  "home_score" : 3,
  "away_score" : 1,
  "match_status" : "available",
  "match_status_360" : "unscheduled",
  "last_updated" : "2023-06-26T10:36:15.442581",
  "last_updated_360" : null,
  "metadata" : {
    "data_version" : "1.1.0",
    "shot_fidelity_version" : "2",
    "xy_fidelity_version" : "2"
  },
  "match_week" : 1,
  "competition_stage" : {
    "id" : 26,
    "name" : "Final"
  },
  "stadium" : {
    "id" : 353,
    "name" : "Estadio Santiago Bernabéu",
    "country" : {
      "id" : 214,
      "name" : "Spain"
    }
  },
  "referee" : {
    "id" : 1933,
    "name" : "Ángel Franco Martínez",
    "country" : {
      "id" : 214,
      "name" : "Spain"
    }
  }
} ]