[ {
  "match_id" : 3749052,
  "match_date" : "2004-02-07",
  "kick_off" : "16:00:00.000",
  "competition" : {
    "competition_id" : 2,
    "country_name" : "England",
    "competition_name" : "Premier League"
  },
  "season" : {
    "season_id" : 44,
    "season_name" : "2003/2004"
  },
  "home_team" : {
    "home_team_id" : 46,
    "home_team_name" : "Wolverhampton Wanderers",
    "home_team_gender" : "male",
    "home_team_group" : null,
    "country" : {
      "id" : 68,
      "name" : "England"
    },
    "managers" : [ {
      "id" : 3602,
      "name" : "Dave Jones",
      "nickname" : null,
      "dob" : "1956-08-17",
      "country" : {
        "id" : 68,
        "name" : "England"
      }
    } ]
  },
  "away_team" : {
    "away_team_id" : 1,
    "away_team_name" : "Arsenal",
    "away_team_gender" : "male",
    "away_team_group" : null,
    "country" : {
      "id" : 68,
      "name" : "England"
    },
    "managers" : [ {
      "id" : 577,
      "name" : "Arsène Wenger",
      "nickname" : null,
      "dob" : "1949-10-22",
      "country" : {
        "id" : 78,
        "name" : "France"
      }
    } ]
  },
  "home_score" : 1,
  "away_score" : 3,
  "match_status" : "available",
  "match_status_360" : "scheduled",
  "last_updated" : "2020-07-29T05:00",
  "last_updated_360" : "2021-06-13T16:17:31.694",
  "metadata" : {
    "data_version" : "1.1.0",
    "shot_fidelity_version" : "2",
    "xy_fidelity_version" : "2"
  },
  "match_week" : 2,
  "competition_stage" : {
    "id" : 1,
    "name" : "Regular Season"
  },
  "stadium" : {
    "id" : 217,
    "name" : "Molineux Stadium",
    "country" : {
      "id" : 68,
      "name" : "England"
    }
  }
}, {
  "match_id" : 3749522,
  "match_date" : "2003-12-26",
  "kick_off" : "13:00:00.000",
  "competition" : {
    "competition_id" : 2,
    "country_name" : "England",
    "competition_name" : "Premier League"
  },
  "season" : {
    "season_id" : 44,
    "season_name" : "2003/2004"
  },
  "home_team" : {
    "home_team_id" : 1,
    "home_team_name" : "Arsenal",
    "home_team_gender" : "male",
    "home_team_group" : null,
    "country" : {
      "id" : 68,
      "name" : "England"
    },
    "managers" : [ {
      "id" : 577,
      "name" : "Arsène Wenger",
      "nickname" : null,
      "dob" : "1949-10-22",
      "country" : {
        "id" : 78,
        "name" : "France"
      }
    } ]
  },
  "away_team" : {
    "away_team_id" : 46,
    "away_team_name" : "Wolverhampton Wanderers",
    "away_team_gender" : "male",
    "away_team_group" : null,
    "country" : {
      "id" : 68,
      "name" : "England"
    },
    "managers" : [ {
      "id" : 3602,
      "name" : "Dave Jones",
      "nickname" : null,
      "dob" : "1956-08-17",
      "country" : {
        "id" : 68,
        "name" : "England"
      }
    } ]
  },
  "home_score" : 3,
  "away_score" : 0,
  "match_status" : "available",
  "match_status_360" : "scheduled",
  "last_updated" : "2020-07-29T05:00",
  "last_updated_360" : "2021-06-13T16:17:31.694",
  "metadata" : {
    "data_version" : "1.1.0",
    "shot_fidelity_version" : "2",
    "xy_fidelity_version" : "2"
  },
  "match_week" : 18,
  "competition_stage" : {
    "id" : 1,
    "name" : "Regular Season"
  },
  "stadium" : {
    "id" : 1000243,
    "name" : "Highbury Stadium",
    "country" : {
      "id" : 68,
      "name" : "England"
    }
  }
}, {
  "match_id" : 3749246,
  "match_date" : "2004-03-28",
  "kick_off" : "17:05:00.000",
  "competition" : {
    "competition_id" : 2,
    "country_name" : "England",
    "competition_name" : "Premier League"
  },
  "season" : {
    "season_id" : 44,
    "season_name" : "2003/2004"
  },
  "home_team" : {
    "home_team_id" : 1,
    "home_team_name" : "Arsenal",
    "home_team_gender" : "male",
    "home_team_group" : null,
    "country" : {
      "id" : 68,
      "name" : "England"
    },
    "managers" : [ {
      "id" : 577,
      "name" : "Arsène Wenger",
      "nickname" : null,
      "dob" : "1949-10-22",
      "country" : {
        "id" : 78,
        "name" : "France"
      }
    } ]
  },
  "away_team" : {
    "away_team_id" : 39,
    "away_team_name" : "Manchester United",
    "away_team_gender" : "male",
    "away_team_group" : null,
    "country" : {
      "id" : 68,
      "name" : "England"
    },
    "managers" : [ {
      "id" : 790,
      "name" : "Alex Ferguson",
      "nickname" : null,
      "dob" : "1941-12-31",
      "country" : {
        "id" : 201,
        "name" : "Scotland"
      }
    } ]
  },
  "home_score" : 1,
  "away_score" : 1,
  "match_status" : "available",
  "match_status_360" : "scheduled",
  "last_updated" : "2020-07-29T05:00",
  "last_updated_360" : "2021-06-13T16:17:31.694",
  "metadata" : {
    "data_version" : "1.1.0",
    "shot_fidelity_version" : "2",
    "xy_fidelity_version" : "2"
  },
  "match_week" : 30,
  "competition_stage" : {
    "id" : 1,
    "name" : "Regular Season"
  },
  "stadium" : {
    "id" : 1000243,
    "name" : "Highbury Stadium",
    "country" : {
      "id" : 68,
      "name" : "England"
    }
  }
}, {
  "match_id" : 3749257,
  "match_date" : "2004-05-15",
  "kick_off" : "16:00:00.000",
  "competition" : {
    "competition_id" : 2,
    "country_name" : "England",
    "competition_name" : "Premier League"
  },
  "season" : {
    "season_id" : 44,
    "season_name" : "2003/2004"
  },
  "home_team" : {
    "home_team_id" : 1,
    "home_team_name" : "Arsenal",
    "home_team_gender" : "male",
    "home_team_group" : null,
    "country" : {
      "id" : 68,
      "name" : "England"
    },
    "managers" : [ {
      "id" : 577,
      "name" : "Arsène Wenger",
      "nickname" : null,
      "dob" : "1949-10-22",
      "country" : {
        "id" : 78,
        "name" : "France"
      }
    } ]
  },
  "away_team" : {
    "away_team_id" : 22,
    "away_team_name" : "Leicester City",
    "away_team_gender" : "male",
    "away_team_group" : null,
    "country" : {
      "id" : 68,
      "name" : "England"
    },
    "managers" : [ {
      "id" : 2974,
      "name" : "Micky Adams",
      "nickname" : null,
      "dob" : "1961-11-08",
      "country" : {
        "id" : 68,
        "name" : "England"
      }
    } ]
  },
  "home_score" : 2,
  "away_score" : 1,
  "match_status" : "available",
  "match_status_360" : "scheduled",
  "last_updated" : "2020-08-30T08:12:14.579037",
  "last_updated_360" : "2021-06-13T16:17:31.694",
  "metadata" : {
    "data_version" : "1.1.0",
    "shot_fidelity_version" : "2",
    "xy_fidelity_version" : "2"
  },
  "match_week" : 38,
  "competition_stage" : {
    "id" : 1,
    "name" : "Regular Season"
  },
  "stadium" : {
    "id" : 1000243,
    "name" : "Highbury Stadium",
    "country" : {
      "id" : 68,
      "name" : "England"
    }
  }
}, {
  "match_id" : 3749642,
  "match_date" : "2004-02-28",
  "kick_off" : "16:00:00.000",
  "competition" : {
    "competition_id" : 2,
    "country_name" : "England",
    "competition_name" : "Premier League"
  },
  "season" : {
    "season_id" : 44,
    "season_name" : "2003/2004"
  },
  "home_team" : {
    "home_team_id" : 1,
    "home_team_name" : "Arsenal",
    "home_team_gender" : "male",
    "home_team_group" : null,
    "country" : {
      "id" : 68,
      "name" : "England"
    },
    "managers" : [ {
      "id" : 577,
      "name" : "Arsène Wenger",
      "nickname" : null,
      "dob" : "1949-10-22",
      "country" : {
        "id" : 78,
        "name" : "France"
      }
    } ]
  },
  "away_team" : {
    "away_team_id" : 75,
    "away_team_name" : "Charlton Athletic",
    "away_team_gender" : "male",
    "away_team_group" : null,
    "country" : {
      "id" : 68,
      "name" : "England"
    },
    "managers" : [ {
      "id" : 3407,
      "name" : "Alan Curbishley",
      "nickname" : null,
      "dob" : "1957-11-08",
      "country" : {
        "id" : 68,
        "name" : "England"
      }
    } ]
  },
  "home_score" : 2,
  "away_score" : 1,
  "match_status" : "available",
  "match_status_360" : "scheduled",
  "last_updated" : "2020-07-29T05:00",
  "last_updated_360" : "2021-06-13T16:17:31.694",
  "metadata" : {
    "data_version" : "1.1.0",
    "shot_fidelity_version" : "2",
    "xy_fidelity_version" : "2"
  },
  "match_week" : 27,
  "competition_stage" : {
    "id" : 1,
    "name" : "Regular Season"
  },
  "stadium" : {
    "id" : 1000243,
    "name" : "Highbury Stadium",
    "country" : {
      "id" : 68,
      "name" : "England"
    }
  }
}, {
  "match_id" : 3749358,
  "match_date" : "2003-08-24",
  "kick_off" : "17:05:00.000",
  "competition" : {
    "competition_id" : 2,
    "country_name" : "England",
    "competition_name" : "Premier League"
  },
  "season" : {
    "season_id" : 44,
    "season_name" : "2003/2004"
  },
  "home_team" : {
    "home_team_id" : 47,
    "home_team_name" : "Middlesbrough",
    "home_team_gender" : "male",
    "home_team_group" : null,
    "country" : {
      "id" : 68,
      "name" : "England"
    },
    "managers" : [ {
      "id" : 40,
      "name" : "Steve McClaren",
      "nickname" : null,
      "dob" : "1961-05-03",
      "country" : {
        "id" : 68,
        "name" : "England"
      }
    } ]
  },
  "away_team" : {
    "away_team_id" : 1,
    "away_team_name" : "Arsenal",
    "away_team_gender" : "male",
    "away_team_group" : null,
    "country" : {
      "id" : 68,
      "name" : "England"
    },
    "managers" : [ {
      "id" : 577,
      "name" : "Arsène Wenger",
      "nickname" : null,
      "dob" : "1949-10-22",
      "country" : {
        "id" : 78,
        "name" : "France"
      }
    } ]
  },
  "home_score" : 0,
  "away_score" : 4,
  "match_status" : "available",
  "match_status_360" : "scheduled",
  "last_updated" : "2020-07-29T05:00",
  "last_updated_360" : "2021-06-13T16:17:31.694",
  "metadata" : {
    "data_version" : "1.1.0",
    "shot_fidelity_version" : "2",
    "xy_fidelity_version" : "2"
  },
  "match_week" : 1,
  "competition_stage" : {
    "id" : 1,
    "name" : "Regular Season"
  },
  "stadium" : {
    "id" : 214,
    "name" : "Riverside Stadium ",
    "country" : {
      "id" : 68,
      "name" : "England"
    }
  }
}, {
  "match_id" : 3749346,
  "match_date" : "2003-11-01",
  "kick_off" : "16:00:00.000",
  "competition" : {
    "competition_id" : 2,
    "country_name" : "England",
    "competition_name" : "Premier League"
  },
  "season" : {
    "season_id" : 44,
    "season_name" : "2003/2004"
  },
  "home_team" : {
    "home_team_id" : 101,
    "home_team_name" : "Leeds United",
    "home_team_gender" : "male",
    "home_team_group" : null,
    "country" : {
      "id" : 68,
      "name" : "England"
    },
    "managers" : [ {
      "id" : 3643,
      "name" : "Peter Reid",
      "nickname" : null,
      "dob" : "1956-06-20",
      "country" : {
        "id" : 68,
        "name" : "England"
      }
    } ]
  },
  "away_team" : {
    "away_team_id" : 1,
    "away_team_name" : "Arsenal",
    "away_team_gender" : "male",
    "away_team_group" : null,
    "country" : {
      "id" : 68,
      "name" : "England"
    },
    "managers" : [ {
      "id" : 577,
      "name" : "Arsène Wenger",
      "nickname" : null,
      "dob" : "1949-10-22",
      "country" : {
        "id" : 78,
        "name" : "France"
      }
    } ]
  },
  "home_score" : 1,
  "away_score" : 4,
  "match_status" : "available",
  "match_status_360" : "scheduled",
  "last_updated" : "2020-07-29T05:00",
  "last_updated_360" : "2021-06-13T16:17:31.694",
  "metadata" : {
    "data_version" : "1.1.0",
    "shot_fidelity_version" : "2",
    "xy_fidelity_version" : "2"
  },
  "match_week" : 1,
  "competition_stage" : {
    "id" : 1,
    "name" : "Regular Season"
  },
  "stadium" : {
    "id" : 213,
    "name" : "Elland Road ",
    "country" : {
      "id" : 68,
      "name" : "England"
    }
  }
}, {
  "match_id" : 3749253,
  "match_date" : "2003-10-04",
  "kick_off" : "13:30:00.000",
  "competition" : {
    "competition_id" : 2,
    "country_name" : "England",
    "competition_name" : "Premier League"
  },
  "season" : {
    "season_id" : 44,
    "season_name" : "2003/2004"
  },
  "home_team" : {
    "home_team_id" : 24,
    "home_team_name" : "Liverpool",
    "home_team_gender" : "male",
    "home_team_group" : null,
    "country" : {
      "id" : 68,
      "name" : "England"
    }
  },
  "away_team" : {
    "away_team_id" : 1,
    "away_team_name" : "Arsenal",
    "away_team_gender" : "male",
    "away_team_group" : null,
    "country" : {
      "id" : 68,
      "name" : "England"
    }
  },
  "home_score" : 1,
  "away_score" : 2,
  "match_status" : "available",
  "match_status_360" : "scheduled",
  "last_updated" : "2020-07-29T05:00",
  "last_updated_360" : "2021-06-13T16:17:31.694",
  "metadata" : {
    "data_version" : "1.1.0",
    "shot_fidelity_version" : "2",
    "xy_fidelity_version" : "2"
  },
  "match_week" : 1,
  "competition_stage" : {
    "id" : 1,
    "name" : "Regular Season"
  },
  "stadium" : {
    "id" : 6,
    "name" : "Anfield ",
    "country" : {
      "id" : 68,
      "name" : "England"
    }
  }
}, {
  "match_id" : 3749079,
  "match_date" : "2003-10-18",
  "kick_off" : "16:00:00.000",
  "competition" : {
    "competition_id" : 2,
    "country_name" : "England",
    "competition_name" : "Premier League"
  },
  "season" : {
    "season_id" : 44,
    "season_name" : "2003/2004"
  },
  "home_team" : {
    "home_team_id" : 1,
    "home_team_name" : "Arsenal",
    "home_team_gender" : "male",
    "home_team_group" : null,
    "country" : {
      "id" : 68,
      "name" : "England"
    },
    "managers" : [ {
      "id" : 577,
      "name" : "Arsène Wenger",
      "nickname" : null,
      "dob" : "1949-10-22",
      "country" : {
        "id" : 78,
        "name" : "France"
      }
    } ]
  },
  "away_team" : {
    "away_team_id" : 33,
    "away_team_name" : "Chelsea",
    "away_team_gender" : "male",
    "away_team_group" : null,
    "country" : {
      "id" : 68,
      "name" : "England"
    },
    "managers" : [ {
      "id" : 60,
      "name" : "Claudio Ranieri",
      "nickname" : null,
      "dob" : "1951-10-20",
      "country" : {
        "id" : 112,
        "name" : "Italy"
      }
    } ]
  },
  "home_score" : 2,
  "away_score" : 1,
  "match_status" : "available",
  "match_status_360" : "scheduled",
  "last_updated" : "2020-07-29T05:00",
  "last_updated_360" : "2021-06-13T16:17:31.694",
  "metadata" : {
    "data_version" : "1.1.0",
    "shot_fidelity_version" : "2",
    "xy_fidelity_version" : "2"
  },
  "match_week" : 9,
  "competition_stage" : {
    "id" : 1,
    "name" : "Regular Season"
  },
  "stadium" : {
    "id" : 1000243,
    "name" : "Highbury Stadium",
    "country" : {
      "id" : 68,
      "name" : "England"
    }
  }
}, {
  "match_id" : 3749465,
  "match_date" : "2004-03-13",
  "kick_off" : "16:00:00.000",
  "competition" : {
    "competition_id" : 2,
    "country_name" : "England",
    "competition_name" : "Premier League"
  },
  "season" : {
    "season_id" : 44,
    "season_name" : "2003/2004"
  },
  "home_team" : {
    "home_team_id" : 98,
    "home_team_name" : "Blackburn Rovers",
    "home_team_gender" : "male",
    "home_team_group" : null,
    "country" : {
      "id" : 68,
      "name" : "England"
    },
    "managers" : [ {
      "id" : 3548,
      "name" : "Graeme Souness",
      "nickname" : null,
      "dob" : "1953-05-06",
      "country" : {
        "id" : 201,
        "name" : "Scotland"
      }
    } ]
  },
  "away_team" : {
    "away_team_id" : 1,
    "away_team_name" : "Arsenal",
    "away_team_gender" : "male",
    "away_team_group" : null,
    "country" : {
      "id" : 68,
      "name" : "England"
    },
    "managers" : [ {
      "id" : 577,
      "name" : "Arsène Wenger",
      "nickname" : null,
      "dob" : "1949-10-22",
      "country" : {
        "id" : 78,
        "name" : "France"
      }
    } ]
  },
  "home_score" : 0,
  "away_score" : 2,
  "match_status" : "available",
  "match_status_360" : "scheduled",
  "last_updated" : "2020-07-29T05:00",
  "last_updated_360" : "2021-06-13T16:17:31.694",
  "metadata" : {
    "data_version" : "1.1.0",
    "shot_fidelity_version" : "2",
    "xy_fidelity_version" : "2"
  },
  "match_week" : 2,
  "competition_stage" : {
    "id" : 1,
    "name" : "Regular Season"
  },
  "stadium" : {
    "id" : 22,
    "name" : "Ewood Park ",
    "country" : {
      "id" : 68,
      "name" : "England"
    }
  }
}, {
  "match_id" : 3749133,
  "match_date" : "2004-01-18",
  "kick_off" : "15:00:00.000",
  "competition" : {
    "competition_id" : 2,
    "country_name" : "England",
    "competition_name" : "Premier League"
  },
  "season" : {
    "season_id" : 44,
    "season_name" : "2003/2004"
  },
  "home_team" : {
    "home_team_id" : 59,
    "home_team_name" : "Aston Villa",
    "home_team_gender" : "male",
    "home_team_group" : null,
    "country" : {
      "id" : 68,
      "name" : "England"
    },
    "managers" : [ {
      "id" : 6094,
      "name" : "David O''Leary",
      "nickname" : null,
      "dob" : "1958-05-02",
      "country" : {
        "id" : 109,
        "name" : "Ireland"
      }
    } ]
  },
  "away_team" : {
    "away_team_id" : 1,
    "away_team_name" : "Arsenal",
    "away_team_gender" : "male",
    "away_team_group" : null,
    "country" : {
      "id" : 68,
      "name" : "England"
    },
    "managers" : [ {
      "id" : 577,
      "name" : "Arsène Wenger",
      "nickname" : null,
      "dob" : "1949-10-22",
      "country" : {
        "id" : 78,
        "name" : "France"
      }
    } ]
  },
  "home_score" : 0,
  "away_score" : 2,
  "match_status" : "available",
  "match_status_360" : "scheduled",
  "last_updated" : "2020-07-29T05:00",
  "last_updated_360" : "2021-06-13T16:17:31.694",
  "metadata" : {
    "data_version" : "1.1.0",
    "shot_fidelity_version" : "2",
    "xy_fidelity_version" : "2"
  },
  "match_week" : 2,
  "competition_stage" : {
    "id" : 1,
    "name" : "Regular Season"
  },
  "stadium" : {
    "id" : 211,
    "name" : "Villa Park",
    "country" : {
      "id" : 68,
      "name" : "England"
    }
  }
}, {
  "match_id" : 3749528,
  "match_date" : "2003-09-26",
  "kick_off" : "21:00:00.000",
  "competition" : {
    "competition_id" : 2,
    "country_name" : "England",
    "competition_name" : "Premier League"
  },
  "season" : {
    "season_id" : 44,
    "season_name" : "2003/2004"
  },
  "home_team" : {
    "home_team_id" : 1,
    "home_team_name" : "Arsenal",
    "home_team_gender" : "male",
    "home_team_group" : null,
    "country" : {
      "id" : 68,
      "name" : "England"
    },
    "managers" : [ {
      "id" : 577,
      "name" : "Arsène Wenger",
      "nickname" : null,
      "dob" : "1949-10-22",
      "country" : {
        "id" : 78,
        "name" : "France"
      }
    } ]
  },
  "away_team" : {
    "away_team_id" : 37,
    "away_team_name" : "Newcastle United",
    "away_team_gender" : "male",
    "away_team_group" : null,
    "country" : {
      "id" : 68,
      "name" : "England"
    },
    "managers" : [ {
      "id" : 3404,
      "name" : "Bobby Robson",
      "nickname" : null,
      "dob" : "1933-02-18",
      "country" : {
        "id" : 68,
        "name" : "England"
      }
    } ]
  },
  "home_score" : 3,
  "away_score" : 2,
  "match_status" : "available",
  "match_status_360" : "scheduled",
  "last_updated" : "2020-07-29T05:00",
  "last_updated_360" : "2021-06-13T16:17:31.694",
  "metadata" : {
    "data_version" : "1.1.0",
    "shot_fidelity_version" : "2",
    "xy_fidelity_version" : "2"
  },
  "match_week" : 7,
  "competition_stage" : {
    "id" : 1,
    "name" : "Regular Season"
  },
  "stadium" : {
    "id" : 1000243,
    "name" : "Highbury Stadium",
    "country" : {
      "id" : 68,
      "name" : "England"
    }
  }
}, {
  "match_id" : 3749233,
  "match_date" : "2004-02-01",
  "kick_off" : "17:05:00.000",
  "competition" : {
    "competition_id" : 2,
    "country_name" : "England",
    "competition_name" : "Premier League"
  },
  "season" : {
    "season_id" : 44,
    "season_name" : "2003/2004"
  },
  "home_team" : {
    "home_team_id" : 1,
    "home_team_name" : "Arsenal",
    "home_team_gender" : "male",
    "home_team_group" : null,
    "country" : {
      "id" : 68,
      "name" : "England"
    },
    "managers" : [ {
      "id" : 577,
      "name" : "Arsène Wenger",
      "nickname" : null,
      "dob" : "1949-10-22",
      "country" : {
        "id" : 78,
        "name" : "France"
      }
    } ]
  },
  "away_team" : {
    "away_team_id" : 36,
    "away_team_name" : "Manchester City",
    "away_team_gender" : "male",
    "away_team_group" : null,
    "country" : {
      "id" : 68,
      "name" : "England"
    },
    "managers" : [ {
      "id" : 4202,
      "name" : "Kevin Joseph Keegan",
      "nickname" : "Kevin Keegan",
      "dob" : "1951-02-14",
      "country" : {
        "id" : 68,
        "name" : "England"
      }
    } ]
  },
  "home_score" : 2,
  "away_score" : 1,
  "match_status" : "available",
  "match_status_360" : "scheduled",
  "last_updated" : "2020-07-29T05:00",
  "last_updated_360" : "2021-06-13T16:17:31.694",
  "metadata" : {
    "data_version" : "1.1.0",
    "shot_fidelity_version" : "2",
    "xy_fidelity_version" : "2"
  },
  "match_week" : 23,
  "competition_stage" : {
    "id" : 1,
    "name" : "Regular Season"
  },
  "stadium" : {
    "id" : 1000243,
    "name" : "Highbury Stadium",
    "country" : {
      "id" : 68,
      "name" : "England"
    }
  }
}, {
  "match_id" : 3749462,
  "match_date" : "2004-05-01",
  "kick_off" : "13:30:00.000",
  "competition" : {
    "competition_id" : 2,
    "country_name" : "England",
    "competition_name" : "Premier League"
  },
  "season" : {
    "season_id" : 44,
    "season_name" : "2003/2004"
  },
  "home_team" : {
    "home_team_id" : 1,
    "home_team_name" : "Arsenal",
    "home_team_gender" : "male",
    "home_team_group" : null,
    "country" : {
      "id" : 68,
      "name" : "England"
    },
    "managers" : [ {
      "id" : 577,
      "name" : "Arsène Wenger",
      "nickname" : null,
      "dob" : "1949-10-22",
      "country" : {
        "id" : 78,
        "name" : "France"
      }
    } ]
  },
  "away_team" : {
    "away_team_id" : 54,
    "away_team_name" : "Birmingham City",
    "away_team_gender" : "male",
    "away_team_group" : null,
    "country" : {
      "id" : 68,
      "name" : "England"
    },
    "managers" : [ {
      "id" : 37,
      "name" : "Steve Bruce",
      "nickname" : null,
      "dob" : "1960-12-31",
      "country" : {
        "id" : 68,
        "name" : "England"
      }
    } ]
  },
  "home_score" : 0,
  "away_score" : 0,
  "match_status" : "available",
  "match_status_360" : "scheduled",
  "last_updated" : "2020-07-29T05:00",
  "last_updated_360" : "2021-06-13T16:17:31.694",
  "metadata" : {
    "data_version" : "1.1.0",
    "shot_fidelity_version" : "2",
    "xy_fidelity_version" : "2"
  },
  "match_week" : 35,
  "competition_stage" : {
    "id" : 1,
    "name" : "Regular Season"
  },
  "stadium" : {
    "id" : 1000243,
    "name" : "Highbury Stadium",
    "country" : {
      "id" : 68,
      "name" : "England"
    }
  }
}, {
  "match_id" : 3749552,
  "match_date" : "2003-09-21",
  "kick_off" : "17:05:00.000",
  "competition" : {
    "competition_id" : 2,
    "country_name" : "England",
    "competition_name" : "Premier League"
  },
  "season" : {
    "season_id" : 44,
    "season_name" : "2003/2004"
  },
  "home_team" : {
    "home_team_id" : 39,
    "home_team_name" : "Manchester United",
    "home_team_gender" : "male",
    "home_team_group" : null,
    "country" : {
      "id" : 68,
      "name" : "England"
    },
    "managers" : [ {
      "id" : 790,
      "name" : "Alex Ferguson",
      "nickname" : null,
      "dob" : "1941-12-31",
      "country" : {
        "id" : 201,
        "name" : "Scotland"
      }
    } ]
  },
  "away_team" : {
    "away_team_id" : 1,
    "away_team_name" : "Arsenal",
    "away_team_gender" : "male",
    "away_team_group" : null,
    "country" : {
      "id" : 68,
      "name" : "England"
    },
    "managers" : [ {
      "id" : 577,
      "name" : "Arsène Wenger",
      "nickname" : null,
      "dob" : "1949-10-22",
      "country" : {
        "id" : 78,
        "name" : "France"
      }
    } ]
  },
  "home_score" : 0,
  "away_score" : 0,
  "match_status" : "available",
  "match_status_360" : "scheduled",
  "last_updated" : "2020-07-29T05:00",
  "last_updated_360" : "2021-06-13T16:17:31.694",
  "metadata" : {
    "data_version" : "1.1.0",
    "shot_fidelity_version" : "2",
    "xy_fidelity_version" : "2"
  },
  "match_week" : 1,
  "competition_stage" : {
    "id" : 1,
    "name" : "Regular Season"
  },
  "stadium" : {
    "id" : 2,
    "name" : "Old Trafford",
    "country" : {
      "id" : 68,
      "name" : "England"
    }
  }
}, {
  "match_id" : 3749296,
  "match_date" : "2003-09-13",
  "kick_off" : "16:00:00.000",
  "competition" : {
    "competition_id" : 2,
    "country_name" : "England",
    "competition_name" : "Premier League"
  },
  "season" : {
    "season_id" : 44,
    "season_name" : "2003/2004"
  },
  "home_team" : {
    "home_team_id" : 1,
    "home_team_name" : "Arsenal",
    "home_team_gender" : "male",
    "home_team_group" : null,
    "country" : {
      "id" : 68,
      "name" : "England"
    },
    "managers" : [ {
      "id" : 577,
      "name" : "Arsène Wenger",
      "nickname" : null,
      "dob" : "1949-10-22",
      "country" : {
        "id" : 78,
        "name" : "France"
      }
    } ]
  },
  "away_team" : {
    "away_team_id" : 105,
    "away_team_name" : "Portsmouth",
    "away_team_gender" : "male",
    "away_team_group" : null,
    "country" : {
      "id" : 68,
      "name" : "England"
    },
    "managers" : [ {
      "id" : 749,
      "name" : "Harry Redknapp",
      "nickname" : null,
      "dob" : "1947-03-02",
      "country" : {
        "id" : 68,
        "name" : "England"
      }
    } ]
  },
  "home_score" : 1,
  "away_score" : 1,
  "match_status" : "available",
  "match_status_360" : "scheduled",
  "last_updated" : "2020-07-29T05:00",
  "last_updated_360" : "2021-06-13T16:17:31.694",
  "metadata" : {
    "data_version" : "1.1.0",
    "shot_fidelity_version" : "2",
    "xy_fidelity_version" : "2"
  },
  "match_week" : 5,
  "competition_stage" : {
    "id" : 1,
    "name" : "Regular Season"
  },
  "stadium" : {
    "id" : 1000243,
    "name" : "Highbury Stadium",
    "country" : {
      "id" : 68,
      "name" : "England"
    }
  }
}, {
  "match_id" : 3749454,
  "match_date" : "2003-08-31",
  "kick_off" : "17:05:00.000",
  "competition" : {
    "competition_id" : 2,
    "country_name" : "England",
    "competition_name" : "Premier League"
  },
  "season" : {
    "season_id" : 44,
    "season_name" : "2003/2004"
  },
  "home_team" : {
    "home_team_id" : 36,
    "home_team_name" : "Manchester City",
    "home_team_gender" : "male",
    "home_team_group" : null,
    "country" : {
      "id" : 68,
      "name" : "England"
    },
    "managers" : [ {
      "id" : 4202,
      "name" : "Kevin Joseph Keegan",
      "nickname" : "Kevin Keegan",
      "dob" : "1951-02-14",
      "country" : {
        "id" : 68,
        "name" : "England"
      }
    } ]
  },
  "away_team" : {
    "away_team_id" : 1,
    "away_team_name" : "Arsenal",
    "away_team_gender" : "male",
    "away_team_group" : null,
    "country" : {
      "id" : 68,
      "name" : "England"
    },
    "managers" : [ {
      "id" : 577,
      "name" : "Arsène Wenger",
      "nickname" : null,
      "dob" : "1949-10-22",
      "country" : {
        "id" : 78,
        "name" : "France"
      }
    } ]
  },
  "home_score" : 1,
  "away_score" : 2,
  "match_status" : "available",
  "match_status_360" : "scheduled",
  "last_updated" : "2020-07-29T05:00",
  "last_updated_360" : "2021-06-13T16:17:31.694",
  "metadata" : {
    "data_version" : "1.1.0",
    "shot_fidelity_version" : "2",
    "xy_fidelity_version" : "2"
  },
  "match_week" : 1,
  "competition_stage" : {
    "id" : 1,
    "name" : "Regular Season"
  },
  "stadium" : {
    "id" : 4715,
    "name" : "Etihad Stadium",
    "country" : {
      "id" : 68,
      "name" : "England"
    }
  }
}, {
  "match_id" : 3749276,
  "match_date" : "2004-02-21",
  "kick_off" : "13:30:00.000",
  "competition" : {
    "competition_id" : 2,
    "country_name" : "England",
    "competition_name" : "Premier League"
  },
  "season" : {
    "season_id" : 44,
    "season_name" : "2003/2004"
  },
  "home_team" : {
    "home_team_id" : 33,
    "home_team_name" : "Chelsea",
    "home_team_gender" : "male",
    "home_team_group" : null,
    "country" : {
      "id" : 68,
      "name" : "England"
    },
    "managers" : [ {
      "id" : 60,
      "name" : "Claudio Ranieri",
      "nickname" : null,
      "dob" : "1951-10-20",
      "country" : {
        "id" : 112,
        "name" : "Italy"
      }
    } ]
  },
  "away_team" : {
    "away_team_id" : 1,
    "away_team_name" : "Arsenal",
    "away_team_gender" : "male",
    "away_team_group" : null,
    "country" : {
      "id" : 68,
      "name" : "England"
    },
    "managers" : [ {
      "id" : 577,
      "name" : "Arsène Wenger",
      "nickname" : null,
      "dob" : "1949-10-22",
      "country" : {
        "id" : 78,
        "name" : "France"
      }
    } ]
  },
  "home_score" : 1,
  "away_score" : 2,
  "match_status" : "available",
  "match_status_360" : "scheduled",
  "last_updated" : "2020-07-29T05:00",
  "last_updated_360" : "2021-06-13T16:17:31.694",
  "metadata" : {
    "data_version" : "1.1.0",
    "shot_fidelity_version" : "2",
    "xy_fidelity_version" : "2"
  },
  "match_week" : 2,
  "competition_stage" : {
    "id" : 1,
    "name" : "Regular Season"
  },
  "stadium" : {
    "id" : 10,
    "name" : "Stamford Bridge",
    "country" : {
      "id" : 68,
      "name" : "England"
    }
  }
}, {
  "match_id" : 3749068,
  "match_date" : "2004-04-25",
  "kick_off" : "17:05:00.000",
  "competition" : {
    "competition_id" : 2,
    "country_name" : "England",
    "competition_name" : "Premier League"
  },
  "season" : {
    "season_id" : 44,
    "season_name" : "2003/2004"
  },
  "home_team" : {
    "home_team_id" : 38,
    "home_team_name" : "Tottenham Hotspur",
    "home_team_gender" : "male",
    "home_team_group" : null,
    "country" : {
      "id" : 68,
      "name" : "England"
    },
    "managers" : [ {
      "id" : 3533,
      "name" : "David Pleat",
      "nickname" : null,
      "dob" : "1945-01-15",
      "country" : {
        "id" : 68,
        "name" : "England"
      }
    } ]
  },
  "away_team" : {
    "away_team_id" : 1,
    "away_team_name" : "Arsenal",
    "away_team_gender" : "male",
    "away_team_group" : null,
    "country" : {
      "id" : 68,
      "name" : "England"
    },
    "managers" : [ {
      "id" : 577,
      "name" : "Arsène Wenger",
      "nickname" : null,
      "dob" : "1949-10-22",
      "country" : {
        "id" : 78,
        "name" : "France"
      }
    } ]
  },
  "home_score" : 2,
  "away_score" : 2,
  "match_status" : "available",
  "match_status_360" : "scheduled",
  "last_updated" : "2020-07-29T05:00",
  "last_updated_360" : "2021-06-13T16:17:31.694",
  "metadata" : {
    "data_version" : "1.1.0",
    "shot_fidelity_version" : "2",
    "xy_fidelity_version" : "2"
  },
  "match_week" : 2,
  "competition_stage" : {
    "id" : 1,
    "name" : "Regular Season"
  },
  "stadium" : {
    "id" : 99148,
    "name" : "White Hart Lane",
    "country" : {
      "id" : 68,
      "name" : "England"
    }
  }
}, {
  "match_id" : 3749310,
  "match_date" : "2003-12-29",
  "kick_off" : "21:00:00.000",
  "competition" : {
    "competition_id" : 2,
    "country_name" : "England",
    "competition_name" : "Premier League"
  },
  "season" : {
    "season_id" : 44,
    "season_name" : "2003/2004"
  },
  "home_team" : {
    "home_team_id" : 25,
    "home_team_name" : "Southampton",
    "home_team_gender" : "male",
    "home_team_group" : null,
    "country" : {
      "id" : 68,
      "name" : "England"
    },
    "managers" : [ {
      "id" : 3722,
      "name" : "Gordon Strachan",
      "nickname" : null,
      "dob" : "1957-02-09",
      "country" : {
        "id" : 201,
        "name" : "Scotland"
      }
    } ]
  },
  "away_team" : {
    "away_team_id" : 1,
    "away_team_name" : "Arsenal",
    "away_team_gender" : "male",
    "away_team_group" : null,
    "country" : {
      "id" : 68,
      "name" : "England"
    },
    "managers" : [ {
      "id" : 577,
      "name" : "Arsène Wenger",
      "nickname" : null,
      "dob" : "1949-10-22",
      "country" : {
        "id" : 78,
        "name" : "France"
      }
    } ]
  },
  "home_score" : 0,
  "away_score" : 1,
  "match_status" : "available",
  "match_status_360" : "scheduled",
  "last_updated" : "2022-11-24T20:48:40.072222",
  "last_updated_360" : "2021-06-13T16:17:31.694",
  "metadata" : {
    "data_version" : "1.1.0",
    "shot_fidelity_version" : "2",
    "xy_fidelity_version" : "2"
  },
  "match_week" : 1,
  "competition_stage" : {
    "id" : 1,
    "name" : "Regular Season"
  },
  "stadium" : {
    "id" : 4591,
    "name" : "St. Mary''s Stadium",
    "country" : {
      "id" : 68,
      "name" : "England"
    }
  }
}, {
  "match_id" : 3749493,
  "match_date" : "2003-08-16",
  "kick_off" : "16:00:00.000",
  "competition" : {
    "competition_id" : 2,
    "country_name" : "England",
    "competition_name" : "Premier League"
  },
  "season" : {
    "season_id" : 44,
    "season_name" : "2003/2004"
  },
  "home_team" : {
    "home_team_id" : 1,
    "home_team_name" : "Arsenal",
    "home_team_gender" : "male",
    "home_team_group" : null,
    "country" : {
      "id" : 68,
      "name" : "England"
    },
    "managers" : [ {
      "id" : 577,
      "name" : "Arsène Wenger",
      "nickname" : null,
      "dob" : "1949-10-22",
      "country" : {
        "id" : 78,
        "name" : "France"
      }
    } ]
  },
  "away_team" : {
    "away_team_id" : 29,
    "away_team_name" : "Everton",
    "away_team_gender" : "male",
    "away_team_group" : null,
    "country" : {
      "id" : 68,
      "name" : "England"
    },
    "managers" : [ {
      "id" : 86,
      "name" : "David Moyes",
      "nickname" : null,
      "dob" : "1963-04-25",
      "country" : {
        "id" : 201,
        "name" : "Scotland"
      }
    } ]
  },
  "home_score" : 2,
  "away_score" : 1,
  "match_status" : "available",
  "match_status_360" : "scheduled",
  "last_updated" : "2020-07-29T05:00",
  "last_updated_360" : "2021-06-13T16:17:31.694",
  "metadata" : {
    "data_version" : "1.1.0",
    "shot_fidelity_version" : "2",
    "xy_fidelity_version" : "2"
  },
  "match_week" : 1,
  "competition_stage" : {
    "id" : 1,
    "name" : "Regular Season"
  },
  "stadium" : {
    "id" : 1000243,
    "name" : "Highbury Stadium",
    "country" : {
      "id" : 68,
      "name" : "England"
    }
  }
}, {
  "match_id" : 3749434,
  "match_date" : "2003-11-22",
  "kick_off" : "16:00:00.000",
  "competition" : {
    "competition_id" : 2,
    "country_name" : "England",
    "competition_name" : "Premier League"
  },
  "season" : {
    "season_id" : 44,
    "season_name" : "2003/2004"
  },
  "home_team" : {
    "home_team_id" : 54,
    "home_team_name" : "Birmingham City",
    "home_team_gender" : "male",
    "home_team_group" : null,
    "country" : {
      "id" : 68,
      "name" : "England"
    },
    "managers" : [ {
      "id" : 37,
      "name" : "Steve Bruce",
      "nickname" : null,
      "dob" : "1960-12-31",
      "country" : {
        "id" : 68,
        "name" : "England"
      }
    } ]
  },
  "away_team" : {
    "away_team_id" : 1,
    "away_team_name" : "Arsenal",
    "away_team_gender" : "male",
    "away_team_group" : null,
    "country" : {
      "id" : 68,
      "name" : "England"
    },
    "managers" : [ {
      "id" : 577,
      "name" : "Arsène Wenger",
      "nickname" : null,
      "dob" : "1949-10-22",
      "country" : {
        "id" : 78,
        "name" : "France"
      }
    } ]
  },
  "home_score" : 0,
  "away_score" : 3,
  "match_status" : "available",
  "match_status_360" : "scheduled",
  "last_updated" : "2020-07-29T05:00",
  "last_updated_360" : "2021-06-13T16:17:31.694",
  "metadata" : {
    "data_version" : "1.1.0",
    "shot_fidelity_version" : "2",
    "xy_fidelity_version" : "2"
  },
  "match_week" : 1,
  "competition_stage" : {
    "id" : 1,
    "name" : "Regular Season"
  },
  "stadium" : {
    "id" : 4500,
    "name" : "St. Andrews Stadium",
    "country" : {
      "id" : 68,
      "name" : "England"
    }
  }
}, {
  "match_id" : 3749192,
  "match_date" : "2003-11-30",
  "kick_off" : "15:00:00.000",
  "competition" : {
    "competition_id" : 2,
    "country_name" : "England",
    "competition_name" : "Premier League"
  },
  "season" : {
    "season_id" : 44,
    "season_name" : "2003/2004"
  },
  "home_team" : {
    "home_team_id" : 1,
    "home_team_name" : "Arsenal",
    "home_team_gender" : "male",
    "home_team_group" : null,
    "country" : {
      "id" : 68,
      "name" : "England"
    },
    "managers" : [ {
      "id" : 577,
      "name" : "Arsène Wenger",
      "nickname" : null,
      "dob" : "1949-10-22",
      "country" : {
        "id" : 78,
        "name" : "France"
      }
    } ]
  },
  "away_team" : {
    "away_team_id" : 55,
    "away_team_name" : "Fulham",
    "away_team_gender" : "male",
    "away_team_group" : null,
    "country" : {
      "id" : 68,
      "name" : "England"
    },
    "managers" : [ {
      "id" : 403,
      "name" : "Chris Coleman",
      "nickname" : "Óscar Pareja",
      "dob" : "1970-06-10",
      "country" : {
        "id" : 249,
        "name" : "Wales"
      }
    } ]
  },
  "home_score" : 0,
  "away_score" : 0,
  "match_status" : "available",
  "match_status_360" : "scheduled",
  "last_updated" : "2020-08-30T07:13:01.092744",
  "last_updated_360" : "2021-06-13T16:17:31.694",
  "metadata" : {
    "data_version" : "1.1.0",
    "shot_fidelity_version" : "2",
    "xy_fidelity_version" : "2"
  },
  "match_week" : 14,
  "competition_stage" : {
    "id" : 1,
    "name" : "Regular Season"
  },
  "stadium" : {
    "id" : 1000243,
    "name" : "Highbury Stadium",
    "country" : {
      "id" : 68,
      "name" : "England"
    }
  }
}, {
  "match_id" : 3749196,
  "match_date" : "2003-11-08",
  "kick_off" : "16:00:00.000",
  "competition" : {
    "competition_id" : 2,
    "country_name" : "England",
    "competition_name" : "Premier League"
  },
  "season" : {
    "season_id" : 44,
    "season_name" : "2003/2004"
  },
  "home_team" : {
    "home_team_id" : 1,
    "home_team_name" : "Arsenal",
    "home_team_gender" : "male",
    "home_team_group" : null,
    "country" : {
      "id" : 68,
      "name" : "England"
    },
    "managers" : [ {
      "id" : 577,
      "name" : "Arsène Wenger",
      "nickname" : null,
      "dob" : "1949-10-22",
      "country" : {
        "id" : 78,
        "name" : "France"
      }
    } ]
  },
  "away_team" : {
    "away_team_id" : 38,
    "away_team_name" : "Tottenham Hotspur",
    "away_team_gender" : "male",
    "away_team_group" : null,
    "country" : {
      "id" : 68,
      "name" : "England"
    },
    "managers" : [ {
      "id" : 3533,
      "name" : "David Pleat",
      "nickname" : null,
      "dob" : "1945-01-15",
      "country" : {
        "id" : 68,
        "name" : "England"
      }
    } ]
  },
  "home_score" : 2,
  "away_score" : 1,
  "match_status" : "available",
  "match_status_360" : "scheduled",
  "last_updated" : "2020-07-29T05:00",
  "last_updated_360" : "2021-06-13T16:17:31.694",
  "metadata" : {
    "data_version" : "1.1.0",
    "shot_fidelity_version" : "2",
    "xy_fidelity_version" : "2"
  },
  "match_week" : 12,
  "competition_stage" : {
    "id" : 1,
    "name" : "Regular Season"
  },
  "stadium" : {
    "id" : 1000243,
    "name" : "Highbury Stadium",
    "country" : {
      "id" : 68,
      "name" : "England"
    }
  }
}, {
  "match_id" : 3749448,
  "match_date" : "2004-04-09",
  "kick_off" : "13:30:00.000",
  "competition" : {
    "competition_id" : 2,
    "country_name" : "England",
    "competition_name" : "Premier League"
  },
  "season" : {
    "season_id" : 44,
    "season_name" : "2003/2004"
  },
  "home_team" : {
    "home_team_id" : 1,
    "home_team_name" : "Arsenal",
    "home_team_gender" : "male",
    "home_team_group" : null,
    "country" : {
      "id" : 68,
      "name" : "England"
    }
  },
  "away_team" : {
    "away_team_id" : 24,
    "away_team_name" : "Liverpool",
    "away_team_gender" : "male",
    "away_team_group" : null,
    "country" : {
      "id" : 68,
      "name" : "England"
    }
  },
  "home_score" : 4,
  "away_score" : 2,
  "match_status" : "available",
  "match_status_360" : "scheduled",
  "last_updated" : "2020-07-29T05:00",
  "last_updated_360" : "2021-06-13T16:17:31.694",
  "metadata" : {
    "data_version" : "1.1.0",
    "shot_fidelity_version" : "2",
    "xy_fidelity_version" : "2"
  },
  "match_week" : 31,
  "competition_stage" : {
    "id" : 1,
    "name" : "Regular Season"
  },
  "stadium" : {
    "id" : 1000243,
    "name" : "Highbury Stadium",
    "country" : {
      "id" : 68,
      "name" : "England"
    }
  }
}, {
  "match_id" : 3749360,
  "match_date" : "2003-12-14",
  "kick_off" : "15:00:00.000",
  "competition" : {
    "competition_id" : 2,
    "country_name" : "England",
    "competition_name" : "Premier League"
  },
  "season" : {
    "season_id" : 44,
    "season_name" : "2003/2004"
  },
  "home_team" : {
    "home_team_id" : 1,
    "home_team_name" : "Arsenal",
    "home_team_gender" : "male",
    "home_team_group" : null,
    "country" : {
      "id" : 68,
      "name" : "England"
    },
    "managers" : [ {
      "id" : 577,
      "name" : "Arsène Wenger",
      "nickname" : null,
      "dob" : "1949-10-22",
      "country" : {
        "id" : 78,
        "name" : "France"
      }
    } ]
  },
  "away_team" : {
    "away_team_id" : 98,
    "away_team_name" : "Blackburn Rovers",
    "away_team_gender" : "male",
    "away_team_group" : null,
    "country" : {
      "id" : 68,
      "name" : "England"
    },
    "managers" : [ {
      "id" : 3548,
      "name" : "Graeme Souness",
      "nickname" : null,
      "dob" : "1953-05-06",
      "country" : {
        "id" : 201,
        "name" : "Scotland"
      }
    } ]
  },
  "home_score" : 1,
  "away_score" : 0,
  "match_status" : "available",
  "match_status_360" : "scheduled",
  "last_updated" : "2020-07-29T05:00",
  "last_updated_360" : "2021-06-13T16:17:31.694",
  "metadata" : {
    "data_version" : "1.1.0",
    "shot_fidelity_version" : "2",
    "xy_fidelity_version" : "2"
  },
  "match_week" : 16,
  "competition_stage" : {
    "id" : 1,
    "name" : "Regular Season"
  },
  "stadium" : {
    "id" : 1000243,
    "name" : "Highbury Stadium",
    "country" : {
      "id" : 68,
      "name" : "England"
    }
  }
}, {
  "match_id" : 3749453,
  "match_date" : "2004-04-16",
  "kick_off" : "21:00:00.000",
  "competition" : {
    "competition_id" : 2,
    "country_name" : "England",
    "competition_name" : "Premier League"
  },
  "season" : {
    "season_id" : 44,
    "season_name" : "2003/2004"
  },
  "home_team" : {
    "home_team_id" : 1,
    "home_team_name" : "Arsenal",
    "home_team_gender" : "male",
    "home_team_group" : null,
    "country" : {
      "id" : 68,
      "name" : "England"
    },
    "managers" : [ {
      "id" : 577,
      "name" : "Arsène Wenger",
      "nickname" : null,
      "dob" : "1949-10-22",
      "country" : {
        "id" : 78,
        "name" : "France"
      }
    } ]
  },
  "away_team" : {
    "away_team_id" : 101,
    "away_team_name" : "Leeds United",
    "away_team_gender" : "male",
    "away_team_group" : null,
    "country" : {
      "id" : 68,
      "name" : "England"
    },
    "managers" : [ {
      "id" : 3029,
      "name" : "Eddie Gray",
      "nickname" : null,
      "dob" : "1948-01-17",
      "country" : {
        "id" : 201,
        "name" : "Scotland"
      }
    } ]
  },
  "home_score" : 5,
  "away_score" : 0,
  "match_status" : "available",
  "match_status_360" : "scheduled",
  "last_updated" : "2021-11-14T22:29:00.646120",
  "last_updated_360" : "2021-06-13T16:17:31.694",
  "metadata" : {
    "data_version" : "1.1.0",
    "shot_fidelity_version" : "2",
    "xy_fidelity_version" : "2"
  },
  "match_week" : 33,
  "competition_stage" : {
    "id" : 1,
    "name" : "Regular Season"
  },
  "stadium" : {
    "id" : 1000243,
    "name" : "Highbury Stadium",
    "country" : {
      "id" : 68,
      "name" : "England"
    }
  }
}, {
  "match_id" : 3749278,
  "match_date" : "2003-12-20",
  "kick_off" : "16:00:00.000",
  "competition" : {
    "competition_id" : 2,
    "country_name" : "England",
    "competition_name" : "Premier League"
  },
  "season" : {
    "season_id" : 44,
    "season_name" : "2003/2004"
  },
  "home_team" : {
    "home_team_id" : 328,
    "home_team_name" : "Bolton Wanderers",
    "home_team_gender" : "male",
    "home_team_group" : null,
    "country" : {
      "id" : 68,
      "name" : "England"
    },
    "managers" : [ {
      "id" : 561,
      "name" : "Sam Allardyce",
      "nickname" : null,
      "dob" : "1954-10-19",
      "country" : {
        "id" : 68,
        "name" : "England"
      }
    } ]
  },
  "away_team" : {
    "away_team_id" : 1,
    "away_team_name" : "Arsenal",
    "away_team_gender" : "male",
    "away_team_group" : null,
    "country" : {
      "id" : 68,
      "name" : "England"
    },
    "managers" : [ {
      "id" : 577,
      "name" : "Arsène Wenger",
      "nickname" : null,
      "dob" : "1949-10-22",
      "country" : {
        "id" : 78,
        "name" : "France"
      }
    } ]
  },
  "home_score" : 1,
  "away_score" : 1,
  "match_status" : "available",
  "match_status_360" : "scheduled",
  "last_updated" : "2020-08-30T07:13:01.092744",
  "last_updated_360" : "2021-06-13T16:17:31.694",
  "metadata" : {
    "data_version" : "1.1.0",
    "shot_fidelity_version" : "2",
    "xy_fidelity_version" : "2"
  },
  "match_week" : 1,
  "competition_stage" : {
    "id" : 1,
    "name" : "Regular Season"
  },
  "stadium" : {
    "id" : 4843,
    "name" : "University of Bolton Stadium",
    "country" : {
      "id" : 68,
      "name" : "England"
    }
  }
}, {
  "match_id" : 3749603,
  "match_date" : "2004-05-09",
  "kick_off" : "17:05:00.000",
  "competition" : {
    "competition_id" : 2,
    "country_name" : "England",
    "competition_name" : "Premier League"
  },
  "season" : {
    "season_id" : 44,
    "season_name" : "2003/2004"
  },
  "home_team" : {
    "home_team_id" : 55,
    "home_team_name" : "Fulham",
    "home_team_gender" : "male",
    "home_team_group" : null,
    "country" : {
      "id" : 68,
      "name" : "England"
    },
    "managers" : [ {
      "id" : 403,
      "name" : "Chris Coleman",
      "nickname" : "Óscar Pareja",
      "dob" : "1970-06-10",
      "country" : {
        "id" : 249,
        "name" : "Wales"
      }
    } ]
  },
  "away_team" : {
    "away_team_id" : 1,
    "away_team_name" : "Arsenal",
    "away_team_gender" : "male",
    "away_team_group" : null,
    "country" : {
      "id" : 68,
      "name" : "England"
    },
    "managers" : [ {
      "id" : 577,
      "name" : "Arsène Wenger",
      "nickname" : null,
      "dob" : "1949-10-22",
      "country" : {
        "id" : 78,
        "name" : "France"
      }
    } ]
  },
  "home_score" : 0,
  "away_score" : 1,
  "match_status" : "available",
  "match_status_360" : "scheduled",
  "last_updated" : "2020-07-29T05:00",
  "last_updated_360" : "2021-06-13T16:17:31.694",
  "metadata" : {
    "data_version" : "1.1.0",
    "shot_fidelity_version" : "2",
    "xy_fidelity_version" : "2"
  },
  "match_week" : 2,
  "competition_stage" : {
    "id" : 1,
    "name" : "Regular Season"
  },
  "stadium" : {
    "id" : 4844,
    "name" : "Loftus Road",
    "country" : {
      "id" : 68,
      "name" : "England"
    }
  }
}, {
  "match_id" : 3749274,
  "match_date" : "2004-05-04",
  "kick_off" : "21:00:00.000",
  "competition" : {
    "competition_id" : 2,
    "country_name" : "England",
    "competition_name" : "Premier League"
  },
  "season" : {
    "season_id" : 44,
    "season_name" : "2003/2004"
  },
  "home_team" : {
    "home_team_id" : 105,
    "home_team_name" : "Portsmouth",
    "home_team_gender" : "male",
    "home_team_group" : null,
    "country" : {
      "id" : 68,
      "name" : "England"
    },
    "managers" : [ {
      "id" : 749,
      "name" : "Harry Redknapp",
      "nickname" : null,
      "dob" : "1947-03-02",
      "country" : {
        "id" : 68,
        "name" : "England"
      }
    } ]
  },
  "away_team" : {
    "away_team_id" : 1,
    "away_team_name" : "Arsenal",
    "away_team_gender" : "male",
    "away_team_group" : null,
    "country" : {
      "id" : 68,
      "name" : "England"
    },
    "managers" : [ {
      "id" : 577,
      "name" : "Arsène Wenger",
      "nickname" : null,
      "dob" : "1949-10-22",
      "country" : {
        "id" : 78,
        "name" : "France"
      }
    } ]
  },
  "home_score" : 1,
  "away_score" : 1,
  "match_status" : "available",
  "match_status_360" : "processing",
  "last_updated" : "2023-02-18T13:47:23.881760",
  "last_updated_360" : "2021-06-12T16:17:31.694",
  "metadata" : {
    "data_version" : "1.1.0",
    "shot_fidelity_version" : "2",
    "xy_fidelity_version" : "2"
  },
  "match_week" : 2,
  "competition_stage" : {
    "id" : 1,
    "name" : "Regular Season"
  },
  "referee" : {
    "id" : 669,
    "name" : "Michael Riley",
    "country" : {
      "id" : 68,
      "name" : "England"
    }
  }
}, {
  "match_id" : 3749590,
  "match_date" : "2003-12-06",
  "kick_off" : "16:00:00.000",
  "competition" : {
    "competition_id" : 2,
    "country_name" : "England",
    "competition_name" : "Premier League"
  },
  "season" : {
    "season_id" : 44,
    "season_name" : "2003/2004"
  },
  "home_team" : {
    "home_team_id" : 22,
    "home_team_name" : "Leicester City",
    "home_team_gender" : "male",
    "home_team_group" : null,
    "country" : {
      "id" : 68,
      "name" : "England"
    },
    "managers" : [ {
      "id" : 2974,
      "name" : "Micky Adams",
      "nickname" : null,
      "dob" : "1961-11-08",
      "country" : {
        "id" : 68,
        "name" : "England"
      }
    } ]
  },
  "away_team" : {
    "away_team_id" : 1,
    "away_team_name" : "Arsenal",
    "away_team_gender" : "male",
    "away_team_group" : null,
    "country" : {
      "id" : 68,
      "name" : "England"
    },
    "managers" : [ {
      "id" : 577,
      "name" : "Arsène Wenger",
      "nickname" : null,
      "dob" : "1949-10-22",
      "country" : {
        "id" : 78,
        "name" : "France"
      }
    } ]
  },
  "home_score" : 1,
  "away_score" : 1,
  "match_status" : "available",
  "match_status_360" : "processing",
  "last_updated" : "2023-03-11T10:52:12.579230",
  "last_updated_360" : "2021-06-12T16:17:31.694",
  "metadata" : {
    "data_version" : "1.1.0",
    "shot_fidelity_version" : "2",
    "xy_fidelity_version" : "2"
  },
  "match_week" : 1,
  "competition_stage" : {
    "id" : 1,
    "name" : "Regular Season"
  },
  "referee" : {
    "id" : 1008015,
    "name" : "Robert Styles",
    "country" : {
      "id" : 68,
      "name" : "England"
    }
  }
}, {
  "match_id" : 3749631,
  "match_date" : "2004-02-10",
  "kick_off" : "20:45:00.000",
  "competition" : {
    "competition_id" : 2,
    "country_name" : "England",
    "competition_name" : "Premier League"
  },
  "season" : {
    "season_id" : 44,
    "season_name" : "2003/2004"
  },
  "home_team" : {
    "home_team_id" : 1,
    "home_team_name" : "Arsenal",
    "home_team_gender" : "male",
    "home_team_group" : null,
    "country" : {
      "id" : 68,
      "name" : "England"
    },
    "managers" : [ {
      "id" : 577,
      "name" : "Arsène Wenger",
      "nickname" : null,
      "dob" : "1949-10-22",
      "country" : {
        "id" : 78,
        "name" : "France"
      }
    } ]
  },
  "away_team" : {
    "away_team_id" : 25,
    "away_team_name" : "Southampton",
    "away_team_gender" : "male",
    "away_team_group" : null,
    "country" : {
      "id" : 68,
      "name" : "England"
    },
    "managers" : [ {
      "id" : 3722,
      "name" : "Gordon Strachan",
      "nickname" : null,
      "dob" : "1957-02-09",
      "country" : {
        "id" : 201,
        "name" : "Scotland"
      }
    } ]
  },
  "home_score" : 2,
  "away_score" : 0,
  "match_status" : "available",
  "match_status_360" : "processing",
  "last_updated" : "2023-02-19T03:35:51.604001",
  "last_updated_360" : "2021-06-12T16:17:31.694",
  "metadata" : {
    "data_version" : "1.1.0",
    "shot_fidelity_version" : "2",
    "xy_fidelity_version" : "2"
  },
  "match_week" : 25,
  "competition_stage" : {
    "id" : 1,
    "name" : "Regular Season"
  },
  "referee" : {
    "id" : 1008017,
    "name" : "Neale Barry",
    "country" : {
      "id" : 68,
      "name" : "England"
    }
  }
}, {
  "match_id" : 3749117,
  "match_date" : "2004-01-07",
  "kick_off" : "21:00:00.000",
  "competition" : {
    "competition_id" : 2,
    "country_name" : "England",
    "competition_name" : "Premier League"
  },
  "season" : {
    "season_id" : 44,
    "season_name" : "2003/2004"
  },
  "home_team" : {
    "home_team_id" : 29,
    "home_team_name" : "Everton",
    "home_team_gender" : "male",
    "home_team_group" : null,
    "country" : {
      "id" : 68,
      "name" : "England"
    },
    "managers" : [ {
      "id" : 86,
      "name" : "David Moyes",
      "nickname" : null,
      "dob" : "1963-04-25",
      "country" : {
        "id" : 201,
        "name" : "Scotland"
      }
    } ]
  },
  "away_team" : {
    "away_team_id" : 1,
    "away_team_name" : "Arsenal",
    "away_team_gender" : "male",
    "away_team_group" : null,
    "country" : {
      "id" : 68,
      "name" : "England"
    },
    "managers" : [ {
      "id" : 577,
      "name" : "Arsène Wenger",
      "nickname" : null,
      "dob" : "1949-10-22",
      "country" : {
        "id" : 78,
        "name" : "France"
      }
    } ]
  },
  "home_score" : 1,
  "away_score" : 1,
  "match_status" : "available",
  "match_status_360" : "processing",
  "last_updated" : "2023-02-16T02:31:12.543902",
  "last_updated_360" : "2021-06-12T16:17:31.694",
  "metadata" : {
    "data_version" : "1.1.0",
    "shot_fidelity_version" : "2",
    "xy_fidelity_version" : "2"
  },
  "match_week" : 2,
  "competition_stage" : {
    "id" : 1,
    "name" : "Regular Season"
  },
  "referee" : {
    "id" : 1008016,
    "name" : "Alan Wiley",
    "country" : {
      "id" : 68,
      "name" : "England"
    }
  }
}, {
  "match_id" : 3749108,
  "match_date" : "2003-08-27",
  "kick_off" : "20:45:00.000",
  "competition" : {
    "competition_id" : 2,
    "country_name" : "England",
    "competition_name" : "Premier League"
  },
  "season" : {
    "season_id" : 44,
    "season_name" : "2003/2004"
  },
  "home_team" : {
    "home_team_id" : 1,
    "home_team_name" : "Arsenal",
    "home_team_gender" : "male",
    "home_team_group" : null,
    "country" : {
      "id" : 68,
      "name" : "England"
    },
    "managers" : [ {
      "id" : 577,
      "name" : "Arsène Wenger",
      "nickname" : null,
      "dob" : "1949-10-22",
      "country" : {
        "id" : 78,
        "name" : "France"
      }
    } ]
  },
  "away_team" : {
    "away_team_id" : 59,
    "away_team_name" : "Aston Villa",
    "away_team_gender" : "male",
    "away_team_group" : null,
    "country" : {
      "id" : 68,
      "name" : "England"
    },
    "managers" : [ {
      "id" : 6094,
      "name" : "David O''Leary",
      "nickname" : null,
      "dob" : "1958-05-02",
      "country" : {
        "id" : 109,
        "name" : "Ireland"
      }
    } ]
  },
  "home_score" : 2,
  "away_score" : 0,
  "match_status" : "available",
  "match_status_360" : "processing",
  "last_updated" : "2023-01-28T22:32:37.443603",
  "last_updated_360" : "2021-06-12T16:17:31.694",
  "metadata" : {
    "data_version" : "1.1.0",
    "shot_fidelity_version" : "2",
    "xy_fidelity_version" : "2"
  },
  "match_week" : 3,
  "competition_stage" : {
    "id" : 1,
    "name" : "Regular Season"
  }
}, {
  "match_id" : 3749153,
  "match_date" : "2004-01-10",
  "kick_off" : "16:00:00.000",
  "competition" : {
    "competition_id" : 2,
    "country_name" : "England",
    "competition_name" : "Premier League"
  },
  "season" : {
    "season_id" : 44,
    "season_name" : "2003/2004"
  },
  "home_team" : {
    "home_team_id" : 1,
    "home_team_name" : "Arsenal",
    "home_team_gender" : "male",
    "home_team_group" : null,
    "country" : {
      "id" : 68,
      "name" : "England"
    },
    "managers" : [ {
      "id" : 577,
      "name" : "Arsène Wenger",
      "nickname" : null,
      "dob" : "1949-10-22",
      "country" : {
        "id" : 78,
        "name" : "France"
      }
    } ]
  },
  "away_team" : {
    "away_team_id" : 47,
    "away_team_name" : "Middlesbrough",
    "away_team_gender" : "male",
    "away_team_group" : null,
    "country" : {
      "id" : 68,
      "name" : "England"
    },
    "managers" : [ {
      "id" : 40,
      "name" : "Steve McClaren",
      "nickname" : null,
      "dob" : "1961-05-03",
      "country" : {
        "id" : 68,
        "name" : "England"
      }
    } ]
  },
  "home_score" : 4,
  "away_score" : 1,
  "match_status" : "available",
  "match_status_360" : "scheduled",
  "last_updated" : "2020-08-30T08:12:14.579037",
  "last_updated_360" : "2021-06-13T16:17:31.694",
  "metadata" : {
    "data_version" : "1.1.0",
    "shot_fidelity_version" : "2",
    "xy_fidelity_version" : "2"
  },
  "match_week" : 21,
  "competition_stage" : {
    "id" : 1,
    "name" : "Regular Season"
  },
  "stadium" : {
    "id" : 1000243,
    "name" : "Highbury Stadium",
    "country" : {
      "id" : 68,
      "name" : "England"
    }
  }
}, {
  "match_id" : 3749403,
  "match_date" : "2004-03-20",
  "kick_off" : "16:00:00.000",
  "competition" : {
    "competition_id" : 2,
    "country_name" : "England",
    "competition_name" : "Premier League"
  },
  "season" : {
    "season_id" : 44,
    "season_name" : "2003/2004"
  },
  "home_team" : {
    "home_team_id" : 1,
    "home_team_name" : "Arsenal",
    "home_team_gender" : "male",
    "home_team_group" : null,
    "country" : {
      "id" : 68,
      "name" : "England"
    },
    "managers" : [ {
      "id" : 577,
      "name" : "Arsène Wenger",
      "nickname" : null,
      "dob" : "1949-10-22",
      "country" : {
        "id" : 78,
        "name" : "France"
      }
    } ]
  },
  "away_team" : {
    "away_team_id" : 328,
    "away_team_name" : "Bolton Wanderers",
    "away_team_gender" : "male",
    "away_team_group" : null,
    "country" : {
      "id" : 68,
      "name" : "England"
    },
    "managers" : [ {
      "id" : 561,
      "name" : "Sam Allardyce",
      "nickname" : null,
      "dob" : "1954-10-19",
      "country" : {
        "id" : 68,
        "name" : "England"
      }
    } ]
  },
  "home_score" : 2,
  "away_score" : 1,
  "match_status" : "available",
  "match_status_360" : "scheduled",
  "last_updated" : "2020-07-29T05:00",
  "last_updated_360" : "2021-06-13T16:17:31.694",
  "metadata" : {
    "data_version" : "1.1.0",
    "shot_fidelity_version" : "2",
    "xy_fidelity_version" : "2"
  },
  "match_week" : 29,
  "competition_stage" : {
    "id" : 1,
    "name" : "Regular Season"
  },
  "stadium" : {
    "id" : 1000243,
    "name" : "Highbury Stadium",
    "country" : {
      "id" : 68,
      "name" : "England"
    }
  }
}, {
  "match_id" : 3749526,
  "match_date" : "2003-10-26",
  "kick_off" : "15:00:00.000",
  "competition" : {
    "competition_id" : 2,
    "country_name" : "England",
    "competition_name" : "Premier League"
  },
  "season" : {
    "season_id" : 44,
    "season_name" : "2003/2004"
  },
  "home_team" : {
    "home_team_id" : 75,
    "home_team_name" : "Charlton Athletic",
    "home_team_gender" : "male",
    "home_team_group" : null,
    "country" : {
      "id" : 68,
      "name" : "England"
    },
    "managers" : [ {
      "id" : 3407,
      "name" : "Alan Curbishley",
      "nickname" : null,
      "dob" : "1957-11-08",
      "country" : {
        "id" : 68,
        "name" : "England"
      }
    } ]
  },
  "away_team" : {
    "away_team_id" : 1,
    "away_team_name" : "Arsenal",
    "away_team_gender" : "male",
    "away_team_group" : null,
    "country" : {
      "id" : 68,
      "name" : "England"
    },
    "managers" : [ {
      "id" : 577,
      "name" : "Arsène Wenger",
      "nickname" : null,
      "dob" : "1949-10-22",
      "country" : {
        "id" : 78,
        "name" : "France"
      }
    } ]
  },
  "home_score" : 1,
  "away_score" : 1,
  "match_status" : "available",
  "match_status_360" : "scheduled",
  "last_updated" : "2020-07-29T05:00",
  "last_updated_360" : "2021-06-13T16:17:31.694",
  "metadata" : {
    "data_version" : "1.1.0",
    "shot_fidelity_version" : "2",
    "xy_fidelity_version" : "2"
  },
  "match_week" : 1,
  "competition_stage" : {
    "id" : 1,
    "name" : "Regular Season"
  },
  "stadium" : {
    "id" : 31,
    "name" : "The Valley",
    "country" : {
      "id" : 68,
      "name" : "England"
    }
  }
}, {
  "match_id" : 3749431,
  "match_date" : "2004-04-11",
  "kick_off" : "17:05:00.000",
  "competition" : {
    "competition_id" : 2,
    "country_name" : "England",
    "competition_name" : "Premier League"
  },
  "season" : {
    "season_id" : 44,
    "season_name" : "2003/2004"
  },
  "home_team" : {
    "home_team_id" : 37,
    "home_team_name" : "Newcastle United",
    "home_team_gender" : "male",
    "home_team_group" : null,
    "country" : {
      "id" : 68,
      "name" : "England"
    },
    "managers" : [ {
      "id" : 3404,
      "name" : "Bobby Robson",
      "nickname" : null,
      "dob" : "1933-02-18",
      "country" : {
        "id" : 68,
        "name" : "England"
      }
    } ]
  },
  "away_team" : {
    "away_team_id" : 1,
    "away_team_name" : "Arsenal",
    "away_team_gender" : "male",
    "away_team_group" : null,
    "country" : {
      "id" : 68,
      "name" : "England"
    },
    "managers" : [ {
      "id" : 577,
      "name" : "Arsène Wenger",
      "nickname" : null,
      "dob" : "1949-10-22",
      "country" : {
        "id" : 78,
        "name" : "France"
      }
    } ]
  },
  "home_score" : 0,
  "away_score" : 0,
  "match_status" : "available",
  "match_status_360" : "scheduled",
  "last_updated" : "2020-07-29T05:00",
  "last_updated_360" : "2021-06-13T16:17:31.694",
  "metadata" : {
    "data_version" : "1.1.0",
    "shot_fidelity_version" : "2",
    "xy_fidelity_version" : "2"
  },
  "match_week" : 2,
  "competition_stage" : {
    "id" : 1,
    "name" : "Regular Season"
  },
  "stadium" : {
    "id" : 4674,
    "name" : "St. James'' Park",
    "country" : {
      "id" : 68,
      "name" : "England"
    }
  }
} ]