[ {
  "match_id" : 3750234,
  "match_date" : "1977-08-28",
  "kick_off" : "12:00:00.000",
  "competition" : {
    "competition_id" : 116,
    "country_name" : "North and Central America",
    "competition_name" : "North American League"
  },
  "season" : {
    "season_id" : 68,
    "season_name" : "1977"
  },
  "home_team" : {
    "home_team_id" : 2735,
    "home_team_name" : "NY Cosmos",
    "home_team_gender" : "male",
    "home_team_group" : null,
    "country" : {
      "id" : 241,
      "name" : "United States of America"
    }
  },
  "away_team" : {
    "away_team_id" : 488,
    "away_team_name" : "Seattle Sounders",
    "away_team_gender" : "male",
    "away_team_group" : null,
    "country" : {
      "id" : 241,
      "name" : "United States of America"
    }
  },
  "home_score" : 2,
  "away_score" : 1,
  "match_status" : "available",
  "match_status_360" : "scheduled",
  "last_updated" : "2023-07-24T09:06:54.144896",
  "last_updated_360" : "2021-06-13T16:17:31.694",
  "metadata" : {
    "data_version" : "1.1.0",
    "shot_fidelity_version" : "2",
    "xy_fidelity_version" : "2"
  },
  "match_week" : 1,
  "competition_stage" : {
    "id" : 26,
    "name" : "Final"
  },
  "stadium" : {
    "id" : 241,
    "name" : "Providence Park",
    "country" : {
      "id" : 241,
      "name" : "United States of America"
    }
  },
  "referee" : {
    "id" : 1936,
    "name" : "Toros Kibritjian",
    "country" : {
      "id" : 222,
      "name" : "Syrian Arab Republic (Syria)"
    }
  }
} ]