[ {
  "match_id" : 7476,
  "match_date" : "2018-07-08",
  "kick_off" : "01:00:00.000",
  "competition" : {
    "competition_id" : 49,
    "country_name" : "United States of America",
    "competition_name" : "NWSL"
  },
  "season" : {
    "season_id" : 3,
    "season_name" : "2018"
  },
  "home_team" : {
    "home_team_id" : 763,
    "home_team_name" : "NJ/NY Gotham FC",
    "home_team_gender" : "female",
    "home_team_group" : null,
    "country" : {
      "id" : 241,
      "name" : "United States of America"
    },
    "managers" : [ {
      "id" : 140,
      "name" : "Denise Reddy",
      "nickname" : null,
      "dob" : "1970-09-14",
      "country" : {
        "id" : 241,
        "name" : "United States of America"
      }
    } ]
  },
  "away_team" : {
    "away_team_id" : 761,
    "away_team_name" : "Chicago Red Stars",
    "away_team_gender" : "female",
    "away_team_group" : null,
    "country" : {
      "id" : 241,
      "name" : "United States of America"
    },
    "managers" : [ {
      "id" : 142,
      "name" : "Rory Dames",
      "nickname" : null,
      "dob" : "1973-02-10",
      "country" : {
        "id" : 241,
        "name" : "United States of America"
      }
    } ]
  },
  "home_score" : 1,
  "away_score" : 3,
  "match_status" : "available",
  "match_status_360" : "scheduled",
  "last_updated" : "2023-07-24T13:00:25.885388",
  "last_updated_360" : "2021-06-13T16:17:31.694",
  "metadata" : {
    "data_version" : "1.0.2"
  },
  "match_week" : 13,
  "competition_stage" : {
    "id" : 1,
    "name" : "Regular Season"
  },
  "stadium" : {
    "id" : 243,
    "name" : "Yurcak Field",
    "country" : {
      "id" : 241,
      "name" : "United States of America"
    }
  },
  "referee" : {
    "id" : 135,
    "name" : "Jasmine Peralta",
    "country" : {
      "id" : 241,
      "name" : "United States of America"
    }
  }
}, {
  "match_id" : 7482,
  "match_date" : "2018-07-12",
  "kick_off" : "01:00:00.000",
  "competition" : {
    "competition_id" : 49,
    "country_name" : "United States of America",
    "competition_name" : "NWSL"
  },
  "season" : {
    "season_id" : 3,
    "season_name" : "2018"
  },
  "home_team" : {
    "home_team_id" : 766,
    "home_team_name" : "North Carolina Courage",
    "home_team_gender" : "female",
    "home_team_group" : null,
    "country" : {
      "id" : 241,
      "name" : "United States of America"
    },
    "managers" : [ {
      "id" : 127,
      "name" : "Paul Riley",
      "nickname" : null,
      "dob" : "1963-09-23",
      "country" : {
        "id" : 68,
        "name" : "England"
      }
    } ]
  },
  "away_team" : {
    "away_team_id" : 759,
    "away_team_name" : "Washington Spirit",
    "away_team_gender" : "female",
    "away_team_group" : null,
    "country" : {
      "id" : 241,
      "name" : "United States of America"
    },
    "managers" : [ {
      "id" : 131,
      "name" : "James Gabarra",
      "nickname" : null,
      "dob" : "1959-09-22",
      "country" : {
        "id" : 241,
        "name" : "United States of America"
      }
    } ]
  },
  "home_score" : 2,
  "away_score" : 0,
  "match_status" : "available",
  "match_status_360" : "scheduled",
  "last_updated" : "2023-07-24T12:58:45.322130",
  "last_updated_360" : "2021-06-13T16:17:31.694",
  "metadata" : {
    "data_version" : "1.0.2"
  },
  "match_week" : 15,
  "competition_stage" : {
    "id" : 1,
    "name" : "Regular Season"
  },
  "stadium" : {
    "id" : 239,
    "name" : "WakeMed Soccer Park",
    "country" : {
      "id" : 241,
      "name" : "United States of America"
    }
  },
  "referee" : {
    "id" : 149,
    "name" : "Daniel Gutierrez",
    "country" : {
      "id" : 241,
      "name" : "United States of America"
    }
  }
}, {
  "match_id" : 7494,
  "match_date" : "2018-08-06",
  "kick_off" : "02:30:00.000",
  "competition" : {
    "competition_id" : 49,
    "country_name" : "United States of America",
    "competition_name" : "NWSL"
  },
  "season" : {
    "season_id" : 3,
    "season_name" : "2018"
  },
  "home_team" : {
    "home_team_id" : 762,
    "home_team_name" : "Houston Dash",
    "home_team_gender" : "female",
    "home_team_group" : null,
    "country" : {
      "id" : 241,
      "name" : "United States of America"
    },
    "managers" : [ {
      "id" : 132,
      "name" : "Vera Pauw",
      "nickname" : null,
      "dob" : "1963-01-18",
      "country" : {
        "id" : 160,
        "name" : "Netherlands"
      }
    } ]
  },
  "away_team" : {
    "away_team_id" : 767,
    "away_team_name" : "Utah Royals",
    "away_team_gender" : "female",
    "away_team_group" : null,
    "country" : {
      "id" : 241,
      "name" : "United States of America"
    },
    "managers" : [ {
      "id" : 134,
      "name" : "Laura Harvey",
      "nickname" : null,
      "dob" : "1980-05-15",
      "country" : {
        "id" : 68,
        "name" : "England"
      }
    } ]
  },
  "home_score" : 1,
  "away_score" : 2,
  "match_status" : "available",
  "match_status_360" : "scheduled",
  "last_updated" : "2023-07-24T12:56:27.574331",
  "last_updated_360" : "2021-06-13T16:17:31.694",
  "metadata" : {
    "data_version" : "1.0.2"
  },
  "match_week" : 17,
  "competition_stage" : {
    "id" : 1,
    "name" : "Regular Season"
  },
  "stadium" : {
    "id" : 4721,
    "name" : "Shell Energy Stadium",
    "country" : {
      "id" : 241,
      "name" : "United States of America"
    }
  },
  "referee" : {
    "id" : 137,
    "name" : "Rosendo Mendoza",
    "country" : {
      "id" : 241,
      "name" : "United States of America"
    }
  }
}, {
  "match_id" : 7486,
  "match_date" : "2018-07-16",
  "kick_off" : "05:00:00.000",
  "competition" : {
    "competition_id" : 49,
    "country_name" : "United States of America",
    "competition_name" : "NWSL"
  },
  "season" : {
    "season_id" : 3,
    "season_name" : "2018"
  },
  "home_team" : {
    "home_team_id" : 765,
    "home_team_name" : "Portland Thorns",
    "home_team_gender" : "female",
    "home_team_group" : null,
    "country" : {
      "id" : 241,
      "name" : "United States of America"
    },
    "managers" : [ {
      "id" : 129,
      "name" : "Mark Richard David Parsons",
      "nickname" : null,
      "dob" : "1986-08-08",
      "country" : {
        "id" : 68,
        "name" : "England"
      }
    } ]
  },
  "away_team" : {
    "away_team_id" : 762,
    "away_team_name" : "Houston Dash",
    "away_team_gender" : "female",
    "away_team_group" : null,
    "country" : {
      "id" : 241,
      "name" : "United States of America"
    },
    "managers" : [ {
      "id" : 132,
      "name" : "Vera Pauw",
      "nickname" : null,
      "dob" : "1963-01-18",
      "country" : {
        "id" : 160,
        "name" : "Netherlands"
      }
    } ]
  },
  "home_score" : 3,
  "away_score" : 1,
  "match_status" : "available",
  "match_status_360" : "scheduled",
  "last_updated" : "2023-07-24T13:00:43.699279",
  "last_updated_360" : "2021-06-13T16:17:31.694",
  "metadata" : {
    "data_version" : "1.0.2"
  },
  "match_week" : 16,
  "competition_stage" : {
    "id" : 1,
    "name" : "Regular Season"
  },
  "stadium" : {
    "id" : 241,
    "name" : "Providence Park",
    "country" : {
      "id" : 241,
      "name" : "United States of America"
    }
  },
  "referee" : {
    "id" : 156,
    "name" : "Eric Tattersall",
    "country" : {
      "id" : 241,
      "name" : "United States of America"
    }
  }
}, {
  "match_id" : 7497,
  "match_date" : "2018-08-11",
  "kick_off" : "02:00:00.000",
  "competition" : {
    "competition_id" : 49,
    "country_name" : "United States of America",
    "competition_name" : "NWSL"
  },
  "season" : {
    "season_id" : 3,
    "season_name" : "2018"
  },
  "home_team" : {
    "home_team_id" : 761,
    "home_team_name" : "Chicago Red Stars",
    "home_team_gender" : "female",
    "home_team_group" : null,
    "country" : {
      "id" : 241,
      "name" : "United States of America"
    },
    "managers" : [ {
      "id" : 142,
      "name" : "Rory Dames",
      "nickname" : null,
      "dob" : "1973-02-10",
      "country" : {
        "id" : 241,
        "name" : "United States of America"
      }
    } ]
  },
  "away_team" : {
    "away_team_id" : 766,
    "away_team_name" : "North Carolina Courage",
    "away_team_gender" : "female",
    "away_team_group" : null,
    "country" : {
      "id" : 241,
      "name" : "United States of America"
    },
    "managers" : [ {
      "id" : 127,
      "name" : "Paul Riley",
      "nickname" : null,
      "dob" : "1963-09-23",
      "country" : {
        "id" : 68,
        "name" : "England"
      }
    } ]
  },
  "home_score" : 1,
  "away_score" : 1,
  "match_status" : "available",
  "match_status_360" : "scheduled",
  "last_updated" : "2023-07-24T12:55:46.758949",
  "last_updated_360" : "2021-06-13T16:17:31.694",
  "metadata" : {
    "data_version" : "1.0.2"
  },
  "match_week" : 17,
  "competition_stage" : {
    "id" : 1,
    "name" : "Regular Season"
  },
  "stadium" : {
    "id" : 4283,
    "name" : "SeatGeek Stadium",
    "country" : {
      "id" : 241,
      "name" : "United States of America"
    }
  },
  "referee" : {
    "id" : 141,
    "name" : "Matthew Franz",
    "country" : {
      "id" : 241,
      "name" : "United States of America"
    }
  }
}, {
  "match_id" : 7430,
  "match_date" : "2018-04-15",
  "kick_off" : "01:00:00.000",
  "competition" : {
    "competition_id" : 49,
    "country_name" : "United States of America",
    "competition_name" : "NWSL"
  },
  "season" : {
    "season_id" : 3,
    "season_name" : "2018"
  },
  "home_team" : {
    "home_team_id" : 759,
    "home_team_name" : "Washington Spirit",
    "home_team_gender" : "female",
    "home_team_group" : null,
    "country" : {
      "id" : 241,
      "name" : "United States of America"
    },
    "managers" : [ {
      "id" : 131,
      "name" : "James Gabarra",
      "nickname" : null,
      "dob" : "1959-09-22",
      "country" : {
        "id" : 241,
        "name" : "United States of America"
      }
    } ]
  },
  "away_team" : {
    "away_team_id" : 766,
    "away_team_name" : "North Carolina Courage",
    "away_team_gender" : "female",
    "away_team_group" : null,
    "country" : {
      "id" : 241,
      "name" : "United States of America"
    },
    "managers" : [ {
      "id" : 127,
      "name" : "Paul Riley",
      "nickname" : null,
      "dob" : "1963-09-23",
      "country" : {
        "id" : 68,
        "name" : "England"
      }
    } ]
  },
  "home_score" : 2,
  "away_score" : 4,
  "match_status" : "available",
  "match_status_360" : "scheduled",
  "last_updated" : "2023-07-24T12:56:51.882336",
  "last_updated_360" : "2021-06-13T16:17:31.694",
  "metadata" : {
    "data_version" : "1.0.2"
  },
  "match_week" : 3,
  "competition_stage" : {
    "id" : 1,
    "name" : "Regular Season"
  },
  "stadium" : {
    "id" : 242,
    "name" : "Maureen Hendricks Field Maryland SoccerPlex",
    "country" : {
      "id" : 241,
      "name" : "United States of America"
    }
  },
  "referee" : {
    "id" : 135,
    "name" : "Jasmine Peralta",
    "country" : {
      "id" : 241,
      "name" : "United States of America"
    }
  }
}, {
  "match_id" : 7444,
  "match_date" : "2018-05-06",
  "kick_off" : "21:00:00.000",
  "competition" : {
    "competition_id" : 49,
    "country_name" : "United States of America",
    "competition_name" : "NWSL"
  },
  "season" : {
    "season_id" : 3,
    "season_name" : "2018"
  },
  "home_team" : {
    "home_team_id" : 766,
    "home_team_name" : "North Carolina Courage",
    "home_team_gender" : "female",
    "home_team_group" : null,
    "country" : {
      "id" : 241,
      "name" : "United States of America"
    },
    "managers" : [ {
      "id" : 127,
      "name" : "Paul Riley",
      "nickname" : null,
      "dob" : "1963-09-23",
      "country" : {
        "id" : 68,
        "name" : "England"
      }
    } ]
  },
  "away_team" : {
    "away_team_id" : 761,
    "away_team_name" : "Chicago Red Stars",
    "away_team_gender" : "female",
    "away_team_group" : null,
    "country" : {
      "id" : 241,
      "name" : "United States of America"
    },
    "managers" : [ {
      "id" : 142,
      "name" : "Rory Dames",
      "nickname" : null,
      "dob" : "1973-02-10",
      "country" : {
        "id" : 241,
        "name" : "United States of America"
      }
    } ]
  },
  "home_score" : 1,
  "away_score" : 1,
  "match_status" : "available",
  "match_status_360" : "scheduled",
  "last_updated" : "2023-07-24T12:53:21.850568",
  "last_updated_360" : "2021-06-13T16:17:31.694",
  "metadata" : {
    "data_version" : "1.0.2"
  },
  "match_week" : 6,
  "competition_stage" : {
    "id" : 1,
    "name" : "Regular Season"
  },
  "stadium" : {
    "id" : 239,
    "name" : "WakeMed Soccer Park",
    "country" : {
      "id" : 241,
      "name" : "United States of America"
    }
  },
  "referee" : {
    "id" : 143,
    "name" : "Marco Vega",
    "country" : {
      "id" : 241,
      "name" : "United States of America"
    }
  }
}, {
  "match_id" : 7443,
  "match_date" : "2018-05-05",
  "kick_off" : "21:30:00.000",
  "competition" : {
    "competition_id" : 49,
    "country_name" : "United States of America",
    "competition_name" : "NWSL"
  },
  "season" : {
    "season_id" : 3,
    "season_name" : "2018"
  },
  "home_team" : {
    "home_team_id" : 765,
    "home_team_name" : "Portland Thorns",
    "home_team_gender" : "female",
    "home_team_group" : null,
    "country" : {
      "id" : 241,
      "name" : "United States of America"
    },
    "managers" : [ {
      "id" : 129,
      "name" : "Mark Richard David Parsons",
      "nickname" : null,
      "dob" : "1986-08-08",
      "country" : {
        "id" : 68,
        "name" : "England"
      }
    } ]
  },
  "away_team" : {
    "away_team_id" : 760,
    "away_team_name" : "OL Reign",
    "away_team_gender" : "female",
    "away_team_group" : null,
    "country" : {
      "id" : 241,
      "name" : "United States of America"
    },
    "managers" : [ {
      "id" : 141,
      "name" : "Vlatko Andonovski",
      "nickname" : null,
      "dob" : "1976-09-14",
      "country" : {
        "id" : 241,
        "name" : "United States of America"
      }
    } ]
  },
  "home_score" : 2,
  "away_score" : 3,
  "match_status" : "available",
  "match_status_360" : "scheduled",
  "last_updated" : "2023-07-24T12:55:28.955233",
  "last_updated_360" : "2021-06-13T16:17:31.694",
  "metadata" : {
    "data_version" : "1.0.2"
  },
  "match_week" : 6,
  "competition_stage" : {
    "id" : 1,
    "name" : "Regular Season"
  },
  "stadium" : {
    "id" : 241,
    "name" : "Providence Park",
    "country" : {
      "id" : 241,
      "name" : "United States of America"
    }
  },
  "referee" : {
    "id" : 136,
    "name" : "Karen Abt",
    "country" : {
      "id" : 241,
      "name" : "United States of America"
    }
  }
}, {
  "match_id" : 7521,
  "match_date" : "2018-06-03",
  "kick_off" : "01:00:00.000",
  "competition" : {
    "competition_id" : 49,
    "country_name" : "United States of America",
    "competition_name" : "NWSL"
  },
  "season" : {
    "season_id" : 3,
    "season_name" : "2018"
  },
  "home_team" : {
    "home_team_id" : 763,
    "home_team_name" : "NJ/NY Gotham FC",
    "home_team_gender" : "female",
    "home_team_group" : null,
    "country" : {
      "id" : 241,
      "name" : "United States of America"
    },
    "managers" : [ {
      "id" : 140,
      "name" : "Denise Reddy",
      "nickname" : null,
      "dob" : "1970-09-14",
      "country" : {
        "id" : 241,
        "name" : "United States of America"
      }
    } ]
  },
  "away_team" : {
    "away_team_id" : 767,
    "away_team_name" : "Utah Royals",
    "away_team_gender" : "female",
    "away_team_group" : null,
    "country" : {
      "id" : 241,
      "name" : "United States of America"
    },
    "managers" : [ {
      "id" : 134,
      "name" : "Laura Harvey",
      "nickname" : null,
      "dob" : "1980-05-15",
      "country" : {
        "id" : 68,
        "name" : "England"
      }
    } ]
  },
  "home_score" : 1,
  "away_score" : 2,
  "match_status" : "available",
  "match_status_360" : "scheduled",
  "last_updated" : "2023-07-24T12:58:38.018552",
  "last_updated_360" : "2021-06-13T16:17:31.694",
  "metadata" : {
    "data_version" : "1.0.2"
  },
  "match_week" : 9,
  "competition_stage" : {
    "id" : 1,
    "name" : "Regular Season"
  },
  "stadium" : {
    "id" : 243,
    "name" : "Yurcak Field",
    "country" : {
      "id" : 241,
      "name" : "United States of America"
    }
  },
  "referee" : {
    "id" : 752,
    "name" : "Lorant Varga",
    "country" : {
      "id" : 241,
      "name" : "United States of America"
    }
  }
}, {
  "match_id" : 7492,
  "match_date" : "2018-08-06",
  "kick_off" : "01:30:00.000",
  "competition" : {
    "competition_id" : 49,
    "country_name" : "United States of America",
    "competition_name" : "NWSL"
  },
  "season" : {
    "season_id" : 3,
    "season_name" : "2018"
  },
  "home_team" : {
    "home_team_id" : 764,
    "home_team_name" : "Orlando Pride",
    "home_team_gender" : "female",
    "home_team_group" : null,
    "country" : {
      "id" : 241,
      "name" : "United States of America"
    },
    "managers" : [ {
      "id" : 130,
      "name" : "Tom Sermanni",
      "nickname" : null,
      "dob" : "1954-07-01",
      "country" : {
        "id" : 201,
        "name" : "Scotland"
      }
    } ]
  },
  "away_team" : {
    "away_team_id" : 763,
    "away_team_name" : "NJ/NY Gotham FC",
    "away_team_gender" : "female",
    "away_team_group" : null,
    "country" : {
      "id" : 241,
      "name" : "United States of America"
    },
    "managers" : [ {
      "id" : 140,
      "name" : "Denise Reddy",
      "nickname" : null,
      "dob" : "1970-09-14",
      "country" : {
        "id" : 241,
        "name" : "United States of America"
      }
    } ]
  },
  "home_score" : 2,
  "away_score" : 2,
  "match_status" : "available",
  "match_status_360" : "scheduled",
  "last_updated" : "2023-07-24T12:59:00.523812",
  "last_updated_360" : "2021-06-13T16:17:31.694",
  "metadata" : {
    "data_version" : "1.0.2"
  },
  "match_week" : 19,
  "competition_stage" : {
    "id" : 1,
    "name" : "Regular Season"
  },
  "stadium" : {
    "id" : 4725,
    "name" : "Exploria Stadium",
    "country" : {
      "id" : 241,
      "name" : "United States of America"
    }
  },
  "referee" : {
    "id" : 152,
    "name" : "Luis Guardia",
    "country" : {
      "id" : 241,
      "name" : "United States of America"
    }
  }
}, {
  "match_id" : 7524,
  "match_date" : "2018-07-12",
  "kick_off" : "02:30:00.000",
  "competition" : {
    "competition_id" : 49,
    "country_name" : "United States of America",
    "competition_name" : "NWSL"
  },
  "season" : {
    "season_id" : 3,
    "season_name" : "2018"
  },
  "home_team" : {
    "home_team_id" : 762,
    "home_team_name" : "Houston Dash",
    "home_team_gender" : "female",
    "home_team_group" : null,
    "country" : {
      "id" : 241,
      "name" : "United States of America"
    },
    "managers" : [ {
      "id" : 132,
      "name" : "Vera Pauw",
      "nickname" : null,
      "dob" : "1963-01-18",
      "country" : {
        "id" : 160,
        "name" : "Netherlands"
      }
    } ]
  },
  "away_team" : {
    "away_team_id" : 764,
    "away_team_name" : "Orlando Pride",
    "away_team_gender" : "female",
    "away_team_group" : null,
    "country" : {
      "id" : 241,
      "name" : "United States of America"
    },
    "managers" : [ {
      "id" : 130,
      "name" : "Tom Sermanni",
      "nickname" : null,
      "dob" : "1954-07-01",
      "country" : {
        "id" : 201,
        "name" : "Scotland"
      }
    } ]
  },
  "home_score" : 3,
  "away_score" : 1,
  "match_status" : "available",
  "match_status_360" : "scheduled",
  "last_updated" : "2022-11-22T00:50:34.050564",
  "last_updated_360" : "2021-06-13T16:17:31.694",
  "metadata" : {
    "data_version" : "1.0.2"
  },
  "match_week" : 14,
  "competition_stage" : {
    "id" : 1,
    "name" : "Regular Season"
  },
  "stadium" : {
    "id" : 4721,
    "name" : "Shell Energy Stadium",
    "country" : {
      "id" : 241,
      "name" : "United States of America"
    }
  },
  "referee" : {
    "id" : 151,
    "name" : "Christina Unkel",
    "country" : {
      "id" : 241,
      "name" : "United States of America"
    }
  }
}, {
  "match_id" : 7496,
  "match_date" : "2018-08-09",
  "kick_off" : "04:00:00.000",
  "competition" : {
    "competition_id" : 49,
    "country_name" : "United States of America",
    "competition_name" : "NWSL"
  },
  "season" : {
    "season_id" : 3,
    "season_name" : "2018"
  },
  "home_team" : {
    "home_team_id" : 767,
    "home_team_name" : "Utah Royals",
    "home_team_gender" : "female",
    "home_team_group" : null,
    "country" : {
      "id" : 241,
      "name" : "United States of America"
    },
    "managers" : [ {
      "id" : 134,
      "name" : "Laura Harvey",
      "nickname" : null,
      "dob" : "1980-05-15",
      "country" : {
        "id" : 68,
        "name" : "England"
      }
    } ]
  },
  "away_team" : {
    "away_team_id" : 759,
    "away_team_name" : "Washington Spirit",
    "away_team_gender" : "female",
    "away_team_group" : null,
    "country" : {
      "id" : 241,
      "name" : "United States of America"
    },
    "managers" : [ {
      "id" : 131,
      "name" : "James Gabarra",
      "nickname" : null,
      "dob" : "1959-09-22",
      "country" : {
        "id" : 241,
        "name" : "United States of America"
      }
    } ]
  },
  "home_score" : 1,
  "away_score" : 0,
  "match_status" : "available",
  "match_status_360" : "scheduled",
  "last_updated" : "2023-07-24T12:54:51.733474",
  "last_updated_360" : "2021-06-13T16:17:31.694",
  "metadata" : {
    "data_version" : "1.0.2"
  },
  "match_week" : 19,
  "competition_stage" : {
    "id" : 1,
    "name" : "Regular Season"
  },
  "stadium" : {
    "id" : 4679,
    "name" : "America First Field",
    "country" : {
      "id" : 241,
      "name" : "United States of America"
    }
  },
  "referee" : {
    "id" : 750,
    "name" : "Timothy Ford",
    "country" : {
      "id" : 241,
      "name" : "United States of America"
    }
  }
}, {
  "match_id" : 7523,
  "match_date" : "2018-06-04",
  "kick_off" : "03:00:00.000",
  "competition" : {
    "competition_id" : 49,
    "country_name" : "United States of America",
    "competition_name" : "NWSL"
  },
  "season" : {
    "season_id" : 3,
    "season_name" : "2018"
  },
  "home_team" : {
    "home_team_id" : 760,
    "home_team_name" : "OL Reign",
    "home_team_gender" : "female",
    "home_team_group" : null,
    "country" : {
      "id" : 241,
      "name" : "United States of America"
    },
    "managers" : [ {
      "id" : 141,
      "name" : "Vlatko Andonovski",
      "nickname" : null,
      "dob" : "1976-09-14",
      "country" : {
        "id" : 241,
        "name" : "United States of America"
      }
    } ]
  },
  "away_team" : {
    "away_team_id" : 764,
    "away_team_name" : "Orlando Pride",
    "away_team_gender" : "female",
    "away_team_group" : null,
    "country" : {
      "id" : 241,
      "name" : "United States of America"
    },
    "managers" : [ {
      "id" : 130,
      "name" : "Tom Sermanni",
      "nickname" : null,
      "dob" : "1954-07-01",
      "country" : {
        "id" : 201,
        "name" : "Scotland"
      }
    } ]
  },
  "home_score" : 0,
  "away_score" : 0,
  "match_status" : "available",
  "match_status_360" : "scheduled",
  "last_updated" : "2023-07-24T12:52:53.721084",
  "last_updated_360" : "2021-06-13T16:17:31.694",
  "metadata" : {
    "data_version" : "1.0.2"
  },
  "match_week" : 10,
  "competition_stage" : {
    "id" : 1,
    "name" : "Regular Season"
  },
  "stadium" : {
    "id" : 244,
    "name" : "UW Medicine Pitch at Memorial Stadium",
    "country" : {
      "id" : 241,
      "name" : "United States of America"
    }
  },
  "referee" : {
    "id" : 134,
    "name" : "Danielle Chesky",
    "country" : {
      "id" : 241,
      "name" : "United States of America"
    }
  }
}, {
  "match_id" : 7520,
  "match_date" : "2018-06-03",
  "kick_off" : "03:00:00.000",
  "competition" : {
    "competition_id" : 49,
    "country_name" : "United States of America",
    "competition_name" : "NWSL"
  },
  "season" : {
    "season_id" : 3,
    "season_name" : "2018"
  },
  "home_team" : {
    "home_team_id" : 759,
    "home_team_name" : "Washington Spirit",
    "home_team_gender" : "female",
    "home_team_group" : null,
    "country" : {
      "id" : 241,
      "name" : "United States of America"
    },
    "managers" : [ {
      "id" : 131,
      "name" : "James Gabarra",
      "nickname" : null,
      "dob" : "1959-09-22",
      "country" : {
        "id" : 241,
        "name" : "United States of America"
      }
    } ]
  },
  "away_team" : {
    "away_team_id" : 761,
    "away_team_name" : "Chicago Red Stars",
    "away_team_gender" : "female",
    "away_team_group" : null,
    "country" : {
      "id" : 241,
      "name" : "United States of America"
    },
    "managers" : [ {
      "id" : 142,
      "name" : "Rory Dames",
      "nickname" : null,
      "dob" : "1973-02-10",
      "country" : {
        "id" : 241,
        "name" : "United States of America"
      }
    } ]
  },
  "home_score" : 0,
  "away_score" : 2,
  "match_status" : "available",
  "match_status_360" : "scheduled",
  "last_updated" : "2023-07-24T12:53:05.316054",
  "last_updated_360" : "2021-06-13T16:17:31.694",
  "metadata" : {
    "data_version" : "1.0.2"
  },
  "match_week" : 9,
  "competition_stage" : {
    "id" : 1,
    "name" : "Regular Season"
  },
  "stadium" : {
    "id" : 242,
    "name" : "Maureen Hendricks Field Maryland SoccerPlex",
    "country" : {
      "id" : 241,
      "name" : "United States of America"
    }
  },
  "referee" : {
    "id" : 136,
    "name" : "Karen Abt",
    "country" : {
      "id" : 241,
      "name" : "United States of America"
    }
  }
}, {
  "match_id" : 7493,
  "match_date" : "2018-08-06",
  "kick_off" : "03:00:00.000",
  "competition" : {
    "competition_id" : 49,
    "country_name" : "United States of America",
    "competition_name" : "NWSL"
  },
  "season" : {
    "season_id" : 3,
    "season_name" : "2018"
  },
  "home_team" : {
    "home_team_id" : 760,
    "home_team_name" : "OL Reign",
    "home_team_gender" : "female",
    "home_team_group" : null,
    "country" : {
      "id" : 241,
      "name" : "United States of America"
    },
    "managers" : [ {
      "id" : 141,
      "name" : "Vlatko Andonovski",
      "nickname" : null,
      "dob" : "1976-09-14",
      "country" : {
        "id" : 241,
        "name" : "United States of America"
      }
    } ]
  },
  "away_team" : {
    "away_team_id" : 759,
    "away_team_name" : "Washington Spirit",
    "away_team_gender" : "female",
    "away_team_group" : null,
    "country" : {
      "id" : 241,
      "name" : "United States of America"
    },
    "managers" : [ {
      "id" : 131,
      "name" : "James Gabarra",
      "nickname" : null,
      "dob" : "1959-09-22",
      "country" : {
        "id" : 241,
        "name" : "United States of America"
      }
    } ]
  },
  "home_score" : 2,
  "away_score" : 0,
  "match_status" : "available",
  "match_status_360" : "scheduled",
  "last_updated" : "2023-07-24T12:57:51.310326",
  "last_updated_360" : "2021-06-13T16:17:31.694",
  "metadata" : {
    "data_version" : "1.0.2"
  },
  "match_week" : 17,
  "competition_stage" : {
    "id" : 1,
    "name" : "Regular Season"
  },
  "stadium" : {
    "id" : 244,
    "name" : "UW Medicine Pitch at Memorial Stadium",
    "country" : {
      "id" : 241,
      "name" : "United States of America"
    }
  },
  "referee" : {
    "id" : 155,
    "name" : "Mark Allatin",
    "country" : {
      "id" : 241,
      "name" : "United States of America"
    }
  }
}, {
  "match_id" : 7500,
  "match_date" : "2018-08-12",
  "kick_off" : "01:30:00.000",
  "competition" : {
    "competition_id" : 49,
    "country_name" : "United States of America",
    "competition_name" : "NWSL"
  },
  "season" : {
    "season_id" : 3,
    "season_name" : "2018"
  },
  "home_team" : {
    "home_team_id" : 764,
    "home_team_name" : "Orlando Pride",
    "home_team_gender" : "female",
    "home_team_group" : null,
    "country" : {
      "id" : 241,
      "name" : "United States of America"
    },
    "managers" : [ {
      "id" : 130,
      "name" : "Tom Sermanni",
      "nickname" : null,
      "dob" : "1954-07-01",
      "country" : {
        "id" : 201,
        "name" : "Scotland"
      }
    } ]
  },
  "away_team" : {
    "away_team_id" : 765,
    "away_team_name" : "Portland Thorns",
    "away_team_gender" : "female",
    "away_team_group" : null,
    "country" : {
      "id" : 241,
      "name" : "United States of America"
    },
    "managers" : [ {
      "id" : 129,
      "name" : "Mark Richard David Parsons",
      "nickname" : null,
      "dob" : "1986-08-08",
      "country" : {
        "id" : 68,
        "name" : "England"
      }
    } ]
  },
  "home_score" : 0,
  "away_score" : 2,
  "match_status" : "available",
  "match_status_360" : "scheduled",
  "last_updated" : "2023-07-24T13:01:22.094587",
  "last_updated_360" : "2021-06-13T16:17:31.694",
  "metadata" : {
    "data_version" : "1.0.2"
  },
  "match_week" : 20,
  "competition_stage" : {
    "id" : 1,
    "name" : "Regular Season"
  },
  "stadium" : {
    "id" : 4725,
    "name" : "Exploria Stadium",
    "country" : {
      "id" : 241,
      "name" : "United States of America"
    }
  },
  "referee" : {
    "id" : 751,
    "name" : "Katja Koroleva",
    "country" : {
      "id" : 241,
      "name" : "United States of America"
    }
  }
}, {
  "match_id" : 7519,
  "match_date" : "2018-05-31",
  "kick_off" : "04:30:00.000",
  "competition" : {
    "competition_id" : 49,
    "country_name" : "United States of America",
    "competition_name" : "NWSL"
  },
  "season" : {
    "season_id" : 3,
    "season_name" : "2018"
  },
  "home_team" : {
    "home_team_id" : 765,
    "home_team_name" : "Portland Thorns",
    "home_team_gender" : "female",
    "home_team_group" : null,
    "country" : {
      "id" : 241,
      "name" : "United States of America"
    },
    "managers" : [ {
      "id" : 129,
      "name" : "Mark Richard David Parsons",
      "nickname" : null,
      "dob" : "1986-08-08",
      "country" : {
        "id" : 68,
        "name" : "England"
      }
    } ]
  },
  "away_team" : {
    "away_team_id" : 766,
    "away_team_name" : "North Carolina Courage",
    "away_team_gender" : "female",
    "away_team_group" : null,
    "country" : {
      "id" : 241,
      "name" : "United States of America"
    },
    "managers" : [ {
      "id" : 127,
      "name" : "Paul Riley",
      "nickname" : null,
      "dob" : "1963-09-23",
      "country" : {
        "id" : 68,
        "name" : "England"
      }
    } ]
  },
  "home_score" : 1,
  "away_score" : 4,
  "match_status" : "available",
  "match_status_360" : "scheduled",
  "last_updated" : "2023-04-19T10:27:53.868767",
  "last_updated_360" : "2021-06-13T16:17:31.694",
  "metadata" : {
    "data_version" : "1.0.2"
  },
  "match_week" : 11,
  "competition_stage" : {
    "id" : 1,
    "name" : "Regular Season"
  },
  "stadium" : {
    "id" : 241,
    "name" : "Providence Park",
    "country" : {
      "id" : 241,
      "name" : "United States of America"
    }
  },
  "referee" : {
    "id" : 441,
    "name" : "Joe Dickerson",
    "country" : {
      "id" : 241,
      "name" : "United States of America"
    }
  }
}, {
  "match_id" : 7473,
  "match_date" : "2018-07-01",
  "kick_off" : "04:00:00.000",
  "competition" : {
    "competition_id" : 49,
    "country_name" : "United States of America",
    "competition_name" : "NWSL"
  },
  "season" : {
    "season_id" : 3,
    "season_name" : "2018"
  },
  "home_team" : {
    "home_team_id" : 767,
    "home_team_name" : "Utah Royals",
    "home_team_gender" : "female",
    "home_team_group" : null,
    "country" : {
      "id" : 241,
      "name" : "United States of America"
    },
    "managers" : [ {
      "id" : 134,
      "name" : "Laura Harvey",
      "nickname" : null,
      "dob" : "1980-05-15",
      "country" : {
        "id" : 68,
        "name" : "England"
      }
    } ]
  },
  "away_team" : {
    "away_team_id" : 763,
    "away_team_name" : "NJ/NY Gotham FC",
    "away_team_gender" : "female",
    "away_team_group" : null,
    "country" : {
      "id" : 241,
      "name" : "United States of America"
    },
    "managers" : [ {
      "id" : 140,
      "name" : "Denise Reddy",
      "nickname" : null,
      "dob" : "1970-09-14",
      "country" : {
        "id" : 241,
        "name" : "United States of America"
      }
    } ]
  },
  "home_score" : 3,
  "away_score" : 1,
  "match_status" : "available",
  "match_status_360" : "scheduled",
  "last_updated" : "2023-07-24T12:54:39.623570",
  "last_updated_360" : "2021-06-13T16:17:31.694",
  "metadata" : {
    "data_version" : "1.0.2"
  },
  "match_week" : 13,
  "competition_stage" : {
    "id" : 1,
    "name" : "Regular Season"
  },
  "stadium" : {
    "id" : 4679,
    "name" : "America First Field",
    "country" : {
      "id" : 241,
      "name" : "United States of America"
    }
  },
  "referee" : {
    "id" : 332,
    "name" : "Víctor Rivas",
    "country" : {
      "id" : 241,
      "name" : "United States of America"
    }
  }
}, {
  "match_id" : 7522,
  "match_date" : "2018-06-04",
  "kick_off" : "01:00:00.000",
  "competition" : {
    "competition_id" : 49,
    "country_name" : "United States of America",
    "competition_name" : "NWSL"
  },
  "season" : {
    "season_id" : 3,
    "season_name" : "2018"
  },
  "home_team" : {
    "home_team_id" : 762,
    "home_team_name" : "Houston Dash",
    "home_team_gender" : "female",
    "home_team_group" : null,
    "country" : {
      "id" : 241,
      "name" : "United States of America"
    },
    "managers" : [ {
      "id" : 132,
      "name" : "Vera Pauw",
      "nickname" : null,
      "dob" : "1963-01-18",
      "country" : {
        "id" : 160,
        "name" : "Netherlands"
      }
    } ]
  },
  "away_team" : {
    "away_team_id" : 766,
    "away_team_name" : "North Carolina Courage",
    "away_team_gender" : "female",
    "away_team_group" : null,
    "country" : {
      "id" : 241,
      "name" : "United States of America"
    },
    "managers" : [ {
      "id" : 127,
      "name" : "Paul Riley",
      "nickname" : null,
      "dob" : "1963-09-23",
      "country" : {
        "id" : 68,
        "name" : "England"
      }
    } ]
  },
  "home_score" : 1,
  "away_score" : 1,
  "match_status" : "available",
  "match_status_360" : "scheduled",
  "last_updated" : "2023-04-19T10:28:36.824565",
  "last_updated_360" : "2021-06-13T16:17:31.694",
  "metadata" : {
    "data_version" : "1.0.2"
  },
  "match_week" : 10,
  "competition_stage" : {
    "id" : 1,
    "name" : "Regular Season"
  },
  "stadium" : {
    "id" : 4721,
    "name" : "Shell Energy Stadium",
    "country" : {
      "id" : 241,
      "name" : "United States of America"
    }
  },
  "referee" : {
    "id" : 158,
    "name" : "Natalie Simon",
    "country" : {
      "id" : 241,
      "name" : "United States of America"
    }
  }
}, {
  "match_id" : 7484,
  "match_date" : "2018-07-15",
  "kick_off" : "01:00:00.000",
  "competition" : {
    "competition_id" : 49,
    "country_name" : "United States of America",
    "competition_name" : "NWSL"
  },
  "season" : {
    "season_id" : 3,
    "season_name" : "2018"
  },
  "home_team" : {
    "home_team_id" : 763,
    "home_team_name" : "NJ/NY Gotham FC",
    "home_team_gender" : "female",
    "home_team_group" : null,
    "country" : {
      "id" : 241,
      "name" : "United States of America"
    },
    "managers" : [ {
      "id" : 140,
      "name" : "Denise Reddy",
      "nickname" : null,
      "dob" : "1970-09-14",
      "country" : {
        "id" : 241,
        "name" : "United States of America"
      }
    } ]
  },
  "away_team" : {
    "away_team_id" : 766,
    "away_team_name" : "North Carolina Courage",
    "away_team_gender" : "female",
    "away_team_group" : null,
    "country" : {
      "id" : 241,
      "name" : "United States of America"
    },
    "managers" : [ {
      "id" : 127,
      "name" : "Paul Riley",
      "nickname" : null,
      "dob" : "1963-09-23",
      "country" : {
        "id" : 68,
        "name" : "England"
      }
    } ]
  },
  "home_score" : 0,
  "away_score" : 4,
  "match_status" : "available",
  "match_status_360" : "scheduled",
  "last_updated" : "2023-07-24T12:59:31.172214",
  "last_updated_360" : "2021-06-13T16:17:31.694",
  "metadata" : {
    "data_version" : "1.0.2"
  },
  "match_week" : 14,
  "competition_stage" : {
    "id" : 1,
    "name" : "Regular Season"
  },
  "stadium" : {
    "id" : 243,
    "name" : "Yurcak Field",
    "country" : {
      "id" : 241,
      "name" : "United States of America"
    }
  },
  "referee" : {
    "id" : 134,
    "name" : "Danielle Chesky",
    "country" : {
      "id" : 241,
      "name" : "United States of America"
    }
  }
}, {
  "match_id" : 7475,
  "match_date" : "2018-07-05",
  "kick_off" : "01:00:00.000",
  "competition" : {
    "competition_id" : 49,
    "country_name" : "United States of America",
    "competition_name" : "NWSL"
  },
  "season" : {
    "season_id" : 3,
    "season_name" : "2018"
  },
  "home_team" : {
    "home_team_id" : 766,
    "home_team_name" : "North Carolina Courage",
    "home_team_gender" : "female",
    "home_team_group" : null,
    "country" : {
      "id" : 241,
      "name" : "United States of America"
    },
    "managers" : [ {
      "id" : 127,
      "name" : "Paul Riley",
      "nickname" : null,
      "dob" : "1963-09-23",
      "country" : {
        "id" : 68,
        "name" : "England"
      }
    } ]
  },
  "away_team" : {
    "away_team_id" : 761,
    "away_team_name" : "Chicago Red Stars",
    "away_team_gender" : "female",
    "away_team_group" : null,
    "country" : {
      "id" : 241,
      "name" : "United States of America"
    },
    "managers" : [ {
      "id" : 142,
      "name" : "Rory Dames",
      "nickname" : null,
      "dob" : "1973-02-10",
      "country" : {
        "id" : 241,
        "name" : "United States of America"
      }
    } ]
  },
  "home_score" : 4,
  "away_score" : 1,
  "match_status" : "available",
  "match_status_360" : "scheduled",
  "last_updated" : "2023-07-24T12:52:31.140629",
  "last_updated_360" : "2021-06-13T16:17:31.694",
  "metadata" : {
    "data_version" : "1.0.2"
  },
  "match_week" : 14,
  "competition_stage" : {
    "id" : 1,
    "name" : "Regular Season"
  },
  "stadium" : {
    "id" : 239,
    "name" : "WakeMed Soccer Park",
    "country" : {
      "id" : 241,
      "name" : "United States of America"
    }
  },
  "referee" : {
    "id" : 141,
    "name" : "Matthew Franz",
    "country" : {
      "id" : 241,
      "name" : "United States of America"
    }
  }
}, {
  "match_id" : 7457,
  "match_date" : "2018-05-24",
  "kick_off" : "01:30:00.000",
  "competition" : {
    "competition_id" : 49,
    "country_name" : "United States of America",
    "competition_name" : "NWSL"
  },
  "season" : {
    "season_id" : 3,
    "season_name" : "2018"
  },
  "home_team" : {
    "home_team_id" : 764,
    "home_team_name" : "Orlando Pride",
    "home_team_gender" : "female",
    "home_team_group" : null,
    "country" : {
      "id" : 241,
      "name" : "United States of America"
    },
    "managers" : [ {
      "id" : 130,
      "name" : "Tom Sermanni",
      "nickname" : null,
      "dob" : "1954-07-01",
      "country" : {
        "id" : 201,
        "name" : "Scotland"
      }
    } ]
  },
  "away_team" : {
    "away_team_id" : 766,
    "away_team_name" : "North Carolina Courage",
    "away_team_gender" : "female",
    "away_team_group" : null,
    "country" : {
      "id" : 241,
      "name" : "United States of America"
    },
    "managers" : [ {
      "id" : 127,
      "name" : "Paul Riley",
      "nickname" : null,
      "dob" : "1963-09-23",
      "country" : {
        "id" : 68,
        "name" : "England"
      }
    } ]
  },
  "home_score" : 3,
  "away_score" : 4,
  "match_status" : "available",
  "match_status_360" : "scheduled",
  "last_updated" : "2023-04-19T10:27:13.723555",
  "last_updated_360" : "2021-06-13T16:17:31.694",
  "metadata" : {
    "data_version" : "1.0.2"
  },
  "match_week" : 9,
  "competition_stage" : {
    "id" : 1,
    "name" : "Regular Season"
  },
  "stadium" : {
    "id" : 4725,
    "name" : "Exploria Stadium",
    "country" : {
      "id" : 241,
      "name" : "United States of America"
    }
  },
  "referee" : {
    "id" : 151,
    "name" : "Christina Unkel",
    "country" : {
      "id" : 241,
      "name" : "United States of America"
    }
  }
}, {
  "match_id" : 7445,
  "match_date" : "2018-05-06",
  "kick_off" : "03:00:00.000",
  "competition" : {
    "competition_id" : 49,
    "country_name" : "United States of America",
    "competition_name" : "NWSL"
  },
  "season" : {
    "season_id" : 3,
    "season_name" : "2018"
  },
  "home_team" : {
    "home_team_id" : 767,
    "home_team_name" : "Utah Royals",
    "home_team_gender" : "female",
    "home_team_group" : null,
    "country" : {
      "id" : 241,
      "name" : "United States of America"
    },
    "managers" : [ {
      "id" : 134,
      "name" : "Laura Harvey",
      "nickname" : null,
      "dob" : "1980-05-15",
      "country" : {
        "id" : 68,
        "name" : "England"
      }
    } ]
  },
  "away_team" : {
    "away_team_id" : 759,
    "away_team_name" : "Washington Spirit",
    "away_team_gender" : "female",
    "away_team_group" : null,
    "country" : {
      "id" : 241,
      "name" : "United States of America"
    },
    "managers" : [ {
      "id" : 131,
      "name" : "James Gabarra",
      "nickname" : null,
      "dob" : "1959-09-22",
      "country" : {
        "id" : 241,
        "name" : "United States of America"
      }
    } ]
  },
  "home_score" : 2,
  "away_score" : 0,
  "match_status" : "available",
  "match_status_360" : "scheduled",
  "last_updated" : "2023-07-24T12:53:59.402362",
  "last_updated_360" : "2021-06-13T16:17:31.694",
  "metadata" : {
    "data_version" : "1.0.2"
  },
  "match_week" : 6,
  "competition_stage" : {
    "id" : 1,
    "name" : "Regular Season"
  },
  "stadium" : {
    "id" : 4679,
    "name" : "America First Field",
    "country" : {
      "id" : 241,
      "name" : "United States of America"
    }
  },
  "referee" : {
    "id" : 147,
    "name" : "Reyna Fonseca",
    "country" : {
      "id" : 241,
      "name" : "United States of America"
    }
  }
}, {
  "match_id" : 7490,
  "match_date" : "2018-07-22",
  "kick_off" : "01:00:00.000",
  "competition" : {
    "competition_id" : 49,
    "country_name" : "United States of America",
    "competition_name" : "NWSL"
  },
  "season" : {
    "season_id" : 3,
    "season_name" : "2018"
  },
  "home_team" : {
    "home_team_id" : 763,
    "home_team_name" : "NJ/NY Gotham FC",
    "home_team_gender" : "female",
    "home_team_group" : null,
    "country" : {
      "id" : 241,
      "name" : "United States of America"
    },
    "managers" : [ {
      "id" : 140,
      "name" : "Denise Reddy",
      "nickname" : null,
      "dob" : "1970-09-14",
      "country" : {
        "id" : 241,
        "name" : "United States of America"
      }
    } ]
  },
  "away_team" : {
    "away_team_id" : 765,
    "away_team_name" : "Portland Thorns",
    "away_team_gender" : "female",
    "away_team_group" : null,
    "country" : {
      "id" : 241,
      "name" : "United States of America"
    },
    "managers" : [ {
      "id" : 129,
      "name" : "Mark Richard David Parsons",
      "nickname" : null,
      "dob" : "1986-08-08",
      "country" : {
        "id" : 68,
        "name" : "England"
      }
    } ]
  },
  "home_score" : 1,
  "away_score" : 2,
  "match_status" : "available",
  "match_status_360" : "scheduled",
  "last_updated" : "2023-07-24T12:55:07.847244",
  "last_updated_360" : "2021-06-13T16:17:31.694",
  "metadata" : {
    "data_version" : "1.0.2"
  },
  "match_week" : 15,
  "competition_stage" : {
    "id" : 1,
    "name" : "Regular Season"
  },
  "stadium" : {
    "id" : 243,
    "name" : "Yurcak Field",
    "country" : {
      "id" : 241,
      "name" : "United States of America"
    }
  },
  "referee" : {
    "id" : 147,
    "name" : "Reyna Fonseca",
    "country" : {
      "id" : 241,
      "name" : "United States of America"
    }
  }
}, {
  "match_id" : 7479,
  "match_date" : "2018-07-08",
  "kick_off" : "01:30:00.000",
  "competition" : {
    "competition_id" : 49,
    "country_name" : "United States of America",
    "competition_name" : "NWSL"
  },
  "season" : {
    "season_id" : 3,
    "season_name" : "2018"
  },
  "home_team" : {
    "home_team_id" : 764,
    "home_team_name" : "Orlando Pride",
    "home_team_gender" : "female",
    "home_team_group" : null,
    "country" : {
      "id" : 241,
      "name" : "United States of America"
    },
    "managers" : [ {
      "id" : 130,
      "name" : "Tom Sermanni",
      "nickname" : null,
      "dob" : "1954-07-01",
      "country" : {
        "id" : 201,
        "name" : "Scotland"
      }
    } ]
  },
  "away_team" : {
    "away_team_id" : 759,
    "away_team_name" : "Washington Spirit",
    "away_team_gender" : "female",
    "away_team_group" : null,
    "country" : {
      "id" : 241,
      "name" : "United States of America"
    },
    "managers" : [ {
      "id" : 131,
      "name" : "James Gabarra",
      "nickname" : null,
      "dob" : "1959-09-22",
      "country" : {
        "id" : 241,
        "name" : "United States of America"
      }
    } ]
  },
  "home_score" : 2,
  "away_score" : 1,
  "match_status" : "available",
  "match_status_360" : "scheduled",
  "last_updated" : "2023-07-24T12:57:23.996678",
  "last_updated_360" : "2021-06-13T16:17:31.694",
  "metadata" : {
    "data_version" : "1.0.2"
  },
  "match_week" : 16,
  "competition_stage" : {
    "id" : 1,
    "name" : "Regular Season"
  },
  "stadium" : {
    "id" : 4725,
    "name" : "Exploria Stadium",
    "country" : {
      "id" : 241,
      "name" : "United States of America"
    }
  },
  "referee" : {
    "id" : 134,
    "name" : "Danielle Chesky",
    "country" : {
      "id" : 241,
      "name" : "United States of America"
    }
  }
}, {
  "match_id" : 7478,
  "match_date" : "2018-07-08",
  "kick_off" : "04:00:00.000",
  "competition" : {
    "competition_id" : 49,
    "country_name" : "United States of America",
    "competition_name" : "NWSL"
  },
  "season" : {
    "season_id" : 3,
    "season_name" : "2018"
  },
  "home_team" : {
    "home_team_id" : 760,
    "home_team_name" : "OL Reign",
    "home_team_gender" : "female",
    "home_team_group" : null,
    "country" : {
      "id" : 241,
      "name" : "United States of America"
    },
    "managers" : [ {
      "id" : 141,
      "name" : "Vlatko Andonovski",
      "nickname" : null,
      "dob" : "1976-09-14",
      "country" : {
        "id" : 241,
        "name" : "United States of America"
      }
    } ]
  },
  "away_team" : {
    "away_team_id" : 762,
    "away_team_name" : "Houston Dash",
    "away_team_gender" : "female",
    "away_team_group" : null,
    "country" : {
      "id" : 241,
      "name" : "United States of America"
    },
    "managers" : [ {
      "id" : 132,
      "name" : "Vera Pauw",
      "nickname" : null,
      "dob" : "1963-01-18",
      "country" : {
        "id" : 160,
        "name" : "Netherlands"
      }
    } ]
  },
  "home_score" : 3,
  "away_score" : 1,
  "match_status" : "available",
  "match_status_360" : "scheduled",
  "last_updated" : "2023-07-24T12:56:54.616297",
  "last_updated_360" : "2021-06-13T16:17:31.694",
  "metadata" : {
    "data_version" : "1.0.2"
  },
  "match_week" : 14,
  "competition_stage" : {
    "id" : 1,
    "name" : "Regular Season"
  },
  "stadium" : {
    "id" : 244,
    "name" : "UW Medicine Pitch at Memorial Stadium",
    "country" : {
      "id" : 241,
      "name" : "United States of America"
    }
  },
  "referee" : {
    "id" : 147,
    "name" : "Reyna Fonseca",
    "country" : {
      "id" : 241,
      "name" : "United States of America"
    }
  }
}, {
  "match_id" : 7456,
  "match_date" : "2018-05-20",
  "kick_off" : "01:00:00.000",
  "competition" : {
    "competition_id" : 49,
    "country_name" : "United States of America",
    "competition_name" : "NWSL"
  },
  "season" : {
    "season_id" : 3,
    "season_name" : "2018"
  },
  "home_team" : {
    "home_team_id" : 763,
    "home_team_name" : "NJ/NY Gotham FC",
    "home_team_gender" : "female",
    "home_team_group" : null,
    "country" : {
      "id" : 241,
      "name" : "United States of America"
    },
    "managers" : [ {
      "id" : 140,
      "name" : "Denise Reddy",
      "nickname" : null,
      "dob" : "1970-09-14",
      "country" : {
        "id" : 241,
        "name" : "United States of America"
      }
    } ]
  },
  "away_team" : {
    "away_team_id" : 766,
    "away_team_name" : "North Carolina Courage",
    "away_team_gender" : "female",
    "away_team_group" : null,
    "country" : {
      "id" : 241,
      "name" : "United States of America"
    },
    "managers" : [ {
      "id" : 127,
      "name" : "Paul Riley",
      "nickname" : null,
      "dob" : "1963-09-23",
      "country" : {
        "id" : 68,
        "name" : "England"
      }
    } ]
  },
  "home_score" : 1,
  "away_score" : 2,
  "match_status" : "available",
  "match_status_360" : "scheduled",
  "last_updated" : "2021-11-06T05:53:29.435016",
  "last_updated_360" : "2021-06-13T16:17:31.694",
  "metadata" : {
    "data_version" : "1.0.2"
  },
  "match_week" : 6,
  "competition_stage" : {
    "id" : 1,
    "name" : "Regular Season"
  },
  "stadium" : {
    "id" : 243,
    "name" : "Yurcak Field",
    "country" : {
      "id" : 241,
      "name" : "United States of America"
    }
  },
  "referee" : {
    "id" : 134,
    "name" : "Danielle Chesky",
    "country" : {
      "id" : 241,
      "name" : "United States of America"
    }
  }
}, {
  "match_id" : 7471,
  "match_date" : "2018-06-30",
  "kick_off" : "21:30:00.000",
  "competition" : {
    "competition_id" : 49,
    "country_name" : "United States of America",
    "competition_name" : "NWSL"
  },
  "season" : {
    "season_id" : 3,
    "season_name" : "2018"
  },
  "home_team" : {
    "home_team_id" : 764,
    "home_team_name" : "Orlando Pride",
    "home_team_gender" : "female",
    "home_team_group" : null,
    "country" : {
      "id" : 241,
      "name" : "United States of America"
    },
    "managers" : [ {
      "id" : 130,
      "name" : "Tom Sermanni",
      "nickname" : null,
      "dob" : "1954-07-01",
      "country" : {
        "id" : 201,
        "name" : "Scotland"
      }
    } ]
  },
  "away_team" : {
    "away_team_id" : 766,
    "away_team_name" : "North Carolina Courage",
    "away_team_gender" : "female",
    "away_team_group" : null,
    "country" : {
      "id" : 241,
      "name" : "United States of America"
    },
    "managers" : [ {
      "id" : 127,
      "name" : "Paul Riley",
      "nickname" : null,
      "dob" : "1963-09-23",
      "country" : {
        "id" : 68,
        "name" : "England"
      }
    } ]
  },
  "home_score" : 0,
  "away_score" : 3,
  "match_status" : "available",
  "match_status_360" : "scheduled",
  "last_updated" : "2023-07-24T12:54:13.965845",
  "last_updated_360" : "2021-06-13T16:17:31.694",
  "metadata" : {
    "data_version" : "1.0.2"
  },
  "match_week" : 15,
  "competition_stage" : {
    "id" : 1,
    "name" : "Regular Season"
  },
  "stadium" : {
    "id" : 4725,
    "name" : "Exploria Stadium",
    "country" : {
      "id" : 241,
      "name" : "United States of America"
    }
  },
  "referee" : {
    "id" : 148,
    "name" : "Elvis Osmanovic",
    "country" : {
      "id" : 241,
      "name" : "United States of America"
    }
  }
}, {
  "match_id" : 7477,
  "match_date" : "2018-07-07",
  "kick_off" : "05:00:00.000",
  "competition" : {
    "competition_id" : 49,
    "country_name" : "United States of America",
    "competition_name" : "NWSL"
  },
  "season" : {
    "season_id" : 3,
    "season_name" : "2018"
  },
  "home_team" : {
    "home_team_id" : 765,
    "home_team_name" : "Portland Thorns",
    "home_team_gender" : "female",
    "home_team_group" : null,
    "country" : {
      "id" : 241,
      "name" : "United States of America"
    },
    "managers" : [ {
      "id" : 129,
      "name" : "Mark Richard David Parsons",
      "nickname" : null,
      "dob" : "1986-08-08",
      "country" : {
        "id" : 68,
        "name" : "England"
      }
    } ]
  },
  "away_team" : {
    "away_team_id" : 767,
    "away_team_name" : "Utah Royals",
    "away_team_gender" : "female",
    "away_team_group" : null,
    "country" : {
      "id" : 241,
      "name" : "United States of America"
    },
    "managers" : [ {
      "id" : 134,
      "name" : "Laura Harvey",
      "nickname" : null,
      "dob" : "1980-05-15",
      "country" : {
        "id" : 68,
        "name" : "England"
      }
    } ]
  },
  "home_score" : 4,
  "away_score" : 0,
  "match_status" : "available",
  "match_status_360" : "scheduled",
  "last_updated" : "2023-07-24T12:59:36.221089",
  "last_updated_360" : "2021-06-13T16:17:31.694",
  "metadata" : {
    "data_version" : "1.0.2"
  },
  "match_week" : 15,
  "competition_stage" : {
    "id" : 1,
    "name" : "Regular Season"
  },
  "stadium" : {
    "id" : 241,
    "name" : "Providence Park",
    "country" : {
      "id" : 241,
      "name" : "United States of America"
    }
  },
  "referee" : {
    "id" : 144,
    "name" : "Farhad Dadkho",
    "country" : {
      "id" : 241,
      "name" : "United States of America"
    }
  }
}, {
  "match_id" : 7472,
  "match_date" : "2018-07-01",
  "kick_off" : "04:00:00.000",
  "competition" : {
    "competition_id" : 49,
    "country_name" : "United States of America",
    "competition_name" : "NWSL"
  },
  "season" : {
    "season_id" : 3,
    "season_name" : "2018"
  },
  "home_team" : {
    "home_team_id" : 760,
    "home_team_name" : "OL Reign",
    "home_team_gender" : "female",
    "home_team_group" : null,
    "country" : {
      "id" : 241,
      "name" : "United States of America"
    },
    "managers" : [ {
      "id" : 141,
      "name" : "Vlatko Andonovski",
      "nickname" : null,
      "dob" : "1976-09-14",
      "country" : {
        "id" : 241,
        "name" : "United States of America"
      }
    } ]
  },
  "away_team" : {
    "away_team_id" : 765,
    "away_team_name" : "Portland Thorns",
    "away_team_gender" : "female",
    "away_team_group" : null,
    "country" : {
      "id" : 241,
      "name" : "United States of America"
    },
    "managers" : [ {
      "id" : 129,
      "name" : "Mark Richard David Parsons",
      "nickname" : null,
      "dob" : "1986-08-08",
      "country" : {
        "id" : 68,
        "name" : "England"
      }
    } ]
  },
  "home_score" : 1,
  "away_score" : 0,
  "match_status" : "available",
  "match_status_360" : "scheduled",
  "last_updated" : "2023-07-24T12:53:44.924173",
  "last_updated_360" : "2021-06-13T16:17:31.694",
  "metadata" : {
    "data_version" : "1.0.2"
  },
  "match_week" : 13,
  "competition_stage" : {
    "id" : 1,
    "name" : "Regular Season"
  },
  "stadium" : {
    "id" : 244,
    "name" : "UW Medicine Pitch at Memorial Stadium",
    "country" : {
      "id" : 241,
      "name" : "United States of America"
    }
  },
  "referee" : {
    "id" : 151,
    "name" : "Christina Unkel",
    "country" : {
      "id" : 241,
      "name" : "United States of America"
    }
  }
}, {
  "match_id" : 7474,
  "match_date" : "2018-07-02",
  "kick_off" : "00:00:00.000",
  "competition" : {
    "competition_id" : 49,
    "country_name" : "United States of America",
    "competition_name" : "NWSL"
  },
  "season" : {
    "season_id" : 3,
    "season_name" : "2018"
  },
  "home_team" : {
    "home_team_id" : 761,
    "home_team_name" : "Chicago Red Stars",
    "home_team_gender" : "female",
    "home_team_group" : null,
    "country" : {
      "id" : 241,
      "name" : "United States of America"
    },
    "managers" : [ {
      "id" : 142,
      "name" : "Rory Dames",
      "nickname" : null,
      "dob" : "1973-02-10",
      "country" : {
        "id" : 241,
        "name" : "United States of America"
      }
    } ]
  },
  "away_team" : {
    "away_team_id" : 759,
    "away_team_name" : "Washington Spirit",
    "away_team_gender" : "female",
    "away_team_group" : null,
    "country" : {
      "id" : 241,
      "name" : "United States of America"
    },
    "managers" : [ {
      "id" : 131,
      "name" : "James Gabarra",
      "nickname" : null,
      "dob" : "1959-09-22",
      "country" : {
        "id" : 241,
        "name" : "United States of America"
      }
    } ]
  },
  "home_score" : 2,
  "away_score" : 0,
  "match_status" : "available",
  "match_status_360" : "scheduled",
  "last_updated" : "2022-11-22T00:49:37.417319",
  "last_updated_360" : "2021-06-13T16:17:31.694",
  "metadata" : {
    "data_version" : "1.0.2"
  },
  "match_week" : 13,
  "competition_stage" : {
    "id" : 1,
    "name" : "Regular Season"
  },
  "stadium" : {
    "id" : 4283,
    "name" : "SeatGeek Stadium",
    "country" : {
      "id" : 241,
      "name" : "United States of America"
    }
  },
  "referee" : {
    "id" : 331,
    "name" : "Sergii Demianchuk",
    "country" : {
      "id" : 241,
      "name" : "United States of America"
    }
  }
}, {
  "match_id" : 7487,
  "match_date" : "2018-07-21",
  "kick_off" : "04:00:00.000",
  "competition" : {
    "competition_id" : 49,
    "country_name" : "United States of America",
    "competition_name" : "NWSL"
  },
  "season" : {
    "season_id" : 3,
    "season_name" : "2018"
  },
  "home_team" : {
    "home_team_id" : 767,
    "home_team_name" : "Utah Royals",
    "home_team_gender" : "female",
    "home_team_group" : null,
    "country" : {
      "id" : 241,
      "name" : "United States of America"
    },
    "managers" : [ {
      "id" : 134,
      "name" : "Laura Harvey",
      "nickname" : null,
      "dob" : "1980-05-15",
      "country" : {
        "id" : 68,
        "name" : "England"
      }
    } ]
  },
  "away_team" : {
    "away_team_id" : 766,
    "away_team_name" : "North Carolina Courage",
    "away_team_gender" : "female",
    "away_team_group" : null,
    "country" : {
      "id" : 241,
      "name" : "United States of America"
    },
    "managers" : [ {
      "id" : 127,
      "name" : "Paul Riley",
      "nickname" : null,
      "dob" : "1963-09-23",
      "country" : {
        "id" : 68,
        "name" : "England"
      }
    } ]
  },
  "home_score" : 0,
  "away_score" : 0,
  "match_status" : "available",
  "match_status_360" : "scheduled",
  "last_updated" : "2023-07-24T12:56:03.450432",
  "last_updated_360" : "2021-06-13T16:17:31.694",
  "metadata" : {
    "data_version" : "1.0.2"
  },
  "match_week" : 17,
  "competition_stage" : {
    "id" : 1,
    "name" : "Regular Season"
  },
  "stadium" : {
    "id" : 4679,
    "name" : "America First Field",
    "country" : {
      "id" : 241,
      "name" : "United States of America"
    }
  },
  "referee" : {
    "id" : 151,
    "name" : "Christina Unkel",
    "country" : {
      "id" : 241,
      "name" : "United States of America"
    }
  }
}, {
  "match_id" : 7485,
  "match_date" : "2018-07-15",
  "kick_off" : "02:00:00.000",
  "competition" : {
    "competition_id" : 49,
    "country_name" : "United States of America",
    "competition_name" : "NWSL"
  },
  "season" : {
    "season_id" : 3,
    "season_name" : "2018"
  },
  "home_team" : {
    "home_team_id" : 761,
    "home_team_name" : "Chicago Red Stars",
    "home_team_gender" : "female",
    "home_team_group" : null,
    "country" : {
      "id" : 241,
      "name" : "United States of America"
    },
    "managers" : [ {
      "id" : 142,
      "name" : "Rory Dames",
      "nickname" : null,
      "dob" : "1973-02-10",
      "country" : {
        "id" : 241,
        "name" : "United States of America"
      }
    } ]
  },
  "away_team" : {
    "away_team_id" : 760,
    "away_team_name" : "OL Reign",
    "away_team_gender" : "female",
    "away_team_group" : null,
    "country" : {
      "id" : 241,
      "name" : "United States of America"
    },
    "managers" : [ {
      "id" : 141,
      "name" : "Vlatko Andonovski",
      "nickname" : null,
      "dob" : "1976-09-14",
      "country" : {
        "id" : 241,
        "name" : "United States of America"
      }
    } ]
  },
  "home_score" : 1,
  "away_score" : 0,
  "match_status" : "available",
  "match_status_360" : "scheduled",
  "last_updated" : "2023-07-24T12:57:47.664558",
  "last_updated_360" : "2021-06-13T16:17:31.694",
  "metadata" : {
    "data_version" : "1.0.2"
  },
  "match_week" : 16,
  "competition_stage" : {
    "id" : 1,
    "name" : "Regular Season"
  },
  "stadium" : {
    "id" : 4283,
    "name" : "SeatGeek Stadium",
    "country" : {
      "id" : 241,
      "name" : "United States of America"
    }
  },
  "referee" : {
    "id" : 158,
    "name" : "Natalie Simon",
    "country" : {
      "id" : 241,
      "name" : "United States of America"
    }
  }
}, {
  "match_id" : 7483,
  "match_date" : "2018-07-15",
  "kick_off" : "01:00:00.000",
  "competition" : {
    "competition_id" : 49,
    "country_name" : "United States of America",
    "competition_name" : "NWSL"
  },
  "season" : {
    "season_id" : 3,
    "season_name" : "2018"
  },
  "home_team" : {
    "home_team_id" : 767,
    "home_team_name" : "Utah Royals",
    "home_team_gender" : "female",
    "home_team_group" : null,
    "country" : {
      "id" : 241,
      "name" : "United States of America"
    },
    "managers" : [ {
      "id" : 134,
      "name" : "Laura Harvey",
      "nickname" : null,
      "dob" : "1980-05-15",
      "country" : {
        "id" : 68,
        "name" : "England"
      }
    } ]
  },
  "away_team" : {
    "away_team_id" : 764,
    "away_team_name" : "Orlando Pride",
    "away_team_gender" : "female",
    "away_team_group" : null,
    "country" : {
      "id" : 241,
      "name" : "United States of America"
    },
    "managers" : [ {
      "id" : 130,
      "name" : "Tom Sermanni",
      "nickname" : null,
      "dob" : "1954-07-01",
      "country" : {
        "id" : 201,
        "name" : "Scotland"
      }
    } ]
  },
  "home_score" : 1,
  "away_score" : 2,
  "match_status" : "available",
  "match_status_360" : "scheduled",
  "last_updated" : "2023-07-24T12:58:09.771454",
  "last_updated_360" : "2021-06-13T16:17:31.694",
  "metadata" : {
    "data_version" : "1.0.2"
  },
  "match_week" : 16,
  "competition_stage" : {
    "id" : 1,
    "name" : "Regular Season"
  },
  "stadium" : {
    "id" : 4679,
    "name" : "America First Field",
    "country" : {
      "id" : 241,
      "name" : "United States of America"
    }
  },
  "referee" : {
    "id" : 147,
    "name" : "Reyna Fonseca",
    "country" : {
      "id" : 241,
      "name" : "United States of America"
    }
  }
}, {
  "match_id" : 7451,
  "match_date" : "2018-05-13",
  "kick_off" : "01:00:00.000",
  "competition" : {
    "competition_id" : 49,
    "country_name" : "United States of America",
    "competition_name" : "NWSL"
  },
  "season" : {
    "season_id" : 3,
    "season_name" : "2018"
  },
  "home_team" : {
    "home_team_id" : 766,
    "home_team_name" : "North Carolina Courage",
    "home_team_gender" : "female",
    "home_team_group" : null,
    "country" : {
      "id" : 241,
      "name" : "United States of America"
    },
    "managers" : [ {
      "id" : 127,
      "name" : "Paul Riley",
      "nickname" : null,
      "dob" : "1963-09-23",
      "country" : {
        "id" : 68,
        "name" : "England"
      }
    } ]
  },
  "away_team" : {
    "away_team_id" : 759,
    "away_team_name" : "Washington Spirit",
    "away_team_gender" : "female",
    "away_team_group" : null,
    "country" : {
      "id" : 241,
      "name" : "United States of America"
    },
    "managers" : [ {
      "id" : 131,
      "name" : "James Gabarra",
      "nickname" : null,
      "dob" : "1959-09-22",
      "country" : {
        "id" : 241,
        "name" : "United States of America"
      }
    } ]
  },
  "home_score" : 1,
  "away_score" : 0,
  "match_status" : "available",
  "match_status_360" : "scheduled",
  "last_updated" : "2023-04-19T10:26:29.420868",
  "last_updated_360" : "2021-06-13T16:17:31.694",
  "metadata" : {
    "data_version" : "1.0.2"
  },
  "match_week" : 7,
  "competition_stage" : {
    "id" : 1,
    "name" : "Regular Season"
  },
  "stadium" : {
    "id" : 239,
    "name" : "WakeMed Soccer Park",
    "country" : {
      "id" : 241,
      "name" : "United States of America"
    }
  },
  "referee" : {
    "id" : 154,
    "name" : "Jonathan Bilinski",
    "country" : {
      "id" : 241,
      "name" : "United States of America"
    }
  }
}, {
  "match_id" : 7480,
  "match_date" : "2018-07-12",
  "kick_off" : "04:30:00.000",
  "competition" : {
    "competition_id" : 49,
    "country_name" : "United States of America",
    "competition_name" : "NWSL"
  },
  "season" : {
    "season_id" : 3,
    "season_name" : "2018"
  },
  "home_team" : {
    "home_team_id" : 760,
    "home_team_name" : "OL Reign",
    "home_team_gender" : "female",
    "home_team_group" : null,
    "country" : {
      "id" : 241,
      "name" : "United States of America"
    },
    "managers" : [ {
      "id" : 141,
      "name" : "Vlatko Andonovski",
      "nickname" : null,
      "dob" : "1976-09-14",
      "country" : {
        "id" : 241,
        "name" : "United States of America"
      }
    } ]
  },
  "away_team" : {
    "away_team_id" : 767,
    "away_team_name" : "Utah Royals",
    "away_team_gender" : "female",
    "away_team_group" : null,
    "country" : {
      "id" : 241,
      "name" : "United States of America"
    },
    "managers" : [ {
      "id" : 134,
      "name" : "Laura Harvey",
      "nickname" : null,
      "dob" : "1980-05-15",
      "country" : {
        "id" : 68,
        "name" : "England"
      }
    } ]
  },
  "home_score" : 1,
  "away_score" : 0,
  "match_status" : "available",
  "match_status_360" : "scheduled",
  "last_updated" : "2023-07-24T12:59:52.773462",
  "last_updated_360" : "2021-06-13T16:17:31.694",
  "metadata" : {
    "data_version" : "1.0.2"
  },
  "match_week" : 15,
  "competition_stage" : {
    "id" : 1,
    "name" : "Regular Season"
  },
  "stadium" : {
    "id" : 244,
    "name" : "UW Medicine Pitch at Memorial Stadium",
    "country" : {
      "id" : 241,
      "name" : "United States of America"
    }
  },
  "referee" : {
    "id" : 751,
    "name" : "Katja Koroleva",
    "country" : {
      "id" : 241,
      "name" : "United States of America"
    }
  }
} ]