[ {
  "match_id" : 3877060,
  "match_date" : "2023-08-27",
  "kick_off" : "02:39:00.000",
  "competition" : {
    "competition_id" : 44,
    "country_name" : "United States of America",
    "competition_name" : "Major League Soccer"
  },
  "season" : {
    "season_id" : 107,
    "season_name" : "2023"
  },
  "home_team" : {
    "home_team_id" : 387,
    "home_team_name" : "New York Red Bulls",
    "home_team_gender" : "male",
    "home_team_group" : "Eastern Conference",
    "country" : {
      "id" : 241,
      "name" : "United States of America"
    },
    "managers" : [ {
      "id" : 3214,
      "name" : "Troy Lesesne",
      "nickname" : null,
      "dob" : "1983-10-27",
      "country" : {
        "id" : 241,
        "name" : "United States of America"
      }
    } ]
  },
  "away_team" : {
    "away_team_id" : 1975,
    "away_team_name" : "Inter Miami",
    "away_team_gender" : "male",
    "away_team_group" : "Eastern Conference",
    "country" : {
      "id" : 241,
      "name" : "United States of America"
    },
    "managers" : [ {
      "id" : 163,
      "name" : "Gerardo Daniel Martino",
      "nickname" : "Gerardo Martino",
      "dob" : "1962-11-20",
      "country" : {
        "id" : 11,
        "name" : "Argentina"
      }
    } ]
  },
  "home_score" : 0,
  "away_score" : 2,
  "match_status" : "available",
  "match_status_360" : "available",
  "last_updated" : "2023-10-29T03:04:09.326416",
  "last_updated_360" : "2023-11-22T12:46:54.939710",
  "metadata" : {
    "data_version" : "1.1.0",
    "shot_fidelity_version" : "2",
    "xy_fidelity_version" : "2"
  },
  "match_week" : 28,
  "competition_stage" : {
    "id" : 1,
    "name" : "Regular Season"
  },
  "stadium" : {
    "id" : 117356,
    "name" : "Red Bull Arena (New Jersey)",
    "country" : {
      "id" : 241,
      "name" : "United States of America"
    }
  },
  "referee" : {
    "id" : 442,
    "name" : "Allen Chapman",
    "country" : {
      "id" : 241,
      "name" : "United States of America"
    }
  }
}, {
  "match_id" : 3877090,
  "match_date" : "2023-09-04",
  "kick_off" : "05:09:00.000",
  "competition" : {
    "competition_id" : 44,
    "country_name" : "United States of America",
    "competition_name" : "Major League Soccer"
  },
  "season" : {
    "season_id" : 107,
    "season_name" : "2023"
  },
  "home_team" : {
    "home_team_id" : 919,
    "home_team_name" : "LAFC",
    "home_team_gender" : "male",
    "home_team_group" : "Western Conference",
    "country" : {
      "id" : 241,
      "name" : "United States of America"
    },
    "managers" : [ {
      "id" : 1000191,
      "name" : "Steven Cherundolo",
      "nickname" : null,
      "dob" : "1979-02-19",
      "country" : {
        "id" : 241,
        "name" : "United States of America"
      }
    } ]
  },
  "away_team" : {
    "away_team_id" : 1975,
    "away_team_name" : "Inter Miami",
    "away_team_gender" : "male",
    "away_team_group" : "Eastern Conference",
    "country" : {
      "id" : 241,
      "name" : "United States of America"
    },
    "managers" : [ {
      "id" : 163,
      "name" : "Gerardo Daniel Martino",
      "nickname" : "Gerardo Martino",
      "dob" : "1962-11-20",
      "country" : {
        "id" : 11,
        "name" : "Argentina"
      }
    } ]
  },
  "home_score" : 1,
  "away_score" : 3,
  "match_status" : "available",
  "match_status_360" : "available",
  "last_updated" : "2023-10-30T03:22:11.726437",
  "last_updated_360" : "2023-11-19T14:27:32.827119",
  "metadata" : {
    "data_version" : "1.1.0",
    "shot_fidelity_version" : "2",
    "xy_fidelity_version" : "2"
  },
  "match_week" : 30,
  "competition_stage" : {
    "id" : 1,
    "name" : "Regular Season"
  },
  "stadium" : {
    "id" : 639,
    "name" : "BMO Stadium",
    "country" : {
      "id" : 241,
      "name" : "United States of America"
    }
  },
  "referee" : {
    "id" : 434,
    "name" : "Ted Unkel",
    "country" : {
      "id" : 241,
      "name" : "United States of America"
    }
  }
}, {
  "match_id" : 3877194,
  "match_date" : "2023-10-22",
  "kick_off" : "01:09:00.000",
  "competition" : {
    "competition_id" : 44,
    "country_name" : "United States of America",
    "competition_name" : "Major League Soccer"
  },
  "season" : {
    "season_id" : 107,
    "season_name" : "2023"
  },
  "home_team" : {
    "home_team_id" : 8070,
    "home_team_name" : "Charlotte",
    "home_team_gender" : "male",
    "home_team_group" : "Eastern Conference",
    "country" : {
      "id" : 241,
      "name" : "United States of America"
    },
    "managers" : [ {
      "id" : 1001566,
      "name" : "Christian Lattanzio",
      "nickname" : null,
      "dob" : "1971-09-10",
      "country" : {
        "id" : 112,
        "name" : "Italy"
      }
    } ]
  },
  "away_team" : {
    "away_team_id" : 1975,
    "away_team_name" : "Inter Miami",
    "away_team_gender" : "male",
    "away_team_group" : "Eastern Conference",
    "country" : {
      "id" : 241,
      "name" : "United States of America"
    },
    "managers" : [ {
      "id" : 163,
      "name" : "Gerardo Daniel Martino",
      "nickname" : "Gerardo Martino",
      "dob" : "1962-11-20",
      "country" : {
        "id" : 11,
        "name" : "Argentina"
      }
    } ]
  },
  "home_score" : 1,
  "away_score" : 0,
  "match_status" : "available",
  "match_status_360" : "available",
  "last_updated" : "2023-12-06T08:46:43.769563",
  "last_updated_360" : "2023-12-06T08:48:24.034035",
  "metadata" : {
    "data_version" : "1.1.0",
    "shot_fidelity_version" : "2",
    "xy_fidelity_version" : "2"
  },
  "match_week" : 38,
  "competition_stage" : {
    "id" : 1,
    "name" : "Regular Season"
  },
  "stadium" : {
    "id" : 52985,
    "name" : "Bank of America Stadium",
    "country" : {
      "id" : 241,
      "name" : "United States of America"
    }
  },
  "referee" : {
    "id" : 157,
    "name" : "Guido Gonzalez",
    "country" : {
      "id" : 241,
      "name" : "United States of America"
    }
  }
}, {
  "match_id" : 3877072,
  "match_date" : "2023-08-31",
  "kick_off" : "02:39:00.000",
  "competition" : {
    "competition_id" : 44,
    "country_name" : "United States of America",
    "competition_name" : "Major League Soccer"
  },
  "season" : {
    "season_id" : 107,
    "season_name" : "2023"
  },
  "home_team" : {
    "home_team_id" : 1975,
    "home_team_name" : "Inter Miami",
    "home_team_gender" : "male",
    "home_team_group" : "Eastern Conference",
    "country" : {
      "id" : 241,
      "name" : "United States of America"
    },
    "managers" : [ {
      "id" : 163,
      "name" : "Gerardo Daniel Martino",
      "nickname" : "Gerardo Martino",
      "dob" : "1962-11-20",
      "country" : {
        "id" : 11,
        "name" : "Argentina"
      }
    } ]
  },
  "away_team" : {
    "away_team_id" : 1938,
    "away_team_name" : "Nashville SC",
    "away_team_gender" : "male",
    "away_team_group" : "Eastern Conference",
    "country" : {
      "id" : 241,
      "name" : "United States of America"
    },
    "managers" : [ {
      "id" : 3009,
      "name" : "Gary Smith",
      "nickname" : null,
      "dob" : "1968-12-03",
      "country" : {
        "id" : 68,
        "name" : "England"
      }
    } ]
  },
  "home_score" : 0,
  "away_score" : 0,
  "match_status" : "available",
  "match_status_360" : "available",
  "last_updated" : "2023-10-28T16:39:19.093984",
  "last_updated_360" : "2023-11-22T13:12:22.161272",
  "metadata" : {
    "data_version" : "1.1.0",
    "shot_fidelity_version" : "2",
    "xy_fidelity_version" : "2"
  },
  "match_week" : 29,
  "competition_stage" : {
    "id" : 1,
    "name" : "Regular Season"
  },
  "stadium" : {
    "id" : 117944,
    "name" : "DRV PNK Stadium",
    "country" : {
      "id" : 241,
      "name" : "United States of America"
    }
  },
  "referee" : {
    "id" : 423,
    "name" : "Chris Penso",
    "country" : {
      "id" : 241,
      "name" : "United States of America"
    }
  }
}, {
  "match_id" : 3877170,
  "match_date" : "2023-10-08",
  "kick_off" : "02:39:00.000",
  "competition" : {
    "competition_id" : 44,
    "country_name" : "United States of America",
    "competition_name" : "Major League Soccer"
  },
  "season" : {
    "season_id" : 107,
    "season_name" : "2023"
  },
  "home_team" : {
    "home_team_id" : 1975,
    "home_team_name" : "Inter Miami",
    "home_team_gender" : "male",
    "home_team_group" : "Eastern Conference",
    "country" : {
      "id" : 241,
      "name" : "United States of America"
    },
    "managers" : [ {
      "id" : 163,
      "name" : "Gerardo Daniel Martino",
      "nickname" : "Gerardo Martino",
      "dob" : "1962-11-20",
      "country" : {
        "id" : 11,
        "name" : "Argentina"
      }
    } ]
  },
  "away_team" : {
    "away_team_id" : 489,
    "away_team_name" : "Cincinnati",
    "away_team_gender" : "male",
    "away_team_group" : "Eastern Conference",
    "country" : {
      "id" : 241,
      "name" : "United States of America"
    },
    "managers" : [ {
      "id" : 1000169,
      "name" : "Pat Noonan",
      "nickname" : null,
      "dob" : "1980-08-02",
      "country" : {
        "id" : 241,
        "name" : "United States of America"
      }
    } ]
  },
  "home_score" : 0,
  "away_score" : 1,
  "match_status" : "available",
  "match_status_360" : "available",
  "last_updated" : "2023-11-09T04:24:29.838244",
  "last_updated_360" : "2023-11-21T13:46:52.693519",
  "metadata" : {
    "data_version" : "1.1.0",
    "shot_fidelity_version" : "2",
    "xy_fidelity_version" : "2"
  },
  "match_week" : 37,
  "competition_stage" : {
    "id" : 1,
    "name" : "Regular Season"
  },
  "stadium" : {
    "id" : 117944,
    "name" : "DRV PNK Stadium",
    "country" : {
      "id" : 241,
      "name" : "United States of America"
    }
  },
  "referee" : {
    "id" : 439,
    "name" : "Rubiel Vazquez",
    "country" : {
      "id" : 241,
      "name" : "United States of America"
    }
  }
}, {
  "match_id" : 3877115,
  "match_date" : "2023-09-21",
  "kick_off" : "02:39:00.000",
  "competition" : {
    "competition_id" : 44,
    "country_name" : "United States of America",
    "competition_name" : "Major League Soccer"
  },
  "season" : {
    "season_id" : 107,
    "season_name" : "2023"
  },
  "home_team" : {
    "home_team_id" : 1975,
    "home_team_name" : "Inter Miami",
    "home_team_gender" : "male",
    "home_team_group" : "Eastern Conference",
    "country" : {
      "id" : 241,
      "name" : "United States of America"
    },
    "managers" : [ {
      "id" : 163,
      "name" : "Gerardo Daniel Martino",
      "nickname" : "Gerardo Martino",
      "dob" : "1962-11-20",
      "country" : {
        "id" : 11,
        "name" : "Argentina"
      }
    } ]
  },
  "away_team" : {
    "away_team_id" : 575,
    "away_team_name" : "Toronto FC",
    "away_team_gender" : "male",
    "away_team_group" : "Eastern Conference",
    "country" : {
      "id" : 40,
      "name" : "Canada"
    },
    "managers" : [ {
      "id" : 1003338,
      "name" : "Terry Dunfield",
      "nickname" : null,
      "dob" : "1982-02-20",
      "country" : {
        "id" : 40,
        "name" : "Canada"
      }
    } ]
  },
  "home_score" : 4,
  "away_score" : 0,
  "match_status" : "available",
  "match_status_360" : "available",
  "last_updated" : "2023-11-08T02:11:17.104062",
  "last_updated_360" : "2023-11-21T12:23:40.892783",
  "metadata" : {
    "data_version" : "1.1.0",
    "shot_fidelity_version" : "2",
    "xy_fidelity_version" : "2"
  },
  "match_week" : 33,
  "competition_stage" : {
    "id" : 1,
    "name" : "Regular Season"
  },
  "stadium" : {
    "id" : 117944,
    "name" : "DRV PNK Stadium",
    "country" : {
      "id" : 241,
      "name" : "United States of America"
    }
  },
  "referee" : {
    "id" : 432,
    "name" : "Drew Fischer",
    "country" : {
      "id" : 40,
      "name" : "Canada"
    }
  }
} ]