[ {
  "match_id" : 3923881,
  "match_date" : "2024-02-11",
  "kick_off" : "22:00:00.000",
  "competition" : {
    "competition_id" : 1267,
    "country_name" : "Africa",
    "competition_name" : "African Cup of Nations"
  },
  "season" : {
    "season_id" : 107,
    "season_name" : "2023"
  },
  "home_team" : {
    "home_team_id" : 775,
    "home_team_name" : "Nigeria",
    "home_team_gender" : "male",
    "home_team_group" : null,
    "country" : {
      "id" : 166,
      "name" : "Nigeria"
    },
    "managers" : [ {
      "id" : 523,
      "name" : "José Vítor dos Santos Peseiro",
      "nickname" : "José Peseiro",
      "dob" : "1960-04-04",
      "country" : {
        "id" : 183,
        "name" : "Portugal"
      }
    } ]
  },
  "away_team" : {
    "away_team_id" : 3374,
    "away_team_name" : "Côte d'Ivoire",
    "away_team_gender" : "male",
    "away_team_group" : null,
    "country" : {
      "id" : 55,
      "name" : "Côte d'Ivoire"
    },
    "managers" : [ {
      "id" : 1868,
      "name" : "Emerse Faé",
      "nickname" : null,
      "dob" : "1984-01-24",
      "country" : {
        "id" : 55,
        "name" : "Côte d'Ivoire"
      }
    } ]
  },
  "home_score" : 1,
  "away_score" : 2,
  "match_status" : "available",
  "match_status_360" : "unscheduled",
  "last_updated" : "2024-02-13T20:09:29.909933",
  "last_updated_360" : null,
  "metadata" : {
    "data_version" : "1.1.0",
    "shot_fidelity_version" : "2",
    "xy_fidelity_version" : "2"
  },
  "match_week" : 8,
  "competition_stage" : {
    "id" : 26,
    "name" : "Final"
  },
  "stadium" : {
    "id" : 117860,
    "name" : "Stade Olympique Alassane Ouattara",
    "country" : {
      "id" : 55,
      "name" : "Côte d'Ivoire"
    }
  },
  "referee" : {
    "id" : 1003587,
    "name" : "Dahane Beida",
    "country" : {
      "id" : 144,
      "name" : "Mauritania"
    }
  }
}, {
  "match_id" : 3923880,
  "match_date" : "2024-02-10",
  "kick_off" : "22:00:00.000",
  "competition" : {
    "competition_id" : 1267,
    "country_name" : "Africa",
    "competition_name" : "African Cup of Nations"
  },
  "season" : {
    "season_id" : 107,
    "season_name" : "2023"
  },
  "home_team" : {
    "home_team_id" : 4976,
    "home_team_name" : "South Africa",
    "home_team_gender" : "male",
    "home_team_group" : null,
    "country" : {
      "id" : 211,
      "name" : "South Africa"
    },
    "managers" : [ {
      "id" : 1801,
      "name" : "Hugo Henri Broos",
      "nickname" : null,
      "dob" : "1952-04-10",
      "country" : {
        "id" : 22,
        "name" : "Belgium"
      }
    } ]
  },
  "away_team" : {
    "away_team_id" : 4881,
    "away_team_name" : "Congo DR",
    "away_team_gender" : "male",
    "away_team_group" : null,
    "country" : {
      "id" : 52,
      "name" : "Congo, (Kinshasa)"
    },
    "managers" : [ {
      "id" : 5011,
      "name" : "Sébastien Desabre",
      "nickname" : null,
      "dob" : "1976-08-02",
      "country" : {
        "id" : 78,
        "name" : "France"
      }
    } ]
  },
  "home_score" : 0,
  "away_score" : 0,
  "match_status" : "available",
  "match_status_360" : "unscheduled",
  "last_updated" : "2024-02-13T18:33:05.612366",
  "last_updated_360" : null,
  "metadata" : {
    "data_version" : "1.1.0",
    "shot_fidelity_version" : "2",
    "xy_fidelity_version" : "2"
  },
  "match_week" : 7,
  "competition_stage" : {
    "id" : 25,
    "name" : "3rd Place Final"
  },
  "stadium" : {
    "id" : 117916,
    "name" : "Stade Félix Houphouët-Boigny      ",
    "country" : {
      "id" : 55,
      "name" : "Côte d'Ivoire"
    }
  },
  "referee" : {
    "id" : 1000963,
    "name" : "Bamlak Tessema Weyesa",
    "country" : {
      "id" : 72,
      "name" : "Ethiopia"
    }
  }
}, {
  "match_id" : 3922838,
  "match_date" : "2024-02-07",
  "kick_off" : "22:00:00.000",
  "competition" : {
    "competition_id" : 1267,
    "country_name" : "Africa",
    "competition_name" : "African Cup of Nations"
  },
  "season" : {
    "season_id" : 107,
    "season_name" : "2023"
  },
  "home_team" : {
    "home_team_id" : 3374,
    "home_team_name" : "Côte d'Ivoire",
    "home_team_gender" : "male",
    "home_team_group" : null,
    "country" : {
      "id" : 55,
      "name" : "Côte d'Ivoire"
    },
    "managers" : [ {
      "id" : 1868,
      "name" : "Emerse Faé",
      "nickname" : null,
      "dob" : "1984-01-24",
      "country" : {
        "id" : 55,
        "name" : "Côte d'Ivoire"
      }
    } ]
  },
  "away_team" : {
    "away_team_id" : 4881,
    "away_team_name" : "Congo DR",
    "away_team_gender" : "male",
    "away_team_group" : null,
    "country" : {
      "id" : 52,
      "name" : "Congo, (Kinshasa)"
    },
    "managers" : [ {
      "id" : 5011,
      "name" : "Sébastien Desabre",
      "nickname" : null,
      "dob" : "1976-08-02",
      "country" : {
        "id" : 78,
        "name" : "France"
      }
    } ]
  },
  "home_score" : 1,
  "away_score" : 0,
  "match_status" : "available",
  "match_status_360" : "unscheduled",
  "last_updated" : "2024-02-13T15:29:15.994740",
  "last_updated_360" : null,
  "metadata" : {
    "data_version" : "1.1.0",
    "shot_fidelity_version" : "2",
    "xy_fidelity_version" : "2"
  },
  "match_week" : 6,
  "competition_stage" : {
    "id" : 15,
    "name" : "Semi-finals"
  },
  "stadium" : {
    "id" : 117860,
    "name" : "Stade Olympique Alassane Ouattara",
    "country" : {
      "id" : 55,
      "name" : "Côte d'Ivoire"
    }
  },
  "referee" : {
    "id" : 1003537,
    "name" : "Ibrahim Mutaz",
    "country" : {
      "id" : 130,
      "name" : "Libya"
    }
  }
}, {
  "match_id" : 3922837,
  "match_date" : "2024-02-07",
  "kick_off" : "19:00:00.000",
  "competition" : {
    "competition_id" : 1267,
    "country_name" : "Africa",
    "competition_name" : "African Cup of Nations"
  },
  "season" : {
    "season_id" : 107,
    "season_name" : "2023"
  },
  "home_team" : {
    "home_team_id" : 775,
    "home_team_name" : "Nigeria",
    "home_team_gender" : "male",
    "home_team_group" : null,
    "country" : {
      "id" : 166,
      "name" : "Nigeria"
    },
    "managers" : [ {
      "id" : 523,
      "name" : "José Vítor dos Santos Peseiro",
      "nickname" : "José Peseiro",
      "dob" : "1960-04-04",
      "country" : {
        "id" : 183,
        "name" : "Portugal"
      }
    } ]
  },
  "away_team" : {
    "away_team_id" : 4976,
    "away_team_name" : "South Africa",
    "away_team_gender" : "male",
    "away_team_group" : null,
    "country" : {
      "id" : 211,
      "name" : "South Africa"
    },
    "managers" : [ {
      "id" : 1801,
      "name" : "Hugo Henri Broos",
      "nickname" : null,
      "dob" : "1952-04-10",
      "country" : {
        "id" : 22,
        "name" : "Belgium"
      }
    } ]
  },
  "home_score" : 1,
  "away_score" : 1,
  "match_status" : "available",
  "match_status_360" : "unscheduled",
  "last_updated" : "2024-02-14T02:17:51.833305",
  "last_updated_360" : null,
  "metadata" : {
    "data_version" : "1.1.0",
    "shot_fidelity_version" : "2",
    "xy_fidelity_version" : "2"
  },
  "match_week" : 6,
  "competition_stage" : {
    "id" : 15,
    "name" : "Semi-finals"
  },
  "stadium" : {
    "id" : 1001316,
    "name" : "Stade de Bouaké",
    "country" : {
      "id" : 55,
      "name" : "Côte d'Ivoire"
    }
  },
  "referee" : {
    "id" : 2387,
    "name" : "Amin Mohamed Omar",
    "country" : {
      "id" : 66,
      "name" : "Egypt"
    }
  }
}, {
  "match_id" : 3922242,
  "match_date" : "2024-01-29",
  "kick_off" : "22:00:00.000",
  "competition" : {
    "competition_id" : 1267,
    "country_name" : "Africa",
    "competition_name" : "African Cup of Nations"
  },
  "season" : {
    "season_id" : 107,
    "season_name" : "2023"
  },
  "home_team" : {
    "home_team_id" : 787,
    "home_team_name" : "Senegal",
    "home_team_gender" : "male",
    "home_team_group" : null,
    "country" : {
      "id" : 202,
      "name" : "Senegal"
    },
    "managers" : [ {
      "id" : 635,
      "name" : "Aliou Cissé",
      "nickname" : null,
      "dob" : "1976-03-24",
      "country" : {
        "id" : 202,
        "name" : "Senegal"
      }
    } ]
  },
  "away_team" : {
    "away_team_id" : 3374,
    "away_team_name" : "Côte d'Ivoire",
    "away_team_gender" : "male",
    "away_team_group" : null,
    "country" : {
      "id" : 55,
      "name" : "Côte d'Ivoire"
    },
    "managers" : [ {
      "id" : 1868,
      "name" : "Emerse Faé",
      "nickname" : null,
      "dob" : "1984-01-24",
      "country" : {
        "id" : 55,
        "name" : "Côte d'Ivoire"
      }
    } ]
  },
  "home_score" : 1,
  "away_score" : 1,
  "match_status" : "available",
  "match_status_360" : "unscheduled",
  "last_updated" : "2024-02-01T19:27:17.255105",
  "last_updated_360" : null,
  "metadata" : {
    "data_version" : "1.1.0",
    "shot_fidelity_version" : "2",
    "xy_fidelity_version" : "2"
  },
  "match_week" : 4,
  "competition_stage" : {
    "id" : 33,
    "name" : "Round of 16"
  },
  "stadium" : {
    "id" : 1000822,
    "name" : "Stade Charles Konan Banny de Yamoussoukro",
    "country" : {
      "id" : 55,
      "name" : "Côte d'Ivoire"
    }
  },
  "referee" : {
    "id" : 1003708,
    "name" : "Pierre Ghislain Atcho",
    "country" : {
      "id" : 82,
      "name" : "Gabon"
    }
  }
}, {
  "match_id" : 3922239,
  "match_date" : "2024-01-28",
  "kick_off" : "19:00:00.000",
  "competition" : {
    "competition_id" : 1267,
    "country_name" : "Africa",
    "competition_name" : "African Cup of Nations"
  },
  "season" : {
    "season_id" : 107,
    "season_name" : "2023"
  },
  "home_team" : {
    "home_team_id" : 4992,
    "home_team_name" : "Equatorial Guinea",
    "home_team_gender" : "male",
    "home_team_group" : null,
    "country" : {
      "id" : 69,
      "name" : "Equatorial Guinea"
    },
    "managers" : [ {
      "id" : 1000467,
      "name" : "Juan Micha Obiang Bicogo",
      "nickname" : "Juan Micha",
      "dob" : "1975-07-28",
      "country" : {
        "id" : 69,
        "name" : "Equatorial Guinea"
      }
    } ]
  },
  "away_team" : {
    "away_team_id" : 4892,
    "away_team_name" : "Guinea",
    "away_team_gender" : "male",
    "away_team_group" : null,
    "country" : {
      "id" : 95,
      "name" : "Guinea"
    },
    "managers" : [ {
      "id" : 1000780,
      "name" : "Kaba Diawara",
      "nickname" : null,
      "dob" : "1975-12-16",
      "country" : {
        "id" : 95,
        "name" : "Guinea"
      }
    } ]
  },
  "home_score" : 0,
  "away_score" : 1,
  "match_status" : "available",
  "match_status_360" : "unscheduled",
  "last_updated" : "2024-02-11T11:08:11.737716",
  "last_updated_360" : null,
  "metadata" : {
    "data_version" : "1.1.0",
    "shot_fidelity_version" : "2",
    "xy_fidelity_version" : "2"
  },
  "match_week" : 4,
  "competition_stage" : {
    "id" : 33,
    "name" : "Round of 16"
  },
  "stadium" : {
    "id" : 117860,
    "name" : "Stade Olympique Alassane Ouattara",
    "country" : {
      "id" : 55,
      "name" : "Côte d'Ivoire"
    }
  },
  "referee" : {
    "id" : 1003731,
    "name" : "Omar Abdulkadir Artan",
    "country" : {
      "id" : 210,
      "name" : "Somalia"
    }
  }
}, {
  "match_id" : 3922659,
  "match_date" : "2024-02-03",
  "kick_off" : "19:00:00.000",
  "competition" : {
    "competition_id" : 1267,
    "country_name" : "Africa",
    "competition_name" : "African Cup of Nations"
  },
  "season" : {
    "season_id" : 107,
    "season_name" : "2023"
  },
  "home_team" : {
    "home_team_id" : 4930,
    "home_team_name" : "Mali",
    "home_team_gender" : "male",
    "home_team_group" : null,
    "country" : {
      "id" : 140,
      "name" : "Mali"
    },
    "managers" : [ {
      "id" : 1000157,
      "name" : "Éric Chelle",
      "nickname" : null,
      "dob" : "1977-11-11",
      "country" : {
        "id" : 140,
        "name" : "Mali"
      }
    } ]
  },
  "away_team" : {
    "away_team_id" : 3374,
    "away_team_name" : "Côte d'Ivoire",
    "away_team_gender" : "male",
    "away_team_group" : null,
    "country" : {
      "id" : 55,
      "name" : "Côte d'Ivoire"
    },
    "managers" : [ {
      "id" : 1868,
      "name" : "Emerse Faé",
      "nickname" : null,
      "dob" : "1984-01-24",
      "country" : {
        "id" : 55,
        "name" : "Côte d'Ivoire"
      }
    } ]
  },
  "home_score" : 1,
  "away_score" : 2,
  "match_status" : "available",
  "match_status_360" : "unscheduled",
  "last_updated" : "2024-02-06T10:12:00.342334",
  "last_updated_360" : null,
  "metadata" : {
    "data_version" : "1.1.0",
    "shot_fidelity_version" : "2",
    "xy_fidelity_version" : "2"
  },
  "match_week" : 5,
  "competition_stage" : {
    "id" : 11,
    "name" : "Quarter-finals"
  },
  "stadium" : {
    "id" : 1001316,
    "name" : "Stade de Bouaké",
    "country" : {
      "id" : 55,
      "name" : "Côte d'Ivoire"
    }
  },
  "referee" : {
    "id" : 2618,
    "name" : "Mohamed Adel Elsaid",
    "country" : {
      "id" : 66,
      "name" : "Egypt"
    }
  }
}, {
  "match_id" : 3922658,
  "match_date" : "2024-02-03",
  "kick_off" : "22:00:00.000",
  "competition" : {
    "competition_id" : 1267,
    "country_name" : "Africa",
    "competition_name" : "African Cup of Nations"
  },
  "season" : {
    "season_id" : 107,
    "season_name" : "2023"
  },
  "home_team" : {
    "home_team_id" : 4924,
    "home_team_name" : "Cape Verde Islands",
    "home_team_gender" : "male",
    "home_team_group" : null,
    "country" : {
      "id" : 41,
      "name" : "Cape Verde"
    },
    "managers" : [ {
      "id" : 1000417,
      "name" : "Pedro Leitão Brito",
      "nickname" : "Bubista",
      "dob" : "1970-01-06",
      "country" : {
        "id" : 41,
        "name" : "Cape Verde"
      }
    } ]
  },
  "away_team" : {
    "away_team_id" : 4976,
    "away_team_name" : "South Africa",
    "away_team_gender" : "male",
    "away_team_group" : null,
    "country" : {
      "id" : 211,
      "name" : "South Africa"
    },
    "managers" : [ {
      "id" : 1801,
      "name" : "Hugo Henri Broos",
      "nickname" : null,
      "dob" : "1952-04-10",
      "country" : {
        "id" : 22,
        "name" : "Belgium"
      }
    } ]
  },
  "home_score" : 0,
  "away_score" : 0,
  "match_status" : "available",
  "match_status_360" : "unscheduled",
  "last_updated" : "2024-02-09T02:53:53.400153",
  "last_updated_360" : null,
  "metadata" : {
    "data_version" : "1.1.0",
    "shot_fidelity_version" : "2",
    "xy_fidelity_version" : "2"
  },
  "match_week" : 5,
  "competition_stage" : {
    "id" : 11,
    "name" : "Quarter-finals"
  },
  "stadium" : {
    "id" : 1000822,
    "name" : "Stade Charles Konan Banny de Yamoussoukro",
    "country" : {
      "id" : 55,
      "name" : "Côte d'Ivoire"
    }
  },
  "referee" : {
    "id" : 2591,
    "name" : "Jean Jacques Ndala Ngambo",
    "country" : {
      "id" : 52,
      "name" : "Congo, (Kinshasa)"
    }
  }
}, {
  "match_id" : 3922244,
  "match_date" : "2024-01-30",
  "kick_off" : "19:00:00.000",
  "competition" : {
    "competition_id" : 1267,
    "country_name" : "Africa",
    "competition_name" : "African Cup of Nations"
  },
  "season" : {
    "season_id" : 107,
    "season_name" : "2023"
  },
  "home_team" : {
    "home_team_id" : 4930,
    "home_team_name" : "Mali",
    "home_team_gender" : "male",
    "home_team_group" : null,
    "country" : {
      "id" : 140,
      "name" : "Mali"
    },
    "managers" : [ {
      "id" : 1000157,
      "name" : "Éric Chelle",
      "nickname" : null,
      "dob" : "1977-11-11",
      "country" : {
        "id" : 140,
        "name" : "Mali"
      }
    } ]
  },
  "away_team" : {
    "away_team_id" : 4921,
    "away_team_name" : "Burkina Faso",
    "away_team_gender" : "male",
    "away_team_group" : null,
    "country" : {
      "id" : 36,
      "name" : "Burkina Faso"
    },
    "managers" : [ {
      "id" : 1000428,
      "name" : "Hubert Velud",
      "nickname" : null,
      "dob" : "1959-06-08",
      "country" : {
        "id" : 78,
        "name" : "France"
      }
    } ]
  },
  "home_score" : 2,
  "away_score" : 1,
  "match_status" : "available",
  "match_status_360" : "unscheduled",
  "last_updated" : "2024-02-06T20:42:03.762487",
  "last_updated_360" : null,
  "metadata" : {
    "data_version" : "1.1.0",
    "shot_fidelity_version" : "2",
    "xy_fidelity_version" : "2"
  },
  "match_week" : 4,
  "competition_stage" : {
    "id" : 33,
    "name" : "Round of 16"
  },
  "stadium" : {
    "id" : 1001609,
    "name" : "Stade Amadou Gon Coulibaly",
    "country" : {
      "id" : 55,
      "name" : "Côte d'Ivoire"
    }
  },
  "referee" : {
    "id" : 1003537,
    "name" : "Ibrahim Mutaz",
    "country" : {
      "id" : 130,
      "name" : "Libya"
    }
  }
}, {
  "match_id" : 3922356,
  "match_date" : "2024-02-02",
  "kick_off" : "22:00:00.000",
  "competition" : {
    "competition_id" : 1267,
    "country_name" : "Africa",
    "competition_name" : "African Cup of Nations"
  },
  "season" : {
    "season_id" : 107,
    "season_name" : "2023"
  },
  "home_team" : {
    "home_team_id" : 4881,
    "home_team_name" : "Congo DR",
    "home_team_gender" : "male",
    "home_team_group" : null,
    "country" : {
      "id" : 52,
      "name" : "Congo, (Kinshasa)"
    },
    "managers" : [ {
      "id" : 5011,
      "name" : "Sébastien Desabre",
      "nickname" : null,
      "dob" : "1976-08-02",
      "country" : {
        "id" : 78,
        "name" : "France"
      }
    } ]
  },
  "away_team" : {
    "away_team_id" : 4892,
    "away_team_name" : "Guinea",
    "away_team_gender" : "male",
    "away_team_group" : null,
    "country" : {
      "id" : 95,
      "name" : "Guinea"
    },
    "managers" : [ {
      "id" : 1000780,
      "name" : "Kaba Diawara",
      "nickname" : null,
      "dob" : "1975-12-16",
      "country" : {
        "id" : 95,
        "name" : "Guinea"
      }
    } ]
  },
  "home_score" : 3,
  "away_score" : 1,
  "match_status" : "available",
  "match_status_360" : "unscheduled",
  "last_updated" : "2024-02-13T15:28:38.849462",
  "last_updated_360" : null,
  "metadata" : {
    "data_version" : "1.1.0",
    "shot_fidelity_version" : "2",
    "xy_fidelity_version" : "2"
  },
  "match_week" : 5,
  "competition_stage" : {
    "id" : 11,
    "name" : "Quarter-finals"
  },
  "stadium" : {
    "id" : 117860,
    "name" : "Stade Olympique Alassane Ouattara",
    "country" : {
      "id" : 55,
      "name" : "Côte d'Ivoire"
    }
  },
  "referee" : {
    "id" : 2311,
    "name" : "Mustapha Ghorbal",
    "country" : {
      "id" : 4,
      "name" : "Algeria"
    }
  }
}, {
  "match_id" : 3922321,
  "match_date" : "2024-02-02",
  "kick_off" : "19:00:00.000",
  "competition" : {
    "competition_id" : 1267,
    "country_name" : "Africa",
    "competition_name" : "African Cup of Nations"
  },
  "season" : {
    "season_id" : 107,
    "season_name" : "2023"
  },
  "home_team" : {
    "home_team_id" : 775,
    "home_team_name" : "Nigeria",
    "home_team_gender" : "male",
    "home_team_group" : null,
    "country" : {
      "id" : 166,
      "name" : "Nigeria"
    },
    "managers" : [ {
      "id" : 523,
      "name" : "José Vítor dos Santos Peseiro",
      "nickname" : "José Peseiro",
      "dob" : "1960-04-04",
      "country" : {
        "id" : 183,
        "name" : "Portugal"
      }
    } ]
  },
  "away_team" : {
    "away_team_id" : 4901,
    "away_team_name" : "Angola",
    "away_team_gender" : "male",
    "away_team_group" : null,
    "country" : {
      "id" : 7,
      "name" : "Angola"
    },
    "managers" : [ {
      "id" : 1000419,
      "name" : "Pedro Valdemar Soares Gonçalves",
      "nickname" : "Pedro Gonçalves",
      "dob" : "1976-02-07",
      "country" : {
        "id" : 183,
        "name" : "Portugal"
      }
    } ]
  },
  "home_score" : 1,
  "away_score" : 0,
  "match_status" : "available",
  "match_status_360" : "unscheduled",
  "last_updated" : "2024-02-11T13:36:54.317170",
  "last_updated_360" : null,
  "metadata" : {
    "data_version" : "1.1.0",
    "shot_fidelity_version" : "2",
    "xy_fidelity_version" : "2"
  },
  "match_week" : 5,
  "competition_stage" : {
    "id" : 11,
    "name" : "Quarter-finals"
  },
  "stadium" : {
    "id" : 117916,
    "name" : "Stade Félix Houphouët-Boigny      ",
    "country" : {
      "id" : 55,
      "name" : "Côte d'Ivoire"
    }
  },
  "referee" : {
    "id" : 1003564,
    "name" : "Issa Sy",
    "country" : {
      "id" : 202,
      "name" : "Senegal"
    }
  }
}, {
  "match_id" : 3922237,
  "match_date" : "2024-01-27",
  "kick_off" : "19:00:00.000",
  "competition" : {
    "competition_id" : 1267,
    "country_name" : "Africa",
    "competition_name" : "African Cup of Nations"
  },
  "season" : {
    "season_id" : 107,
    "season_name" : "2023"
  },
  "home_team" : {
    "home_team_id" : 4901,
    "home_team_name" : "Angola",
    "home_team_gender" : "male",
    "home_team_group" : null,
    "country" : {
      "id" : 7,
      "name" : "Angola"
    },
    "managers" : [ {
      "id" : 1000419,
      "name" : "Pedro Valdemar Soares Gonçalves",
      "nickname" : "Pedro Gonçalves",
      "dob" : "1976-02-07",
      "country" : {
        "id" : 183,
        "name" : "Portugal"
      }
    } ]
  },
  "away_team" : {
    "away_team_id" : 4980,
    "away_team_name" : "Namibia",
    "away_team_gender" : "male",
    "away_team_group" : null,
    "country" : {
      "id" : 157,
      "name" : "Namibia"
    },
    "managers" : [ {
      "id" : 1002931,
      "name" : "Collin Benjamin",
      "nickname" : null,
      "dob" : "1978-08-03",
      "country" : {
        "id" : 157,
        "name" : "Namibia"
      }
    } ]
  },
  "home_score" : 3,
  "away_score" : 0,
  "match_status" : "available",
  "match_status_360" : "unscheduled",
  "last_updated" : "2024-02-01T11:53:21.291476",
  "last_updated_360" : null,
  "metadata" : {
    "data_version" : "1.1.0",
    "shot_fidelity_version" : "2",
    "xy_fidelity_version" : "2"
  },
  "match_week" : 4,
  "competition_stage" : {
    "id" : 33,
    "name" : "Round of 16"
  },
  "stadium" : {
    "id" : 1001316,
    "name" : "Stade de Bouaké",
    "country" : {
      "id" : 55,
      "name" : "Côte d'Ivoire"
    }
  },
  "referee" : {
    "id" : 1003587,
    "name" : "Dahane Beida",
    "country" : {
      "id" : 144,
      "name" : "Mauritania"
    }
  }
}, {
  "match_id" : 3922243,
  "match_date" : "2024-01-30",
  "kick_off" : "22:00:00.000",
  "competition" : {
    "competition_id" : 1267,
    "country_name" : "Africa",
    "competition_name" : "African Cup of Nations"
  },
  "season" : {
    "season_id" : 107,
    "season_name" : "2023"
  },
  "home_team" : {
    "home_team_id" : 788,
    "home_team_name" : "Morocco",
    "home_team_gender" : "male",
    "home_team_group" : null,
    "country" : {
      "id" : 154,
      "name" : "Morocco"
    },
    "managers" : [ {
      "id" : 1000518,
      "name" : "Walid Regragui",
      "nickname" : null,
      "dob" : "1975-09-23",
      "country" : {
        "id" : 154,
        "name" : "Morocco"
      }
    } ]
  },
  "away_team" : {
    "away_team_id" : 4976,
    "away_team_name" : "South Africa",
    "away_team_gender" : "male",
    "away_team_group" : null,
    "country" : {
      "id" : 211,
      "name" : "South Africa"
    },
    "managers" : [ {
      "id" : 1801,
      "name" : "Hugo Henri Broos",
      "nickname" : null,
      "dob" : "1952-04-10",
      "country" : {
        "id" : 22,
        "name" : "Belgium"
      }
    } ]
  },
  "home_score" : 0,
  "away_score" : 2,
  "match_status" : "available",
  "match_status_360" : "unscheduled",
  "last_updated" : "2024-02-05T11:25:58.337888",
  "last_updated_360" : null,
  "metadata" : {
    "data_version" : "1.1.0",
    "shot_fidelity_version" : "2",
    "xy_fidelity_version" : "2"
  },
  "match_week" : 4,
  "competition_stage" : {
    "id" : 33,
    "name" : "Round of 16"
  },
  "stadium" : {
    "id" : 1001497,
    "name" : "Stade Laurent Pokou",
    "country" : {
      "id" : 55,
      "name" : "Côte d'Ivoire"
    }
  },
  "referee" : {
    "id" : 1003531,
    "name" : "Mahmood Ali Mahmood Ismail",
    "country" : {
      "id" : 216,
      "name" : "Sudan"
    }
  }
}, {
  "match_id" : 3922241,
  "match_date" : "2024-01-29",
  "kick_off" : "19:00:00.000",
  "competition" : {
    "competition_id" : 1267,
    "country_name" : "Africa",
    "competition_name" : "African Cup of Nations"
  },
  "season" : {
    "season_id" : 107,
    "season_name" : "2023"
  },
  "home_team" : {
    "home_team_id" : 4924,
    "home_team_name" : "Cape Verde Islands",
    "home_team_gender" : "male",
    "home_team_group" : null,
    "country" : {
      "id" : 41,
      "name" : "Cape Verde"
    },
    "managers" : [ {
      "id" : 1000417,
      "name" : "Pedro Leitão Brito",
      "nickname" : "Bubista",
      "dob" : "1970-01-06",
      "country" : {
        "id" : 41,
        "name" : "Cape Verde"
      }
    } ]
  },
  "away_team" : {
    "away_team_id" : 4932,
    "away_team_name" : "Mauritania",
    "away_team_gender" : "male",
    "away_team_group" : null,
    "country" : {
      "id" : 144,
      "name" : "Mauritania"
    },
    "managers" : [ {
      "id" : 1000971,
      "name" : "Amir Abdou",
      "nickname" : null,
      "dob" : "1972-07-08",
      "country" : {
        "id" : 50,
        "name" : "Comoros"
      }
    } ]
  },
  "home_score" : 1,
  "away_score" : 0,
  "match_status" : "available",
  "match_status_360" : "unscheduled",
  "last_updated" : "2024-02-10T09:15:25.610680",
  "last_updated_360" : null,
  "metadata" : {
    "data_version" : "1.1.0",
    "shot_fidelity_version" : "2",
    "xy_fidelity_version" : "2"
  },
  "match_week" : 4,
  "competition_stage" : {
    "id" : 33,
    "name" : "Round of 16"
  },
  "stadium" : {
    "id" : 117916,
    "name" : "Stade Félix Houphouët-Boigny      ",
    "country" : {
      "id" : 55,
      "name" : "Côte d'Ivoire"
    }
  },
  "referee" : {
    "id" : 2618,
    "name" : "Mohamed Adel Elsaid",
    "country" : {
      "id" : 66,
      "name" : "Egypt"
    }
  }
}, {
  "match_id" : 3922240,
  "match_date" : "2024-01-28",
  "kick_off" : "22:00:00.000",
  "competition" : {
    "competition_id" : 1267,
    "country_name" : "Africa",
    "competition_name" : "African Cup of Nations"
  },
  "season" : {
    "season_id" : 107,
    "season_name" : "2023"
  },
  "home_team" : {
    "home_team_id" : 774,
    "home_team_name" : "Egypt",
    "home_team_gender" : "male",
    "home_team_group" : null,
    "country" : {
      "id" : 66,
      "name" : "Egypt"
    },
    "managers" : [ {
      "id" : 261,
      "name" : "Rui Carlos Pinho da Vitória",
      "nickname" : "Rui Vitória",
      "dob" : "1970-04-16",
      "country" : {
        "id" : 183,
        "name" : "Portugal"
      }
    } ]
  },
  "away_team" : {
    "away_team_id" : 4881,
    "away_team_name" : "Congo DR",
    "away_team_gender" : "male",
    "away_team_group" : null,
    "country" : {
      "id" : 52,
      "name" : "Congo, (Kinshasa)"
    },
    "managers" : [ {
      "id" : 5011,
      "name" : "Sébastien Desabre",
      "nickname" : null,
      "dob" : "1976-08-02",
      "country" : {
        "id" : 78,
        "name" : "France"
      }
    } ]
  },
  "home_score" : 1,
  "away_score" : 1,
  "match_status" : "available",
  "match_status_360" : "unscheduled",
  "last_updated" : "2024-02-01T01:56:20.842165",
  "last_updated_360" : null,
  "metadata" : {
    "data_version" : "1.1.0",
    "shot_fidelity_version" : "2",
    "xy_fidelity_version" : "2"
  },
  "match_week" : 4,
  "competition_stage" : {
    "id" : 33,
    "name" : "Round of 16"
  },
  "stadium" : {
    "id" : 1001497,
    "name" : "Stade Laurent Pokou",
    "country" : {
      "id" : 55,
      "name" : "Côte d'Ivoire"
    }
  },
  "referee" : {
    "id" : 2323,
    "name" : "Abongile Tom",
    "country" : {
      "id" : 211,
      "name" : "South Africa"
    }
  }
}, {
  "match_id" : 3922238,
  "match_date" : "2024-01-27",
  "kick_off" : "22:00:00.000",
  "competition" : {
    "competition_id" : 1267,
    "country_name" : "Africa",
    "competition_name" : "African Cup of Nations"
  },
  "season" : {
    "season_id" : 107,
    "season_name" : "2023"
  },
  "home_team" : {
    "home_team_id" : 775,
    "home_team_name" : "Nigeria",
    "home_team_gender" : "male",
    "home_team_group" : null,
    "country" : {
      "id" : 166,
      "name" : "Nigeria"
    },
    "managers" : [ {
      "id" : 523,
      "name" : "José Vítor dos Santos Peseiro",
      "nickname" : "José Peseiro",
      "dob" : "1960-04-04",
      "country" : {
        "id" : 183,
        "name" : "Portugal"
      }
    } ]
  },
  "away_team" : {
    "away_team_id" : 2722,
    "away_team_name" : "Cameroon",
    "away_team_gender" : "male",
    "away_team_group" : null,
    "country" : {
      "id" : 39,
      "name" : "Cameroon"
    },
    "managers" : [ {
      "id" : 1001250,
      "name" : "Rigobert Song Bahanag",
      "nickname" : null,
      "dob" : "1976-07-01",
      "country" : {
        "id" : 39,
        "name" : "Cameroon"
      }
    } ]
  },
  "home_score" : 2,
  "away_score" : 0,
  "match_status" : "available",
  "match_status_360" : "unscheduled",
  "last_updated" : "2024-02-01T16:35:40.092763",
  "last_updated_360" : null,
  "metadata" : {
    "data_version" : "1.1.0",
    "shot_fidelity_version" : "2",
    "xy_fidelity_version" : "2"
  },
  "match_week" : 4,
  "competition_stage" : {
    "id" : 33,
    "name" : "Round of 16"
  },
  "stadium" : {
    "id" : 117916,
    "name" : "Stade Félix Houphouët-Boigny      ",
    "country" : {
      "id" : 55,
      "name" : "Côte d'Ivoire"
    }
  },
  "referee" : {
    "id" : 2396,
    "name" : "Redouane Jiyed",
    "country" : {
      "id" : 154,
      "name" : "Morocco"
    }
  }
}, {
  "match_id" : 3920396,
  "match_date" : "2024-01-18",
  "kick_off" : "22:00:00.000",
  "competition" : {
    "competition_id" : 1267,
    "country_name" : "Africa",
    "competition_name" : "African Cup of Nations"
  },
  "season" : {
    "season_id" : 107,
    "season_name" : "2023"
  },
  "home_team" : {
    "home_team_id" : 774,
    "home_team_name" : "Egypt",
    "home_team_gender" : "male",
    "home_team_group" : null,
    "country" : {
      "id" : 66,
      "name" : "Egypt"
    },
    "managers" : [ {
      "id" : 261,
      "name" : "Rui Carlos Pinho da Vitória",
      "nickname" : "Rui Vitória",
      "dob" : "1970-04-16",
      "country" : {
        "id" : 183,
        "name" : "Portugal"
      }
    } ]
  },
  "away_team" : {
    "away_team_id" : 4885,
    "away_team_name" : "Ghana",
    "away_team_gender" : "male",
    "away_team_group" : null,
    "country" : {
      "id" : 86,
      "name" : "Ghana"
    },
    "managers" : [ {
      "id" : 395,
      "name" : "Chris Hughton",
      "nickname" : null,
      "dob" : "1958-12-11",
      "country" : {
        "id" : 109,
        "name" : "Ireland"
      }
    } ]
  },
  "home_score" : 2,
  "away_score" : 2,
  "match_status" : "available",
  "match_status_360" : "unscheduled",
  "last_updated" : "2024-02-01T04:43:28.953459",
  "last_updated_360" : null,
  "metadata" : {
    "data_version" : "1.1.0",
    "shot_fidelity_version" : "2",
    "xy_fidelity_version" : "2"
  },
  "match_week" : 2,
  "competition_stage" : {
    "id" : 10,
    "name" : "Group Stage"
  },
  "stadium" : {
    "id" : 117916,
    "name" : "Stade Félix Houphouët-Boigny      ",
    "country" : {
      "id" : 55,
      "name" : "Côte d'Ivoire"
    }
  },
  "referee" : {
    "id" : 1003708,
    "name" : "Pierre Ghislain Atcho",
    "country" : {
      "id" : 82,
      "name" : "Gabon"
    }
  }
}, {
  "match_id" : 3920386,
  "match_date" : "2024-01-14",
  "kick_off" : "16:00:00.000",
  "competition" : {
    "competition_id" : 1267,
    "country_name" : "Africa",
    "competition_name" : "African Cup of Nations"
  },
  "season" : {
    "season_id" : 107,
    "season_name" : "2023"
  },
  "home_team" : {
    "home_team_id" : 775,
    "home_team_name" : "Nigeria",
    "home_team_gender" : "male",
    "home_team_group" : null,
    "country" : {
      "id" : 166,
      "name" : "Nigeria"
    },
    "managers" : [ {
      "id" : 523,
      "name" : "José Vítor dos Santos Peseiro",
      "nickname" : "José Peseiro",
      "dob" : "1960-04-04",
      "country" : {
        "id" : 183,
        "name" : "Portugal"
      }
    } ]
  },
  "away_team" : {
    "away_team_id" : 4992,
    "away_team_name" : "Equatorial Guinea",
    "away_team_gender" : "male",
    "away_team_group" : null,
    "country" : {
      "id" : 69,
      "name" : "Equatorial Guinea"
    },
    "managers" : [ {
      "id" : 1000467,
      "name" : "Juan Micha Obiang Bicogo",
      "nickname" : "Juan Micha",
      "dob" : "1975-07-28",
      "country" : {
        "id" : 69,
        "name" : "Equatorial Guinea"
      }
    } ]
  },
  "home_score" : 1,
  "away_score" : 1,
  "match_status" : "available",
  "match_status_360" : "unscheduled",
  "last_updated" : "2024-01-24T20:57:14.452452",
  "last_updated_360" : null,
  "metadata" : {
    "data_version" : "1.1.0",
    "shot_fidelity_version" : "2",
    "xy_fidelity_version" : "2"
  },
  "match_week" : 1,
  "competition_stage" : {
    "id" : 10,
    "name" : "Group Stage"
  },
  "stadium" : {
    "id" : 117860,
    "name" : "Stade Olympique Alassane Ouattara",
    "country" : {
      "id" : 55,
      "name" : "Côte d'Ivoire"
    }
  },
  "referee" : {
    "id" : 2323,
    "name" : "Abongile Tom",
    "country" : {
      "id" : 211,
      "name" : "South Africa"
    }
  }
}, {
  "match_id" : 3920385,
  "match_date" : "2024-01-14",
  "kick_off" : "19:00:00.000",
  "competition" : {
    "competition_id" : 1267,
    "country_name" : "Africa",
    "competition_name" : "African Cup of Nations"
  },
  "season" : {
    "season_id" : 107,
    "season_name" : "2023"
  },
  "home_team" : {
    "home_team_id" : 774,
    "home_team_name" : "Egypt",
    "home_team_gender" : "male",
    "home_team_group" : null,
    "country" : {
      "id" : 66,
      "name" : "Egypt"
    },
    "managers" : [ {
      "id" : 261,
      "name" : "Rui Carlos Pinho da Vitória",
      "nickname" : "Rui Vitória",
      "dob" : "1970-04-16",
      "country" : {
        "id" : 183,
        "name" : "Portugal"
      }
    } ]
  },
  "away_team" : {
    "away_team_id" : 4978,
    "away_team_name" : "Mozambique",
    "away_team_gender" : "male",
    "away_team_group" : null,
    "country" : {
      "id" : 155,
      "name" : "Mozambique"
    },
    "managers" : [ {
      "id" : 1001646,
      "name" : "Francisco Queriol Conde Júnior",
      "nickname" : "Chiquinho Conde",
      "dob" : "1965-11-22",
      "country" : {
        "id" : 155,
        "name" : "Mozambique"
      }
    } ]
  },
  "home_score" : 2,
  "away_score" : 2,
  "match_status" : "available",
  "match_status_360" : "unscheduled",
  "last_updated" : "2024-01-23T02:42:47.249039",
  "last_updated_360" : null,
  "metadata" : {
    "data_version" : "1.1.0",
    "shot_fidelity_version" : "2",
    "xy_fidelity_version" : "2"
  },
  "match_week" : 1,
  "competition_stage" : {
    "id" : 10,
    "name" : "Group Stage"
  },
  "stadium" : {
    "id" : 117916,
    "name" : "Stade Félix Houphouët-Boigny      ",
    "country" : {
      "id" : 55,
      "name" : "Côte d'Ivoire"
    }
  },
  "referee" : {
    "id" : 1003587,
    "name" : "Dahane Beida",
    "country" : {
      "id" : 144,
      "name" : "Mauritania"
    }
  }
}, {
  "match_id" : 3920387,
  "match_date" : "2024-01-14",
  "kick_off" : "22:00:00.000",
  "competition" : {
    "competition_id" : 1267,
    "country_name" : "Africa",
    "competition_name" : "African Cup of Nations"
  },
  "season" : {
    "season_id" : 107,
    "season_name" : "2023"
  },
  "home_team" : {
    "home_team_id" : 4885,
    "home_team_name" : "Ghana",
    "home_team_gender" : "male",
    "home_team_group" : null,
    "country" : {
      "id" : 86,
      "name" : "Ghana"
    },
    "managers" : [ {
      "id" : 395,
      "name" : "Chris Hughton",
      "nickname" : null,
      "dob" : "1958-12-11",
      "country" : {
        "id" : 109,
        "name" : "Ireland"
      }
    } ]
  },
  "away_team" : {
    "away_team_id" : 4924,
    "away_team_name" : "Cape Verde Islands",
    "away_team_gender" : "male",
    "away_team_group" : null,
    "country" : {
      "id" : 41,
      "name" : "Cape Verde"
    },
    "managers" : [ {
      "id" : 1000417,
      "name" : "Pedro Leitão Brito",
      "nickname" : "Bubista",
      "dob" : "1970-01-06",
      "country" : {
        "id" : 41,
        "name" : "Cape Verde"
      }
    } ]
  },
  "home_score" : 1,
  "away_score" : 2,
  "match_status" : "available",
  "match_status_360" : "unscheduled",
  "last_updated" : "2024-01-24T04:21:45.217991",
  "last_updated_360" : null,
  "metadata" : {
    "data_version" : "1.1.0",
    "shot_fidelity_version" : "2",
    "xy_fidelity_version" : "2"
  },
  "match_week" : 1,
  "competition_stage" : {
    "id" : 10,
    "name" : "Group Stage"
  },
  "stadium" : {
    "id" : 117916,
    "name" : "Stade Félix Houphouët-Boigny      ",
    "country" : {
      "id" : 55,
      "name" : "Côte d'Ivoire"
    }
  },
  "referee" : {
    "id" : 2591,
    "name" : "Jean Jacques Ndala Ngambo",
    "country" : {
      "id" : 52,
      "name" : "Congo, (Kinshasa)"
    }
  }
}, {
  "match_id" : 3920419,
  "match_date" : "2024-01-24",
  "kick_off" : "22:00:00.000",
  "competition" : {
    "competition_id" : 1267,
    "country_name" : "Africa",
    "competition_name" : "African Cup of Nations"
  },
  "season" : {
    "season_id" : 107,
    "season_name" : "2023"
  },
  "home_team" : {
    "home_team_id" : 4963,
    "home_team_name" : "Zambia",
    "home_team_gender" : "male",
    "home_team_group" : null,
    "country" : {
      "id" : 253,
      "name" : "Zambia"
    },
    "managers" : [ {
      "id" : 4969,
      "name" : "Avraham Grant",
      "nickname" : null,
      "dob" : "1955-02-06",
      "country" : {
        "id" : 111,
        "name" : "Israel"
      }
    } ]
  },
  "away_team" : {
    "away_team_id" : 788,
    "away_team_name" : "Morocco",
    "away_team_gender" : "male",
    "away_team_group" : null,
    "country" : {
      "id" : 154,
      "name" : "Morocco"
    },
    "managers" : [ {
      "id" : 1000518,
      "name" : "Walid Regragui",
      "nickname" : null,
      "dob" : "1975-09-23",
      "country" : {
        "id" : 154,
        "name" : "Morocco"
      }
    } ]
  },
  "home_score" : 0,
  "away_score" : 1,
  "match_status" : "available",
  "match_status_360" : "unscheduled",
  "last_updated" : "2024-02-13T18:33:57.197620",
  "last_updated_360" : null,
  "metadata" : {
    "data_version" : "1.1.0",
    "shot_fidelity_version" : "2",
    "xy_fidelity_version" : "2"
  },
  "match_week" : 3,
  "competition_stage" : {
    "id" : 10,
    "name" : "Group Stage"
  },
  "stadium" : {
    "id" : 1001497,
    "name" : "Stade Laurent Pokou",
    "country" : {
      "id" : 55,
      "name" : "Côte d'Ivoire"
    }
  },
  "referee" : {
    "id" : 1006318,
    "name" : "Patrice Tanguy Mebiame",
    "country" : {
      "id" : 82,
      "name" : "Gabon"
    }
  }
}, {
  "match_id" : 3920418,
  "match_date" : "2024-01-24",
  "kick_off" : "22:00:00.000",
  "competition" : {
    "competition_id" : 1267,
    "country_name" : "Africa",
    "competition_name" : "African Cup of Nations"
  },
  "season" : {
    "season_id" : 107,
    "season_name" : "2023"
  },
  "home_team" : {
    "home_team_id" : 4953,
    "home_team_name" : "Tanzania",
    "home_team_gender" : "male",
    "home_team_group" : null,
    "country" : {
      "id" : 225,
      "name" : "Tanzania, United Republic of"
    },
    "managers" : [ {
      "id" : 1004249,
      "name" : "Hemed Suleiman Ali",
      "nickname" : "Hemed Ali",
      "dob" : "1970-08-04",
      "country" : {
        "id" : 225,
        "name" : "Tanzania, United Republic of"
      }
    } ]
  },
  "away_team" : {
    "away_team_id" : 4881,
    "away_team_name" : "Congo DR",
    "away_team_gender" : "male",
    "away_team_group" : null,
    "country" : {
      "id" : 52,
      "name" : "Congo, (Kinshasa)"
    },
    "managers" : [ {
      "id" : 5011,
      "name" : "Sébastien Desabre",
      "nickname" : null,
      "dob" : "1976-08-02",
      "country" : {
        "id" : 78,
        "name" : "France"
      }
    } ]
  },
  "home_score" : 0,
  "away_score" : 0,
  "match_status" : "available",
  "match_status_360" : "unscheduled",
  "last_updated" : "2024-02-10T03:50:22.516830",
  "last_updated_360" : null,
  "metadata" : {
    "data_version" : "1.1.0",
    "shot_fidelity_version" : "2",
    "xy_fidelity_version" : "2"
  },
  "match_week" : 3,
  "competition_stage" : {
    "id" : 10,
    "name" : "Group Stage"
  },
  "stadium" : {
    "id" : 1001609,
    "name" : "Stade Amadou Gon Coulibaly",
    "country" : {
      "id" : 55,
      "name" : "Côte d'Ivoire"
    }
  },
  "referee" : {
    "id" : 2387,
    "name" : "Amin Mohamed Omar",
    "country" : {
      "id" : 66,
      "name" : "Egypt"
    }
  }
}, {
  "match_id" : 3920417,
  "match_date" : "2024-01-24",
  "kick_off" : "19:00:00.000",
  "competition" : {
    "competition_id" : 1267,
    "country_name" : "Africa",
    "competition_name" : "African Cup of Nations"
  },
  "season" : {
    "season_id" : 107,
    "season_name" : "2023"
  },
  "home_team" : {
    "home_team_id" : 4980,
    "home_team_name" : "Namibia",
    "home_team_gender" : "male",
    "home_team_group" : null,
    "country" : {
      "id" : 157,
      "name" : "Namibia"
    },
    "managers" : [ {
      "id" : 1002931,
      "name" : "Collin Benjamin",
      "nickname" : null,
      "dob" : "1978-08-03",
      "country" : {
        "id" : 157,
        "name" : "Namibia"
      }
    } ]
  },
  "away_team" : {
    "away_team_id" : 4930,
    "away_team_name" : "Mali",
    "away_team_gender" : "male",
    "away_team_group" : null,
    "country" : {
      "id" : 140,
      "name" : "Mali"
    },
    "managers" : [ {
      "id" : 1000157,
      "name" : "Éric Chelle",
      "nickname" : null,
      "dob" : "1977-11-11",
      "country" : {
        "id" : 140,
        "name" : "Mali"
      }
    } ]
  },
  "home_score" : 0,
  "away_score" : 0,
  "match_status" : "available",
  "match_status_360" : "unscheduled",
  "last_updated" : "2024-02-04T23:58:48.675183",
  "last_updated_360" : null,
  "metadata" : {
    "data_version" : "1.1.0",
    "shot_fidelity_version" : "2",
    "xy_fidelity_version" : "2"
  },
  "match_week" : 3,
  "competition_stage" : {
    "id" : 10,
    "name" : "Group Stage"
  },
  "stadium" : {
    "id" : 1001497,
    "name" : "Stade Laurent Pokou",
    "country" : {
      "id" : 55,
      "name" : "Côte d'Ivoire"
    }
  },
  "referee" : {
    "id" : 1003479,
    "name" : "Samuel Uwikunda",
    "country" : {
      "id" : 189,
      "name" : "Rwanda"
    }
  }
}, {
  "match_id" : 3920416,
  "match_date" : "2024-01-24",
  "kick_off" : "19:00:00.000",
  "competition" : {
    "competition_id" : 1267,
    "country_name" : "Africa",
    "competition_name" : "African Cup of Nations"
  },
  "season" : {
    "season_id" : 107,
    "season_name" : "2023"
  },
  "home_team" : {
    "home_team_id" : 4976,
    "home_team_name" : "South Africa",
    "home_team_gender" : "male",
    "home_team_group" : null,
    "country" : {
      "id" : 211,
      "name" : "South Africa"
    },
    "managers" : [ {
      "id" : 1801,
      "name" : "Hugo Henri Broos",
      "nickname" : null,
      "dob" : "1952-04-10",
      "country" : {
        "id" : 22,
        "name" : "Belgium"
      }
    } ]
  },
  "away_team" : {
    "away_team_id" : 777,
    "away_team_name" : "Tunisia",
    "away_team_gender" : "male",
    "away_team_group" : null,
    "country" : {
      "id" : 232,
      "name" : "Tunisia"
    },
    "managers" : [ {
      "id" : 1001303,
      "name" : "Jalel Kadri",
      "nickname" : null,
      "dob" : null,
      "country" : {
        "id" : 232,
        "name" : "Tunisia"
      }
    } ]
  },
  "home_score" : 0,
  "away_score" : 0,
  "match_status" : "available",
  "match_status_360" : "unscheduled",
  "last_updated" : "2024-02-10T01:37:52.053491",
  "last_updated_360" : null,
  "metadata" : {
    "data_version" : "1.1.0",
    "shot_fidelity_version" : "2",
    "xy_fidelity_version" : "2"
  },
  "match_week" : 3,
  "competition_stage" : {
    "id" : 10,
    "name" : "Group Stage"
  },
  "stadium" : {
    "id" : 1001609,
    "name" : "Stade Amadou Gon Coulibaly",
    "country" : {
      "id" : 55,
      "name" : "Côte d'Ivoire"
    }
  },
  "referee" : {
    "id" : 1003564,
    "name" : "Issa Sy",
    "country" : {
      "id" : 202,
      "name" : "Senegal"
    }
  }
}, {
  "match_id" : 3920415,
  "match_date" : "2024-01-23",
  "kick_off" : "22:00:00.000",
  "competition" : {
    "competition_id" : 1267,
    "country_name" : "Africa",
    "competition_name" : "African Cup of Nations"
  },
  "season" : {
    "season_id" : 107,
    "season_name" : "2023"
  },
  "home_team" : {
    "home_team_id" : 4932,
    "home_team_name" : "Mauritania",
    "home_team_gender" : "male",
    "home_team_group" : null,
    "country" : {
      "id" : 144,
      "name" : "Mauritania"
    },
    "managers" : [ {
      "id" : 1000971,
      "name" : "Amir Abdou",
      "nickname" : null,
      "dob" : "1972-07-08",
      "country" : {
        "id" : 50,
        "name" : "Comoros"
      }
    } ]
  },
  "away_team" : {
    "away_team_id" : 4898,
    "away_team_name" : "Algeria",
    "away_team_gender" : "male",
    "away_team_group" : null,
    "country" : {
      "id" : 4,
      "name" : "Algeria"
    },
    "managers" : [ {
      "id" : 1000440,
      "name" : "Djamel Belmadi",
      "nickname" : null,
      "dob" : "1976-03-25",
      "country" : {
        "id" : 4,
        "name" : "Algeria"
      }
    } ]
  },
  "home_score" : 1,
  "away_score" : 0,
  "match_status" : "available",
  "match_status_360" : "unscheduled",
  "last_updated" : "2024-02-09T23:26:09.999232",
  "last_updated_360" : null,
  "metadata" : {
    "data_version" : "1.1.0",
    "shot_fidelity_version" : "2",
    "xy_fidelity_version" : "2"
  },
  "match_week" : 3,
  "competition_stage" : {
    "id" : 10,
    "name" : "Group Stage"
  },
  "stadium" : {
    "id" : 1001316,
    "name" : "Stade de Bouaké",
    "country" : {
      "id" : 55,
      "name" : "Côte d'Ivoire"
    }
  },
  "referee" : {
    "id" : 1003731,
    "name" : "Omar Abdulkadir Artan",
    "country" : {
      "id" : 210,
      "name" : "Somalia"
    }
  }
}, {
  "match_id" : 3920414,
  "match_date" : "2024-01-23",
  "kick_off" : "22:00:00.000",
  "competition" : {
    "competition_id" : 1267,
    "country_name" : "Africa",
    "competition_name" : "African Cup of Nations"
  },
  "season" : {
    "season_id" : 107,
    "season_name" : "2023"
  },
  "home_team" : {
    "home_team_id" : 4901,
    "home_team_name" : "Angola",
    "home_team_gender" : "male",
    "home_team_group" : null,
    "country" : {
      "id" : 7,
      "name" : "Angola"
    },
    "managers" : [ {
      "id" : 1000419,
      "name" : "Pedro Valdemar Soares Gonçalves",
      "nickname" : "Pedro Gonçalves",
      "dob" : "1976-02-07",
      "country" : {
        "id" : 183,
        "name" : "Portugal"
      }
    } ]
  },
  "away_team" : {
    "away_team_id" : 4921,
    "away_team_name" : "Burkina Faso",
    "away_team_gender" : "male",
    "away_team_group" : null,
    "country" : {
      "id" : 36,
      "name" : "Burkina Faso"
    },
    "managers" : [ {
      "id" : 1000428,
      "name" : "Hubert Velud",
      "nickname" : null,
      "dob" : "1959-06-08",
      "country" : {
        "id" : 78,
        "name" : "France"
      }
    } ]
  },
  "home_score" : 2,
  "away_score" : 0,
  "match_status" : "available",
  "match_status_360" : "unscheduled",
  "last_updated" : "2024-02-11T20:18:49.215191",
  "last_updated_360" : null,
  "metadata" : {
    "data_version" : "1.1.0",
    "shot_fidelity_version" : "2",
    "xy_fidelity_version" : "2"
  },
  "match_week" : 3,
  "competition_stage" : {
    "id" : 10,
    "name" : "Group Stage"
  },
  "stadium" : {
    "id" : 1000822,
    "name" : "Stade Charles Konan Banny de Yamoussoukro",
    "country" : {
      "id" : 55,
      "name" : "Côte d'Ivoire"
    }
  },
  "referee" : {
    "id" : 2591,
    "name" : "Jean Jacques Ndala Ngambo",
    "country" : {
      "id" : 52,
      "name" : "Congo, (Kinshasa)"
    }
  }
}, {
  "match_id" : 3920413,
  "match_date" : "2024-01-23",
  "kick_off" : "19:00:00.000",
  "competition" : {
    "competition_id" : 1267,
    "country_name" : "Africa",
    "competition_name" : "African Cup of Nations"
  },
  "season" : {
    "season_id" : 107,
    "season_name" : "2023"
  },
  "home_team" : {
    "home_team_id" : 4934,
    "home_team_name" : "Gambia",
    "home_team_gender" : "male",
    "home_team_group" : null,
    "country" : {
      "id" : 83,
      "name" : "Gambia"
    },
    "managers" : [ {
      "id" : 1000972,
      "name" : "Tom Saintfiet",
      "nickname" : null,
      "dob" : "1973-03-29",
      "country" : {
        "id" : 22,
        "name" : "Belgium"
      }
    } ]
  },
  "away_team" : {
    "away_team_id" : 2722,
    "away_team_name" : "Cameroon",
    "away_team_gender" : "male",
    "away_team_group" : null,
    "country" : {
      "id" : 39,
      "name" : "Cameroon"
    },
    "managers" : [ {
      "id" : 1001250,
      "name" : "Rigobert Song Bahanag",
      "nickname" : null,
      "dob" : "1976-07-01",
      "country" : {
        "id" : 39,
        "name" : "Cameroon"
      }
    } ]
  },
  "home_score" : 2,
  "away_score" : 3,
  "match_status" : "available",
  "match_status_360" : "unscheduled",
  "last_updated" : "2024-02-09T18:00:00.915208",
  "last_updated_360" : null,
  "metadata" : {
    "data_version" : "1.1.0",
    "shot_fidelity_version" : "2",
    "xy_fidelity_version" : "2"
  },
  "match_week" : 3,
  "competition_stage" : {
    "id" : 10,
    "name" : "Group Stage"
  },
  "stadium" : {
    "id" : 1001316,
    "name" : "Stade de Bouaké",
    "country" : {
      "id" : 55,
      "name" : "Côte d'Ivoire"
    }
  },
  "referee" : {
    "id" : 1000963,
    "name" : "Bamlak Tessema Weyesa",
    "country" : {
      "id" : 72,
      "name" : "Ethiopia"
    }
  }
}, {
  "match_id" : 3920412,
  "match_date" : "2024-01-23",
  "kick_off" : "19:00:00.000",
  "competition" : {
    "competition_id" : 1267,
    "country_name" : "Africa",
    "competition_name" : "African Cup of Nations"
  },
  "season" : {
    "season_id" : 107,
    "season_name" : "2023"
  },
  "home_team" : {
    "home_team_id" : 4892,
    "home_team_name" : "Guinea",
    "home_team_gender" : "male",
    "home_team_group" : null,
    "country" : {
      "id" : 95,
      "name" : "Guinea"
    },
    "managers" : [ {
      "id" : 1000780,
      "name" : "Kaba Diawara",
      "nickname" : null,
      "dob" : "1975-12-16",
      "country" : {
        "id" : 95,
        "name" : "Guinea"
      }
    } ]
  },
  "away_team" : {
    "away_team_id" : 787,
    "away_team_name" : "Senegal",
    "away_team_gender" : "male",
    "away_team_group" : null,
    "country" : {
      "id" : 202,
      "name" : "Senegal"
    },
    "managers" : [ {
      "id" : 635,
      "name" : "Aliou Cissé",
      "nickname" : null,
      "dob" : "1976-03-24",
      "country" : {
        "id" : 202,
        "name" : "Senegal"
      }
    } ]
  },
  "home_score" : 0,
  "away_score" : 2,
  "match_status" : "available",
  "match_status_360" : "unscheduled",
  "last_updated" : "2024-02-04T22:30:13.735664",
  "last_updated_360" : null,
  "metadata" : {
    "data_version" : "1.1.0",
    "shot_fidelity_version" : "2",
    "xy_fidelity_version" : "2"
  },
  "match_week" : 3,
  "competition_stage" : {
    "id" : 10,
    "name" : "Group Stage"
  },
  "stadium" : {
    "id" : 1000822,
    "name" : "Stade Charles Konan Banny de Yamoussoukro",
    "country" : {
      "id" : 55,
      "name" : "Côte d'Ivoire"
    }
  },
  "referee" : {
    "id" : 1003636,
    "name" : "Pacifique Ndabihawenimana",
    "country" : {
      "id" : 37,
      "name" : "Burundi"
    }
  }
}, {
  "match_id" : 3920411,
  "match_date" : "2024-01-22",
  "kick_off" : "22:00:00.000",
  "competition" : {
    "competition_id" : 1267,
    "country_name" : "Africa",
    "competition_name" : "African Cup of Nations"
  },
  "season" : {
    "season_id" : 107,
    "season_name" : "2023"
  },
  "home_team" : {
    "home_team_id" : 4924,
    "home_team_name" : "Cape Verde Islands",
    "home_team_gender" : "male",
    "home_team_group" : null,
    "country" : {
      "id" : 41,
      "name" : "Cape Verde"
    },
    "managers" : [ {
      "id" : 1000417,
      "name" : "Pedro Leitão Brito",
      "nickname" : "Bubista",
      "dob" : "1970-01-06",
      "country" : {
        "id" : 41,
        "name" : "Cape Verde"
      }
    } ]
  },
  "away_team" : {
    "away_team_id" : 774,
    "away_team_name" : "Egypt",
    "away_team_gender" : "male",
    "away_team_group" : null,
    "country" : {
      "id" : 66,
      "name" : "Egypt"
    },
    "managers" : [ {
      "id" : 261,
      "name" : "Rui Carlos Pinho da Vitória",
      "nickname" : "Rui Vitória",
      "dob" : "1970-04-16",
      "country" : {
        "id" : 183,
        "name" : "Portugal"
      }
    } ]
  },
  "home_score" : 2,
  "away_score" : 2,
  "match_status" : "available",
  "match_status_360" : "unscheduled",
  "last_updated" : "2024-01-30T02:56:40.286450",
  "last_updated_360" : null,
  "metadata" : {
    "data_version" : "1.1.0",
    "shot_fidelity_version" : "2",
    "xy_fidelity_version" : "2"
  },
  "match_week" : 3,
  "competition_stage" : {
    "id" : 10,
    "name" : "Group Stage"
  },
  "stadium" : {
    "id" : 117916,
    "name" : "Stade Félix Houphouët-Boigny      ",
    "country" : {
      "id" : 55,
      "name" : "Côte d'Ivoire"
    }
  },
  "referee" : {
    "id" : 1008353,
    "name" : "Alhadi Allaou Mahamat",
    "country" : {
      "id" : 44,
      "name" : "Chad"
    }
  }
}, {
  "match_id" : 3920410,
  "match_date" : "2024-01-22",
  "kick_off" : "22:00:00.000",
  "competition" : {
    "competition_id" : 1267,
    "country_name" : "Africa",
    "competition_name" : "African Cup of Nations"
  },
  "season" : {
    "season_id" : 107,
    "season_name" : "2023"
  },
  "home_team" : {
    "home_team_id" : 4978,
    "home_team_name" : "Mozambique",
    "home_team_gender" : "male",
    "home_team_group" : null,
    "country" : {
      "id" : 155,
      "name" : "Mozambique"
    },
    "managers" : [ {
      "id" : 1001646,
      "name" : "Francisco Queriol Conde Júnior",
      "nickname" : "Chiquinho Conde",
      "dob" : "1965-11-22",
      "country" : {
        "id" : 155,
        "name" : "Mozambique"
      }
    } ]
  },
  "away_team" : {
    "away_team_id" : 4885,
    "away_team_name" : "Ghana",
    "away_team_gender" : "male",
    "away_team_group" : null,
    "country" : {
      "id" : 86,
      "name" : "Ghana"
    },
    "managers" : [ {
      "id" : 395,
      "name" : "Chris Hughton",
      "nickname" : null,
      "dob" : "1958-12-11",
      "country" : {
        "id" : 109,
        "name" : "Ireland"
      }
    } ]
  },
  "home_score" : 2,
  "away_score" : 2,
  "match_status" : "available",
  "match_status_360" : "unscheduled",
  "last_updated" : "2024-02-10T15:40:12.727481",
  "last_updated_360" : null,
  "metadata" : {
    "data_version" : "1.1.0",
    "shot_fidelity_version" : "2",
    "xy_fidelity_version" : "2"
  },
  "match_week" : 3,
  "competition_stage" : {
    "id" : 10,
    "name" : "Group Stage"
  },
  "stadium" : {
    "id" : 117860,
    "name" : "Stade Olympique Alassane Ouattara",
    "country" : {
      "id" : 55,
      "name" : "Côte d'Ivoire"
    }
  },
  "referee" : {
    "id" : 1003537,
    "name" : "Ibrahim Mutaz",
    "country" : {
      "id" : 130,
      "name" : "Libya"
    }
  }
}, {
  "match_id" : 3920409,
  "match_date" : "2024-01-22",
  "kick_off" : "19:00:00.000",
  "competition" : {
    "competition_id" : 1267,
    "country_name" : "Africa",
    "competition_name" : "African Cup of Nations"
  },
  "season" : {
    "season_id" : 107,
    "season_name" : "2023"
  },
  "home_team" : {
    "home_team_id" : 4894,
    "home_team_name" : "Guinea-Bissau",
    "home_team_gender" : "male",
    "home_team_group" : null,
    "country" : {
      "id" : 96,
      "name" : "Guinea-Bissau"
    },
    "managers" : [ {
      "id" : 1000429,
      "name" : "Baciro Candé",
      "nickname" : null,
      "dob" : "1967-04-06",
      "country" : {
        "id" : 96,
        "name" : "Guinea-Bissau"
      }
    } ]
  },
  "away_team" : {
    "away_team_id" : 775,
    "away_team_name" : "Nigeria",
    "away_team_gender" : "male",
    "away_team_group" : null,
    "country" : {
      "id" : 166,
      "name" : "Nigeria"
    },
    "managers" : [ {
      "id" : 523,
      "name" : "José Vítor dos Santos Peseiro",
      "nickname" : "José Peseiro",
      "dob" : "1960-04-04",
      "country" : {
        "id" : 183,
        "name" : "Portugal"
      }
    } ]
  },
  "home_score" : 0,
  "away_score" : 1,
  "match_status" : "available",
  "match_status_360" : "unscheduled",
  "last_updated" : "2024-01-25T10:28:41.450343",
  "last_updated_360" : null,
  "metadata" : {
    "data_version" : "1.1.0",
    "shot_fidelity_version" : "2",
    "xy_fidelity_version" : "2"
  },
  "match_week" : 3,
  "competition_stage" : {
    "id" : 10,
    "name" : "Group Stage"
  },
  "stadium" : {
    "id" : 117916,
    "name" : "Stade Félix Houphouët-Boigny      ",
    "country" : {
      "id" : 55,
      "name" : "Côte d'Ivoire"
    }
  },
  "referee" : {
    "id" : 1005493,
    "name" : "Bouchra Karboubi",
    "country" : {
      "id" : 154,
      "name" : "Morocco"
    }
  }
}, {
  "match_id" : 3920408,
  "match_date" : "2024-01-22",
  "kick_off" : "19:00:00.000",
  "competition" : {
    "competition_id" : 1267,
    "country_name" : "Africa",
    "competition_name" : "African Cup of Nations"
  },
  "season" : {
    "season_id" : 107,
    "season_name" : "2023"
  },
  "home_team" : {
    "home_team_id" : 4992,
    "home_team_name" : "Equatorial Guinea",
    "home_team_gender" : "male",
    "home_team_group" : null,
    "country" : {
      "id" : 69,
      "name" : "Equatorial Guinea"
    },
    "managers" : [ {
      "id" : 1000467,
      "name" : "Juan Micha Obiang Bicogo",
      "nickname" : "Juan Micha",
      "dob" : "1975-07-28",
      "country" : {
        "id" : 69,
        "name" : "Equatorial Guinea"
      }
    } ]
  },
  "away_team" : {
    "away_team_id" : 3374,
    "away_team_name" : "Côte d'Ivoire",
    "away_team_gender" : "male",
    "away_team_group" : null,
    "country" : {
      "id" : 55,
      "name" : "Côte d'Ivoire"
    },
    "managers" : [ {
      "id" : 368,
      "name" : "Jean-Louis Gasset",
      "nickname" : null,
      "dob" : "1953-12-09",
      "country" : {
        "id" : 78,
        "name" : "France"
      }
    } ]
  },
  "home_score" : 4,
  "away_score" : 0,
  "match_status" : "available",
  "match_status_360" : "unscheduled",
  "last_updated" : "2024-02-08T17:43:43.602435",
  "last_updated_360" : null,
  "metadata" : {
    "data_version" : "1.1.0",
    "shot_fidelity_version" : "2",
    "xy_fidelity_version" : "2"
  },
  "match_week" : 3,
  "competition_stage" : {
    "id" : 10,
    "name" : "Group Stage"
  },
  "stadium" : {
    "id" : 117860,
    "name" : "Stade Olympique Alassane Ouattara",
    "country" : {
      "id" : 55,
      "name" : "Côte d'Ivoire"
    }
  },
  "referee" : {
    "id" : 1003531,
    "name" : "Mahmood Ali Mahmood Ismail",
    "country" : {
      "id" : 216,
      "name" : "Sudan"
    }
  }
}, {
  "match_id" : 3920407,
  "match_date" : "2024-01-21",
  "kick_off" : "22:00:00.000",
  "competition" : {
    "competition_id" : 1267,
    "country_name" : "Africa",
    "competition_name" : "African Cup of Nations"
  },
  "season" : {
    "season_id" : 107,
    "season_name" : "2023"
  },
  "home_team" : {
    "home_team_id" : 4976,
    "home_team_name" : "South Africa",
    "home_team_gender" : "male",
    "home_team_group" : null,
    "country" : {
      "id" : 211,
      "name" : "South Africa"
    },
    "managers" : [ {
      "id" : 1801,
      "name" : "Hugo Henri Broos",
      "nickname" : null,
      "dob" : "1952-04-10",
      "country" : {
        "id" : 22,
        "name" : "Belgium"
      }
    } ]
  },
  "away_team" : {
    "away_team_id" : 4980,
    "away_team_name" : "Namibia",
    "away_team_gender" : "male",
    "away_team_group" : null,
    "country" : {
      "id" : 157,
      "name" : "Namibia"
    },
    "managers" : [ {
      "id" : 1002931,
      "name" : "Collin Benjamin",
      "nickname" : null,
      "dob" : "1978-08-03",
      "country" : {
        "id" : 157,
        "name" : "Namibia"
      }
    } ]
  },
  "home_score" : 4,
  "away_score" : 0,
  "match_status" : "available",
  "match_status_360" : "unscheduled",
  "last_updated" : "2024-02-03T16:31:10.429797",
  "last_updated_360" : null,
  "metadata" : {
    "data_version" : "1.1.0",
    "shot_fidelity_version" : "2",
    "xy_fidelity_version" : "2"
  },
  "match_week" : 2,
  "competition_stage" : {
    "id" : 10,
    "name" : "Group Stage"
  },
  "stadium" : {
    "id" : 1001609,
    "name" : "Stade Amadou Gon Coulibaly",
    "country" : {
      "id" : 55,
      "name" : "Côte d'Ivoire"
    }
  },
  "referee" : {
    "id" : 1008307,
    "name" : "Youcef Gamouh",
    "country" : {
      "id" : 4,
      "name" : "Algeria"
    }
  }
}, {
  "match_id" : 3920406,
  "match_date" : "2024-01-21",
  "kick_off" : "19:00:00.000",
  "competition" : {
    "competition_id" : 1267,
    "country_name" : "Africa",
    "competition_name" : "African Cup of Nations"
  },
  "season" : {
    "season_id" : 107,
    "season_name" : "2023"
  },
  "home_team" : {
    "home_team_id" : 4963,
    "home_team_name" : "Zambia",
    "home_team_gender" : "male",
    "home_team_group" : null,
    "country" : {
      "id" : 253,
      "name" : "Zambia"
    },
    "managers" : [ {
      "id" : 4969,
      "name" : "Avraham Grant",
      "nickname" : null,
      "dob" : "1955-02-06",
      "country" : {
        "id" : 111,
        "name" : "Israel"
      }
    } ]
  },
  "away_team" : {
    "away_team_id" : 4953,
    "away_team_name" : "Tanzania",
    "away_team_gender" : "male",
    "away_team_group" : null,
    "country" : {
      "id" : 225,
      "name" : "Tanzania, United Republic of"
    },
    "managers" : [ {
      "id" : 1001640,
      "name" : "Adel Amrouche",
      "nickname" : null,
      "dob" : "1968-03-07",
      "country" : {
        "id" : 22,
        "name" : "Belgium"
      }
    } ]
  },
  "home_score" : 1,
  "away_score" : 1,
  "match_status" : "available",
  "match_status_360" : "unscheduled",
  "last_updated" : "2024-02-03T23:34:41.626380",
  "last_updated_360" : null,
  "metadata" : {
    "data_version" : "1.1.0",
    "shot_fidelity_version" : "2",
    "xy_fidelity_version" : "2"
  },
  "match_week" : 2,
  "competition_stage" : {
    "id" : 10,
    "name" : "Group Stage"
  },
  "stadium" : {
    "id" : 1001497,
    "name" : "Stade Laurent Pokou",
    "country" : {
      "id" : 55,
      "name" : "Côte d'Ivoire"
    }
  },
  "referee" : {
    "id" : 1004609,
    "name" : "Djindo Louis Houngnandande",
    "country" : {
      "id" : 24,
      "name" : "Benin"
    }
  }
}, {
  "match_id" : 3920405,
  "match_date" : "2024-01-21",
  "kick_off" : "16:00:00.000",
  "competition" : {
    "competition_id" : 1267,
    "country_name" : "Africa",
    "competition_name" : "African Cup of Nations"
  },
  "season" : {
    "season_id" : 107,
    "season_name" : "2023"
  },
  "home_team" : {
    "home_team_id" : 788,
    "home_team_name" : "Morocco",
    "home_team_gender" : "male",
    "home_team_group" : null,
    "country" : {
      "id" : 154,
      "name" : "Morocco"
    },
    "managers" : [ {
      "id" : 1000518,
      "name" : "Walid Regragui",
      "nickname" : null,
      "dob" : "1975-09-23",
      "country" : {
        "id" : 154,
        "name" : "Morocco"
      }
    } ]
  },
  "away_team" : {
    "away_team_id" : 4881,
    "away_team_name" : "Congo DR",
    "away_team_gender" : "male",
    "away_team_group" : null,
    "country" : {
      "id" : 52,
      "name" : "Congo, (Kinshasa)"
    },
    "managers" : [ {
      "id" : 5011,
      "name" : "Sébastien Desabre",
      "nickname" : null,
      "dob" : "1976-08-02",
      "country" : {
        "id" : 78,
        "name" : "France"
      }
    } ]
  },
  "home_score" : 1,
  "away_score" : 1,
  "match_status" : "available",
  "match_status_360" : "unscheduled",
  "last_updated" : "2024-01-27T07:43:22.494230",
  "last_updated_360" : null,
  "metadata" : {
    "data_version" : "1.1.0",
    "shot_fidelity_version" : "2",
    "xy_fidelity_version" : "2"
  },
  "match_week" : 2,
  "competition_stage" : {
    "id" : 10,
    "name" : "Group Stage"
  },
  "stadium" : {
    "id" : 1001497,
    "name" : "Stade Laurent Pokou",
    "country" : {
      "id" : 55,
      "name" : "Côte d'Ivoire"
    }
  },
  "referee" : {
    "id" : 1003468,
    "name" : "Peter Waweru Kamaku",
    "country" : {
      "id" : 118,
      "name" : "Kenya"
    }
  }
}, {
  "match_id" : 3920404,
  "match_date" : "2024-01-20",
  "kick_off" : "22:00:00.000",
  "competition" : {
    "competition_id" : 1267,
    "country_name" : "Africa",
    "competition_name" : "African Cup of Nations"
  },
  "season" : {
    "season_id" : 107,
    "season_name" : "2023"
  },
  "home_team" : {
    "home_team_id" : 777,
    "home_team_name" : "Tunisia",
    "home_team_gender" : "male",
    "home_team_group" : null,
    "country" : {
      "id" : 232,
      "name" : "Tunisia"
    },
    "managers" : [ {
      "id" : 1001303,
      "name" : "Jalel Kadri",
      "nickname" : null,
      "dob" : null,
      "country" : {
        "id" : 232,
        "name" : "Tunisia"
      }
    } ]
  },
  "away_team" : {
    "away_team_id" : 4930,
    "away_team_name" : "Mali",
    "away_team_gender" : "male",
    "away_team_group" : null,
    "country" : {
      "id" : 140,
      "name" : "Mali"
    },
    "managers" : [ {
      "id" : 1000157,
      "name" : "Éric Chelle",
      "nickname" : null,
      "dob" : "1977-11-11",
      "country" : {
        "id" : 140,
        "name" : "Mali"
      }
    } ]
  },
  "home_score" : 1,
  "away_score" : 1,
  "match_status" : "available",
  "match_status_360" : "unscheduled",
  "last_updated" : "2024-01-21T18:12:54.576432",
  "last_updated_360" : null,
  "metadata" : {
    "data_version" : "1.1.0",
    "shot_fidelity_version" : "2",
    "xy_fidelity_version" : "2"
  },
  "match_week" : 2,
  "competition_stage" : {
    "id" : 10,
    "name" : "Group Stage"
  },
  "stadium" : {
    "id" : 1001609,
    "name" : "Stade Amadou Gon Coulibaly",
    "country" : {
      "id" : 55,
      "name" : "Côte d'Ivoire"
    }
  },
  "referee" : {
    "id" : 1003605,
    "name" : "Daniel Nii Ayi Laryea",
    "country" : {
      "id" : 86,
      "name" : "Ghana"
    }
  }
}, {
  "match_id" : 3920403,
  "match_date" : "2024-01-20",
  "kick_off" : "19:00:00.000",
  "competition" : {
    "competition_id" : 1267,
    "country_name" : "Africa",
    "competition_name" : "African Cup of Nations"
  },
  "season" : {
    "season_id" : 107,
    "season_name" : "2023"
  },
  "home_team" : {
    "home_team_id" : 4932,
    "home_team_name" : "Mauritania",
    "home_team_gender" : "male",
    "home_team_group" : null,
    "country" : {
      "id" : 144,
      "name" : "Mauritania"
    },
    "managers" : [ {
      "id" : 1000971,
      "name" : "Amir Abdou",
      "nickname" : null,
      "dob" : "1972-07-08",
      "country" : {
        "id" : 50,
        "name" : "Comoros"
      }
    } ]
  },
  "away_team" : {
    "away_team_id" : 4901,
    "away_team_name" : "Angola",
    "away_team_gender" : "male",
    "away_team_group" : null,
    "country" : {
      "id" : 7,
      "name" : "Angola"
    },
    "managers" : [ {
      "id" : 1000419,
      "name" : "Pedro Valdemar Soares Gonçalves",
      "nickname" : "Pedro Gonçalves",
      "dob" : "1976-02-07",
      "country" : {
        "id" : 183,
        "name" : "Portugal"
      }
    } ]
  },
  "home_score" : 2,
  "away_score" : 3,
  "match_status" : "available",
  "match_status_360" : "unscheduled",
  "last_updated" : "2024-01-21T13:32:08.603030",
  "last_updated_360" : null,
  "metadata" : {
    "data_version" : "1.1.0",
    "shot_fidelity_version" : "2",
    "xy_fidelity_version" : "2"
  },
  "match_week" : 2,
  "competition_stage" : {
    "id" : 10,
    "name" : "Group Stage"
  },
  "stadium" : {
    "id" : 1001316,
    "name" : "Stade de Bouaké",
    "country" : {
      "id" : 55,
      "name" : "Côte d'Ivoire"
    }
  },
  "referee" : {
    "id" : 2688,
    "name" : "Mohamed Maarouf Eid Mansour",
    "country" : {
      "id" : 66,
      "name" : "Egypt"
    }
  }
}, {
  "match_id" : 3920402,
  "match_date" : "2024-01-20",
  "kick_off" : "16:00:00.000",
  "competition" : {
    "competition_id" : 1267,
    "country_name" : "Africa",
    "competition_name" : "African Cup of Nations"
  },
  "season" : {
    "season_id" : 107,
    "season_name" : "2023"
  },
  "home_team" : {
    "home_team_id" : 4898,
    "home_team_name" : "Algeria",
    "home_team_gender" : "male",
    "home_team_group" : null,
    "country" : {
      "id" : 4,
      "name" : "Algeria"
    },
    "managers" : [ {
      "id" : 1000440,
      "name" : "Djamel Belmadi",
      "nickname" : null,
      "dob" : "1976-03-25",
      "country" : {
        "id" : 4,
        "name" : "Algeria"
      }
    } ]
  },
  "away_team" : {
    "away_team_id" : 4921,
    "away_team_name" : "Burkina Faso",
    "away_team_gender" : "male",
    "away_team_group" : null,
    "country" : {
      "id" : 36,
      "name" : "Burkina Faso"
    },
    "managers" : [ {
      "id" : 1000428,
      "name" : "Hubert Velud",
      "nickname" : null,
      "dob" : "1959-06-08",
      "country" : {
        "id" : 78,
        "name" : "France"
      }
    } ]
  },
  "home_score" : 2,
  "away_score" : 2,
  "match_status" : "available",
  "match_status_360" : "unscheduled",
  "last_updated" : "2024-02-09T12:19:28.060842",
  "last_updated_360" : null,
  "metadata" : {
    "data_version" : "1.1.0",
    "shot_fidelity_version" : "2",
    "xy_fidelity_version" : "2"
  },
  "match_week" : 2,
  "competition_stage" : {
    "id" : 10,
    "name" : "Group Stage"
  },
  "stadium" : {
    "id" : 1001316,
    "name" : "Stade de Bouaké",
    "country" : {
      "id" : 55,
      "name" : "Côte d'Ivoire"
    }
  },
  "referee" : {
    "id" : 2323,
    "name" : "Abongile Tom",
    "country" : {
      "id" : 211,
      "name" : "South Africa"
    }
  }
}, {
  "match_id" : 3920401,
  "match_date" : "2024-01-19",
  "kick_off" : "22:00:00.000",
  "competition" : {
    "competition_id" : 1267,
    "country_name" : "Africa",
    "competition_name" : "African Cup of Nations"
  },
  "season" : {
    "season_id" : 107,
    "season_name" : "2023"
  },
  "home_team" : {
    "home_team_id" : 4892,
    "home_team_name" : "Guinea",
    "home_team_gender" : "male",
    "home_team_group" : null,
    "country" : {
      "id" : 95,
      "name" : "Guinea"
    },
    "managers" : [ {
      "id" : 1000780,
      "name" : "Kaba Diawara",
      "nickname" : null,
      "dob" : "1975-12-16",
      "country" : {
        "id" : 95,
        "name" : "Guinea"
      }
    } ]
  },
  "away_team" : {
    "away_team_id" : 4934,
    "away_team_name" : "Gambia",
    "away_team_gender" : "male",
    "away_team_group" : null,
    "country" : {
      "id" : 83,
      "name" : "Gambia"
    },
    "managers" : [ {
      "id" : 1000972,
      "name" : "Tom Saintfiet",
      "nickname" : null,
      "dob" : "1973-03-29",
      "country" : {
        "id" : 22,
        "name" : "Belgium"
      }
    } ]
  },
  "home_score" : 1,
  "away_score" : 0,
  "match_status" : "available",
  "match_status_360" : "unscheduled",
  "last_updated" : "2024-02-02T01:34:34.679143",
  "last_updated_360" : null,
  "metadata" : {
    "data_version" : "1.1.0",
    "shot_fidelity_version" : "2",
    "xy_fidelity_version" : "2"
  },
  "match_week" : 2,
  "competition_stage" : {
    "id" : 10,
    "name" : "Group Stage"
  },
  "stadium" : {
    "id" : 1000822,
    "name" : "Stade Charles Konan Banny de Yamoussoukro",
    "country" : {
      "id" : 55,
      "name" : "Côte d'Ivoire"
    }
  },
  "referee" : {
    "id" : 1003590,
    "name" : "Abdel Aziz Mohamed Bouh",
    "country" : {
      "id" : 144,
      "name" : "Mauritania"
    }
  }
}, {
  "match_id" : 3920400,
  "match_date" : "2024-01-19",
  "kick_off" : "19:00:00.000",
  "competition" : {
    "competition_id" : 1267,
    "country_name" : "Africa",
    "competition_name" : "African Cup of Nations"
  },
  "season" : {
    "season_id" : 107,
    "season_name" : "2023"
  },
  "home_team" : {
    "home_team_id" : 787,
    "home_team_name" : "Senegal",
    "home_team_gender" : "male",
    "home_team_group" : null,
    "country" : {
      "id" : 202,
      "name" : "Senegal"
    },
    "managers" : [ {
      "id" : 635,
      "name" : "Aliou Cissé",
      "nickname" : null,
      "dob" : "1976-03-24",
      "country" : {
        "id" : 202,
        "name" : "Senegal"
      }
    } ]
  },
  "away_team" : {
    "away_team_id" : 2722,
    "away_team_name" : "Cameroon",
    "away_team_gender" : "male",
    "away_team_group" : null,
    "country" : {
      "id" : 39,
      "name" : "Cameroon"
    },
    "managers" : [ {
      "id" : 1001250,
      "name" : "Rigobert Song Bahanag",
      "nickname" : null,
      "dob" : "1976-07-01",
      "country" : {
        "id" : 39,
        "name" : "Cameroon"
      }
    } ]
  },
  "home_score" : 3,
  "away_score" : 1,
  "match_status" : "available",
  "match_status_360" : "unscheduled",
  "last_updated" : "2024-02-03T23:56:37.056600",
  "last_updated_360" : null,
  "metadata" : {
    "data_version" : "1.1.0",
    "shot_fidelity_version" : "2",
    "xy_fidelity_version" : "2"
  },
  "match_week" : 2,
  "competition_stage" : {
    "id" : 10,
    "name" : "Group Stage"
  },
  "stadium" : {
    "id" : 1000822,
    "name" : "Stade Charles Konan Banny de Yamoussoukro",
    "country" : {
      "id" : 55,
      "name" : "Côte d'Ivoire"
    }
  },
  "referee" : {
    "id" : 1003531,
    "name" : "Mahmood Ali Mahmood Ismail",
    "country" : {
      "id" : 216,
      "name" : "Sudan"
    }
  }
}, {
  "match_id" : 3920399,
  "match_date" : "2024-01-19",
  "kick_off" : "16:00:00.000",
  "competition" : {
    "competition_id" : 1267,
    "country_name" : "Africa",
    "competition_name" : "African Cup of Nations"
  },
  "season" : {
    "season_id" : 107,
    "season_name" : "2023"
  },
  "home_team" : {
    "home_team_id" : 4924,
    "home_team_name" : "Cape Verde Islands",
    "home_team_gender" : "male",
    "home_team_group" : null,
    "country" : {
      "id" : 41,
      "name" : "Cape Verde"
    },
    "managers" : [ {
      "id" : 1000417,
      "name" : "Pedro Leitão Brito",
      "nickname" : "Bubista",
      "dob" : "1970-01-06",
      "country" : {
        "id" : 41,
        "name" : "Cape Verde"
      }
    } ]
  },
  "away_team" : {
    "away_team_id" : 4978,
    "away_team_name" : "Mozambique",
    "away_team_gender" : "male",
    "away_team_group" : null,
    "country" : {
      "id" : 155,
      "name" : "Mozambique"
    },
    "managers" : [ {
      "id" : 1001646,
      "name" : "Francisco Queriol Conde Júnior",
      "nickname" : "Chiquinho Conde",
      "dob" : "1965-11-22",
      "country" : {
        "id" : 155,
        "name" : "Mozambique"
      }
    } ]
  },
  "home_score" : 3,
  "away_score" : 0,
  "match_status" : "available",
  "match_status_360" : "unscheduled",
  "last_updated" : "2024-02-01T16:59:14.348005",
  "last_updated_360" : null,
  "metadata" : {
    "data_version" : "1.1.0",
    "shot_fidelity_version" : "2",
    "xy_fidelity_version" : "2"
  },
  "match_week" : 2,
  "competition_stage" : {
    "id" : 10,
    "name" : "Group Stage"
  },
  "stadium" : {
    "id" : 117916,
    "name" : "Stade Félix Houphouët-Boigny      ",
    "country" : {
      "id" : 55,
      "name" : "Côte d'Ivoire"
    }
  },
  "referee" : {
    "id" : 1003709,
    "name" : "Samir Guezzaz",
    "country" : {
      "id" : 154,
      "name" : "Morocco"
    }
  }
}, {
  "match_id" : 3920398,
  "match_date" : "2024-01-18",
  "kick_off" : "19:00:00.000",
  "competition" : {
    "competition_id" : 1267,
    "country_name" : "Africa",
    "competition_name" : "African Cup of Nations"
  },
  "season" : {
    "season_id" : 107,
    "season_name" : "2023"
  },
  "home_team" : {
    "home_team_id" : 3374,
    "home_team_name" : "Côte d'Ivoire",
    "home_team_gender" : "male",
    "home_team_group" : null,
    "country" : {
      "id" : 55,
      "name" : "Côte d'Ivoire"
    },
    "managers" : [ {
      "id" : 368,
      "name" : "Jean-Louis Gasset",
      "nickname" : null,
      "dob" : "1953-12-09",
      "country" : {
        "id" : 78,
        "name" : "France"
      }
    } ]
  },
  "away_team" : {
    "away_team_id" : 775,
    "away_team_name" : "Nigeria",
    "away_team_gender" : "male",
    "away_team_group" : null,
    "country" : {
      "id" : 166,
      "name" : "Nigeria"
    },
    "managers" : [ {
      "id" : 523,
      "name" : "José Vítor dos Santos Peseiro",
      "nickname" : "José Peseiro",
      "dob" : "1960-04-04",
      "country" : {
        "id" : 183,
        "name" : "Portugal"
      }
    } ]
  },
  "home_score" : 0,
  "away_score" : 1,
  "match_status" : "available",
  "match_status_360" : "unscheduled",
  "last_updated" : "2024-02-10T15:39:30.828369",
  "last_updated_360" : null,
  "metadata" : {
    "data_version" : "1.1.0",
    "shot_fidelity_version" : "2",
    "xy_fidelity_version" : "2"
  },
  "match_week" : 2,
  "competition_stage" : {
    "id" : 10,
    "name" : "Group Stage"
  },
  "stadium" : {
    "id" : 117860,
    "name" : "Stade Olympique Alassane Ouattara",
    "country" : {
      "id" : 55,
      "name" : "Côte d'Ivoire"
    }
  },
  "referee" : {
    "id" : 2311,
    "name" : "Mustapha Ghorbal",
    "country" : {
      "id" : 4,
      "name" : "Algeria"
    }
  }
}, {
  "match_id" : 3920397,
  "match_date" : "2024-01-18",
  "kick_off" : "16:00:00.000",
  "competition" : {
    "competition_id" : 1267,
    "country_name" : "Africa",
    "competition_name" : "African Cup of Nations"
  },
  "season" : {
    "season_id" : 107,
    "season_name" : "2023"
  },
  "home_team" : {
    "home_team_id" : 4992,
    "home_team_name" : "Equatorial Guinea",
    "home_team_gender" : "male",
    "home_team_group" : null,
    "country" : {
      "id" : 69,
      "name" : "Equatorial Guinea"
    },
    "managers" : [ {
      "id" : 1000467,
      "name" : "Juan Micha Obiang Bicogo",
      "nickname" : "Juan Micha",
      "dob" : "1975-07-28",
      "country" : {
        "id" : 69,
        "name" : "Equatorial Guinea"
      }
    } ]
  },
  "away_team" : {
    "away_team_id" : 4894,
    "away_team_name" : "Guinea-Bissau",
    "away_team_gender" : "male",
    "away_team_group" : null,
    "country" : {
      "id" : 96,
      "name" : "Guinea-Bissau"
    },
    "managers" : [ {
      "id" : 1000429,
      "name" : "Baciro Candé",
      "nickname" : null,
      "dob" : "1967-04-06",
      "country" : {
        "id" : 96,
        "name" : "Guinea-Bissau"
      }
    } ]
  },
  "home_score" : 4,
  "away_score" : 2,
  "match_status" : "available",
  "match_status_360" : "unscheduled",
  "last_updated" : "2024-02-01T16:08:33.425930",
  "last_updated_360" : null,
  "metadata" : {
    "data_version" : "1.1.0",
    "shot_fidelity_version" : "2",
    "xy_fidelity_version" : "2"
  },
  "match_week" : 2,
  "competition_stage" : {
    "id" : 10,
    "name" : "Group Stage"
  },
  "stadium" : {
    "id" : 117860,
    "name" : "Stade Olympique Alassane Ouattara",
    "country" : {
      "id" : 55,
      "name" : "Côte d'Ivoire"
    }
  },
  "referee" : {
    "id" : 1003479,
    "name" : "Samuel Uwikunda",
    "country" : {
      "id" : 189,
      "name" : "Rwanda"
    }
  }
}, {
  "match_id" : 3920395,
  "match_date" : "2024-01-17",
  "kick_off" : "22:00:00.000",
  "competition" : {
    "competition_id" : 1267,
    "country_name" : "Africa",
    "competition_name" : "African Cup of Nations"
  },
  "season" : {
    "season_id" : 107,
    "season_name" : "2023"
  },
  "home_team" : {
    "home_team_id" : 4881,
    "home_team_name" : "Congo DR",
    "home_team_gender" : "male",
    "home_team_group" : null,
    "country" : {
      "id" : 52,
      "name" : "Congo, (Kinshasa)"
    },
    "managers" : [ {
      "id" : 5011,
      "name" : "Sébastien Desabre",
      "nickname" : null,
      "dob" : "1976-08-02",
      "country" : {
        "id" : 78,
        "name" : "France"
      }
    } ]
  },
  "away_team" : {
    "away_team_id" : 4963,
    "away_team_name" : "Zambia",
    "away_team_gender" : "male",
    "away_team_group" : null,
    "country" : {
      "id" : 253,
      "name" : "Zambia"
    },
    "managers" : [ {
      "id" : 4969,
      "name" : "Avraham Grant",
      "nickname" : null,
      "dob" : "1955-02-06",
      "country" : {
        "id" : 111,
        "name" : "Israel"
      }
    } ]
  },
  "home_score" : 1,
  "away_score" : 1,
  "match_status" : "available",
  "match_status_360" : "unscheduled",
  "last_updated" : "2024-02-01T16:35:04.192788",
  "last_updated_360" : null,
  "metadata" : {
    "data_version" : "1.1.0",
    "shot_fidelity_version" : "2",
    "xy_fidelity_version" : "2"
  },
  "match_week" : 1,
  "competition_stage" : {
    "id" : 10,
    "name" : "Group Stage"
  },
  "stadium" : {
    "id" : 1001497,
    "name" : "Stade Laurent Pokou",
    "country" : {
      "id" : 55,
      "name" : "Côte d'Ivoire"
    }
  },
  "referee" : {
    "id" : 1000963,
    "name" : "Bamlak Tessema Weyesa",
    "country" : {
      "id" : 72,
      "name" : "Ethiopia"
    }
  }
}, {
  "match_id" : 3920394,
  "match_date" : "2024-01-17",
  "kick_off" : "19:00:00.000",
  "competition" : {
    "competition_id" : 1267,
    "country_name" : "Africa",
    "competition_name" : "African Cup of Nations"
  },
  "season" : {
    "season_id" : 107,
    "season_name" : "2023"
  },
  "home_team" : {
    "home_team_id" : 788,
    "home_team_name" : "Morocco",
    "home_team_gender" : "male",
    "home_team_group" : null,
    "country" : {
      "id" : 154,
      "name" : "Morocco"
    },
    "managers" : [ {
      "id" : 1000518,
      "name" : "Walid Regragui",
      "nickname" : null,
      "dob" : "1975-09-23",
      "country" : {
        "id" : 154,
        "name" : "Morocco"
      }
    } ]
  },
  "away_team" : {
    "away_team_id" : 4953,
    "away_team_name" : "Tanzania",
    "away_team_gender" : "male",
    "away_team_group" : null,
    "country" : {
      "id" : 225,
      "name" : "Tanzania, United Republic of"
    },
    "managers" : [ {
      "id" : 1001640,
      "name" : "Adel Amrouche",
      "nickname" : null,
      "dob" : "1968-03-07",
      "country" : {
        "id" : 22,
        "name" : "Belgium"
      }
    } ]
  },
  "home_score" : 3,
  "away_score" : 0,
  "match_status" : "available",
  "match_status_360" : "unscheduled",
  "last_updated" : "2024-02-14T05:41:27.566989",
  "last_updated_360" : null,
  "metadata" : {
    "data_version" : "1.1.0",
    "shot_fidelity_version" : "2",
    "xy_fidelity_version" : "2"
  },
  "match_week" : 1,
  "competition_stage" : {
    "id" : 10,
    "name" : "Group Stage"
  },
  "stadium" : {
    "id" : 1001497,
    "name" : "Stade Laurent Pokou",
    "country" : {
      "id" : 55,
      "name" : "Côte d'Ivoire"
    }
  },
  "referee" : {
    "id" : 1008353,
    "name" : "Alhadi Allaou Mahamat",
    "country" : {
      "id" : 44,
      "name" : "Chad"
    }
  }
}, {
  "match_id" : 3920393,
  "match_date" : "2024-01-16",
  "kick_off" : "19:00:00.000",
  "competition" : {
    "competition_id" : 1267,
    "country_name" : "Africa",
    "competition_name" : "African Cup of Nations"
  },
  "season" : {
    "season_id" : 107,
    "season_name" : "2023"
  },
  "home_team" : {
    "home_team_id" : 777,
    "home_team_name" : "Tunisia",
    "home_team_gender" : "male",
    "home_team_group" : null,
    "country" : {
      "id" : 232,
      "name" : "Tunisia"
    },
    "managers" : [ {
      "id" : 1001303,
      "name" : "Jalel Kadri",
      "nickname" : null,
      "dob" : null,
      "country" : {
        "id" : 232,
        "name" : "Tunisia"
      }
    } ]
  },
  "away_team" : {
    "away_team_id" : 4980,
    "away_team_name" : "Namibia",
    "away_team_gender" : "male",
    "away_team_group" : null,
    "country" : {
      "id" : 157,
      "name" : "Namibia"
    },
    "managers" : [ {
      "id" : 1002931,
      "name" : "Collin Benjamin",
      "nickname" : null,
      "dob" : "1978-08-03",
      "country" : {
        "id" : 157,
        "name" : "Namibia"
      }
    } ]
  },
  "home_score" : 0,
  "away_score" : 1,
  "match_status" : "available",
  "match_status_360" : "unscheduled",
  "last_updated" : "2024-02-02T01:56:49.071776",
  "last_updated_360" : null,
  "metadata" : {
    "data_version" : "1.1.0",
    "shot_fidelity_version" : "2",
    "xy_fidelity_version" : "2"
  },
  "match_week" : 1,
  "competition_stage" : {
    "id" : 10,
    "name" : "Group Stage"
  },
  "stadium" : {
    "id" : 1001609,
    "name" : "Stade Amadou Gon Coulibaly",
    "country" : {
      "id" : 55,
      "name" : "Côte d'Ivoire"
    }
  },
  "referee" : {
    "id" : 1005200,
    "name" : "Abdulkadir Artan",
    "country" : {
      "id" : 210,
      "name" : "Somalia"
    }
  }
}, {
  "match_id" : 3920392,
  "match_date" : "2024-01-16",
  "kick_off" : "16:00:00.000",
  "competition" : {
    "competition_id" : 1267,
    "country_name" : "Africa",
    "competition_name" : "African Cup of Nations"
  },
  "season" : {
    "season_id" : 107,
    "season_name" : "2023"
  },
  "home_team" : {
    "home_team_id" : 4921,
    "home_team_name" : "Burkina Faso",
    "home_team_gender" : "male",
    "home_team_group" : null,
    "country" : {
      "id" : 36,
      "name" : "Burkina Faso"
    },
    "managers" : [ {
      "id" : 1000428,
      "name" : "Hubert Velud",
      "nickname" : null,
      "dob" : "1959-06-08",
      "country" : {
        "id" : 78,
        "name" : "France"
      }
    } ]
  },
  "away_team" : {
    "away_team_id" : 4932,
    "away_team_name" : "Mauritania",
    "away_team_gender" : "male",
    "away_team_group" : null,
    "country" : {
      "id" : 144,
      "name" : "Mauritania"
    },
    "managers" : [ {
      "id" : 1000971,
      "name" : "Amir Abdou",
      "nickname" : null,
      "dob" : "1972-07-08",
      "country" : {
        "id" : 50,
        "name" : "Comoros"
      }
    } ]
  },
  "home_score" : 1,
  "away_score" : 0,
  "match_status" : "available",
  "match_status_360" : "unscheduled",
  "last_updated" : "2024-01-30T22:40:34.851039",
  "last_updated_360" : null,
  "metadata" : {
    "data_version" : "1.1.0",
    "shot_fidelity_version" : "2",
    "xy_fidelity_version" : "2"
  },
  "match_week" : 1,
  "competition_stage" : {
    "id" : 10,
    "name" : "Group Stage"
  },
  "stadium" : {
    "id" : 1001316,
    "name" : "Stade de Bouaké",
    "country" : {
      "id" : 55,
      "name" : "Côte d'Ivoire"
    }
  },
  "referee" : {
    "id" : 1003509,
    "name" : "Jalal Jayed",
    "country" : {
      "id" : 154,
      "name" : "Morocco"
    }
  }
}, {
  "match_id" : 3920391,
  "match_date" : "2024-01-16",
  "kick_off" : "22:00:00.000",
  "competition" : {
    "competition_id" : 1267,
    "country_name" : "Africa",
    "competition_name" : "African Cup of Nations"
  },
  "season" : {
    "season_id" : 107,
    "season_name" : "2023"
  },
  "home_team" : {
    "home_team_id" : 4930,
    "home_team_name" : "Mali",
    "home_team_gender" : "male",
    "home_team_group" : null,
    "country" : {
      "id" : 140,
      "name" : "Mali"
    },
    "managers" : [ {
      "id" : 1000157,
      "name" : "Éric Chelle",
      "nickname" : null,
      "dob" : "1977-11-11",
      "country" : {
        "id" : 140,
        "name" : "Mali"
      }
    } ]
  },
  "away_team" : {
    "away_team_id" : 4976,
    "away_team_name" : "South Africa",
    "away_team_gender" : "male",
    "away_team_group" : null,
    "country" : {
      "id" : 211,
      "name" : "South Africa"
    },
    "managers" : [ {
      "id" : 1801,
      "name" : "Hugo Henri Broos",
      "nickname" : null,
      "dob" : "1952-04-10",
      "country" : {
        "id" : 22,
        "name" : "Belgium"
      }
    } ]
  },
  "home_score" : 2,
  "away_score" : 0,
  "match_status" : "available",
  "match_status_360" : "unscheduled",
  "last_updated" : "2024-02-07T09:31:02.919407",
  "last_updated_360" : null,
  "metadata" : {
    "data_version" : "1.1.0",
    "shot_fidelity_version" : "2",
    "xy_fidelity_version" : "2"
  },
  "match_week" : 1,
  "competition_stage" : {
    "id" : 10,
    "name" : "Group Stage"
  },
  "stadium" : {
    "id" : 1001609,
    "name" : "Stade Amadou Gon Coulibaly",
    "country" : {
      "id" : 55,
      "name" : "Côte d'Ivoire"
    }
  },
  "referee" : {
    "id" : 1010256,
    "name" : "Mohamed Adel Hussein",
    "country" : {
      "id" : 66,
      "name" : "Egypt"
    }
  }
}, {
  "match_id" : 3920390,
  "match_date" : "2024-01-15",
  "kick_off" : "22:00:00.000",
  "competition" : {
    "competition_id" : 1267,
    "country_name" : "Africa",
    "competition_name" : "African Cup of Nations"
  },
  "season" : {
    "season_id" : 107,
    "season_name" : "2023"
  },
  "home_team" : {
    "home_team_id" : 4898,
    "home_team_name" : "Algeria",
    "home_team_gender" : "male",
    "home_team_group" : null,
    "country" : {
      "id" : 4,
      "name" : "Algeria"
    },
    "managers" : [ {
      "id" : 1000440,
      "name" : "Djamel Belmadi",
      "nickname" : null,
      "dob" : "1976-03-25",
      "country" : {
        "id" : 4,
        "name" : "Algeria"
      }
    } ]
  },
  "away_team" : {
    "away_team_id" : 4901,
    "away_team_name" : "Angola",
    "away_team_gender" : "male",
    "away_team_group" : null,
    "country" : {
      "id" : 7,
      "name" : "Angola"
    },
    "managers" : [ {
      "id" : 1000419,
      "name" : "Pedro Valdemar Soares Gonçalves",
      "nickname" : "Pedro Gonçalves",
      "dob" : "1976-02-07",
      "country" : {
        "id" : 183,
        "name" : "Portugal"
      }
    } ]
  },
  "home_score" : 1,
  "away_score" : 1,
  "match_status" : "available",
  "match_status_360" : "unscheduled",
  "last_updated" : "2024-02-01T22:31:43.764830",
  "last_updated_360" : null,
  "metadata" : {
    "data_version" : "1.1.0",
    "shot_fidelity_version" : "2",
    "xy_fidelity_version" : "2"
  },
  "match_week" : 1,
  "competition_stage" : {
    "id" : 10,
    "name" : "Group Stage"
  },
  "stadium" : {
    "id" : 1001316,
    "name" : "Stade de Bouaké",
    "country" : {
      "id" : 55,
      "name" : "Côte d'Ivoire"
    }
  },
  "referee" : {
    "id" : 1003564,
    "name" : "Issa Sy",
    "country" : {
      "id" : 202,
      "name" : "Senegal"
    }
  }
}, {
  "match_id" : 3920389,
  "match_date" : "2024-01-15",
  "kick_off" : "19:00:00.000",
  "competition" : {
    "competition_id" : 1267,
    "country_name" : "Africa",
    "competition_name" : "African Cup of Nations"
  },
  "season" : {
    "season_id" : 107,
    "season_name" : "2023"
  },
  "home_team" : {
    "home_team_id" : 2722,
    "home_team_name" : "Cameroon",
    "home_team_gender" : "male",
    "home_team_group" : null,
    "country" : {
      "id" : 39,
      "name" : "Cameroon"
    },
    "managers" : [ {
      "id" : 1001250,
      "name" : "Rigobert Song Bahanag",
      "nickname" : null,
      "dob" : "1976-07-01",
      "country" : {
        "id" : 39,
        "name" : "Cameroon"
      }
    } ]
  },
  "away_team" : {
    "away_team_id" : 4892,
    "away_team_name" : "Guinea",
    "away_team_gender" : "male",
    "away_team_group" : null,
    "country" : {
      "id" : 95,
      "name" : "Guinea"
    },
    "managers" : [ {
      "id" : 1000780,
      "name" : "Kaba Diawara",
      "nickname" : null,
      "dob" : "1975-12-16",
      "country" : {
        "id" : 95,
        "name" : "Guinea"
      }
    } ]
  },
  "home_score" : 1,
  "away_score" : 1,
  "match_status" : "available",
  "match_status_360" : "unscheduled",
  "last_updated" : "2024-01-18T22:41:52.977890",
  "last_updated_360" : null,
  "metadata" : {
    "data_version" : "1.1.0",
    "shot_fidelity_version" : "2",
    "xy_fidelity_version" : "2"
  },
  "match_week" : 1,
  "competition_stage" : {
    "id" : 10,
    "name" : "Group Stage"
  },
  "stadium" : {
    "id" : 1000822,
    "name" : "Stade Charles Konan Banny de Yamoussoukro",
    "country" : {
      "id" : 55,
      "name" : "Côte d'Ivoire"
    }
  },
  "referee" : {
    "id" : 1003537,
    "name" : "Ibrahim Mutaz",
    "country" : {
      "id" : 130,
      "name" : "Libya"
    }
  }
}, {
  "match_id" : 3920388,
  "match_date" : "2024-01-15",
  "kick_off" : "16:00:00.000",
  "competition" : {
    "competition_id" : 1267,
    "country_name" : "Africa",
    "competition_name" : "African Cup of Nations"
  },
  "season" : {
    "season_id" : 107,
    "season_name" : "2023"
  },
  "home_team" : {
    "home_team_id" : 787,
    "home_team_name" : "Senegal",
    "home_team_gender" : "male",
    "home_team_group" : null,
    "country" : {
      "id" : 202,
      "name" : "Senegal"
    },
    "managers" : [ {
      "id" : 635,
      "name" : "Aliou Cissé",
      "nickname" : null,
      "dob" : "1976-03-24",
      "country" : {
        "id" : 202,
        "name" : "Senegal"
      }
    } ]
  },
  "away_team" : {
    "away_team_id" : 4934,
    "away_team_name" : "Gambia",
    "away_team_gender" : "male",
    "away_team_group" : null,
    "country" : {
      "id" : 83,
      "name" : "Gambia"
    },
    "managers" : [ {
      "id" : 1000972,
      "name" : "Tom Saintfiet",
      "nickname" : null,
      "dob" : "1973-03-29",
      "country" : {
        "id" : 22,
        "name" : "Belgium"
      }
    } ]
  },
  "home_score" : 3,
  "away_score" : 0,
  "match_status" : "available",
  "match_status_360" : "unscheduled",
  "last_updated" : "2024-01-29T18:25:00.342065",
  "last_updated_360" : null,
  "metadata" : {
    "data_version" : "1.1.0",
    "shot_fidelity_version" : "2",
    "xy_fidelity_version" : "2"
  },
  "match_week" : 1,
  "competition_stage" : {
    "id" : 10,
    "name" : "Group Stage"
  },
  "stadium" : {
    "id" : 1000822,
    "name" : "Stade Charles Konan Banny de Yamoussoukro",
    "country" : {
      "id" : 55,
      "name" : "Côte d'Ivoire"
    }
  },
  "referee" : {
    "id" : 2396,
    "name" : "Redouane Jiyed",
    "country" : {
      "id" : 154,
      "name" : "Morocco"
    }
  }
}, {
  "match_id" : 3920384,
  "match_date" : "2024-01-13",
  "kick_off" : "22:00:00.000",
  "competition" : {
    "competition_id" : 1267,
    "country_name" : "Africa",
    "competition_name" : "African Cup of Nations"
  },
  "season" : {
    "season_id" : 107,
    "season_name" : "2023"
  },
  "home_team" : {
    "home_team_id" : 3374,
    "home_team_name" : "Côte d'Ivoire",
    "home_team_gender" : "male",
    "home_team_group" : null,
    "country" : {
      "id" : 55,
      "name" : "Côte d'Ivoire"
    },
    "managers" : [ {
      "id" : 368,
      "name" : "Jean-Louis Gasset",
      "nickname" : null,
      "dob" : "1953-12-09",
      "country" : {
        "id" : 78,
        "name" : "France"
      }
    } ]
  },
  "away_team" : {
    "away_team_id" : 4894,
    "away_team_name" : "Guinea-Bissau",
    "away_team_gender" : "male",
    "away_team_group" : null,
    "country" : {
      "id" : 96,
      "name" : "Guinea-Bissau"
    },
    "managers" : [ {
      "id" : 1000429,
      "name" : "Baciro Candé",
      "nickname" : null,
      "dob" : "1967-04-06",
      "country" : {
        "id" : 96,
        "name" : "Guinea-Bissau"
      }
    } ]
  },
  "home_score" : 2,
  "away_score" : 0,
  "match_status" : "available",
  "match_status_360" : "unscheduled",
  "last_updated" : "2024-02-09T16:53:45.011531",
  "last_updated_360" : null,
  "metadata" : {
    "data_version" : "1.1.0",
    "shot_fidelity_version" : "2",
    "xy_fidelity_version" : "2"
  },
  "match_week" : 1,
  "competition_stage" : {
    "id" : 10,
    "name" : "Group Stage"
  },
  "stadium" : {
    "id" : 117860,
    "name" : "Stade Olympique Alassane Ouattara",
    "country" : {
      "id" : 55,
      "name" : "Côte d'Ivoire"
    }
  },
  "referee" : {
    "id" : 2387,
    "name" : "Amin Mohamed Omar",
    "country" : {
      "id" : 66,
      "name" : "Egypt"
    }
  }
} ]