[ {
  "match_id" : 3888705,
  "match_date" : "1958-06-29",
  "kick_off" : "17:00:00.000",
  "competition" : {
    "competition_id" : 43,
    "country_name" : "International",
    "competition_name" : "FIFA World Cup"
  },
  "season" : {
    "season_id" : 269,
    "season_name" : "1958"
  },
  "home_team" : {
    "home_team_id" : 781,
    "home_team_name" : "Brazil",
    "home_team_gender" : "male",
    "home_team_group" : null,
    "country" : {
      "id" : 31,
      "name" : "Brazil"
    },
    "managers" : [ {
      "id" : 1003265,
      "name" : "Vicente Ítalo Feola",
      "nickname" : "Vicente Feola",
      "dob" : "2023-11-01",
      "country" : {
        "id" : 31,
        "name" : "Brazil"
      }
    } ]
  },
  "away_team" : {
    "away_team_id" : 790,
    "away_team_name" : "Sweden",
    "away_team_gender" : "male",
    "away_team_group" : null,
    "country" : {
      "id" : 220,
      "name" : "Sweden"
    },
    "managers" : [ {
      "id" : 1003269,
      "name" : "George Raynor",
      "nickname" : null,
      "dob" : "1907-01-13",
      "country" : {
        "id" : 68,
        "name" : "England"
      }
    } ]
  },
  "home_score" : 5,
  "away_score" : 2,
  "match_status" : "available",
  "match_status_360" : "unscheduled",
  "last_updated" : "2023-06-26T10:33:08.214831",
  "last_updated_360" : null,
  "metadata" : {
    "data_version" : "1.1.0",
    "shot_fidelity_version" : "2",
    "xy_fidelity_version" : "2"
  },
  "match_week" : 7,
  "competition_stage" : {
    "id" : 26,
    "name" : "Final"
  },
  "stadium" : {
    "id" : 4233,
    "name" : "Friends Arena",
    "country" : {
      "id" : 220,
      "name" : "Sweden"
    }
  },
  "referee" : {
    "id" : 1009025,
    "name" : "Maurice Guigue",
    "country" : {
      "id" : 78,
      "name" : "France"
    }
  }
}, {
  "match_id" : 3888704,
  "match_date" : "1958-06-24",
  "kick_off" : "21:00:00.000",
  "competition" : {
    "competition_id" : 43,
    "country_name" : "International",
    "competition_name" : "FIFA World Cup"
  },
  "season" : {
    "season_id" : 269,
    "season_name" : "1958"
  },
  "home_team" : {
    "home_team_id" : 781,
    "home_team_name" : "Brazil",
    "home_team_gender" : "male",
    "home_team_group" : null,
    "country" : {
      "id" : 31,
      "name" : "Brazil"
    },
    "managers" : [ {
      "id" : 1003265,
      "name" : "Vicente Ítalo Feola",
      "nickname" : "Vicente Feola",
      "dob" : "2023-11-01",
      "country" : {
        "id" : 31,
        "name" : "Brazil"
      }
    } ]
  },
  "away_team" : {
    "away_team_id" : 771,
    "away_team_name" : "France",
    "away_team_gender" : "male",
    "away_team_group" : null,
    "country" : {
      "id" : 78,
      "name" : "France"
    },
    "managers" : [ {
      "id" : 1003267,
      "name" : "Albert Batteux",
      "nickname" : null,
      "dob" : "2023-07-02",
      "country" : {
        "id" : 78,
        "name" : "France"
      }
    } ]
  },
  "home_score" : 5,
  "away_score" : 2,
  "match_status" : "available",
  "match_status_360" : "unscheduled",
  "last_updated" : "2023-06-26T10:32:09.109001",
  "last_updated_360" : null,
  "metadata" : {
    "data_version" : "1.1.0",
    "shot_fidelity_version" : "2",
    "xy_fidelity_version" : "2"
  },
  "match_week" : 6,
  "competition_stage" : {
    "id" : 15,
    "name" : "Semi-finals"
  },
  "stadium" : {
    "id" : 4233,
    "name" : "Friends Arena",
    "country" : {
      "id" : 220,
      "name" : "Sweden"
    }
  },
  "referee" : {
    "id" : 1009022,
    "name" : "Mervyn Griffiths",
    "country" : {
      "id" : 249,
      "name" : "Wales"
    }
  }
} ]