[ {
  "match_id" : 3888854,
  "match_date" : "1962-05-30",
  "kick_off" : "21:00:00.000",
  "competition" : {
    "competition_id" : 43,
    "country_name" : "International",
    "competition_name" : "FIFA World Cup"
  },
  "season" : {
    "season_id" : 270,
    "season_name" : "1962"
  },
  "home_team" : {
    "home_team_id" : 781,
    "home_team_name" : "Brazil",
    "home_team_gender" : "male",
    "home_team_group" : null,
    "country" : {
      "id" : 31,
      "name" : "Brazil"
    },
    "managers" : [ {
      "id" : 1003266,
      "name" : "Aymoré Moreira",
      "nickname" : null,
      "dob" : "2023-04-26",
      "country" : {
        "id" : 31,
        "name" : "Brazil"
      }
    } ]
  },
  "away_team" : {
    "away_team_id" : 794,
    "away_team_name" : "Mexico",
    "away_team_gender" : "male",
    "away_team_group" : null,
    "country" : {
      "id" : 147,
      "name" : "Mexico"
    },
    "managers" : [ {
      "id" : 1003268,
      "name" : "Ignacio Trelles",
      "nickname" : null,
      "dob" : "2023-07-31",
      "country" : {
        "id" : 147,
        "name" : "Mexico"
      }
    } ]
  },
  "home_score" : 2,
  "away_score" : 0,
  "match_status" : "available",
  "match_status_360" : "unscheduled",
  "last_updated" : "2023-06-26T10:38:00.323984",
  "last_updated_360" : null,
  "metadata" : {
    "data_version" : "1.1.0",
    "shot_fidelity_version" : "2",
    "xy_fidelity_version" : "2"
  },
  "match_week" : 1,
  "competition_stage" : {
    "id" : 10,
    "name" : "Group Stage"
  },
  "stadium" : {
    "id" : 83666,
    "name" : "Estadio Sausalito ",
    "country" : {
      "id" : 45,
      "name" : "Chile"
    }
  }
} ]