[ {
  "match_id" : 3889218,
  "match_date" : "1970-06-14",
  "kick_off" : "20:00:00.000",
  "competition" : {
    "competition_id" : 43,
    "country_name" : "International",
    "competition_name" : "FIFA World Cup"
  },
  "season" : {
    "season_id" : 272,
    "season_name" : "1970"
  },
  "home_team" : {
    "home_team_id" : 781,
    "home_team_name" : "Brazil",
    "home_team_gender" : "male",
    "home_team_group" : null,
    "country" : {
      "id" : 31,
      "name" : "Brazil"
    },
    "managers" : [ {
      "id" : 3609,
      "name" : "Mário Jorge Lobo Zagallo",
      "nickname" : "Mário Zagallo",
      "dob" : "1931-08-09",
      "country" : {
        "id" : 31,
        "name" : "Brazil"
      }
    } ]
  },
  "away_team" : {
    "away_team_id" : 784,
    "away_team_name" : "Peru",
    "away_team_gender" : "male",
    "away_team_group" : null,
    "country" : {
      "id" : 179,
      "name" : "Peru"
    },
    "managers" : [ {
      "id" : 1003310,
      "name" : "Waldyr Pereira",
      "nickname" : "Didi",
      "dob" : "2023-10-08",
      "country" : {
        "id" : 31,
        "name" : "Brazil"
      }
    } ]
  },
  "home_score" : 4,
  "away_score" : 2,
  "match_status" : "available",
  "match_status_360" : "unscheduled",
  "last_updated" : "2023-07-17T23:24:45.579886",
  "last_updated_360" : null,
  "metadata" : {
    "data_version" : "1.1.0",
    "shot_fidelity_version" : "2",
    "xy_fidelity_version" : "2"
  },
  "match_week" : 4,
  "competition_stage" : {
    "id" : 11,
    "name" : "Quarter-finals"
  },
  "stadium" : {
    "id" : 4828,
    "name" : "Estadio Jalisco",
    "country" : {
      "id" : 147,
      "name" : "Mexico"
    }
  },
  "referee" : {
    "id" : 1009078,
    "name" : "Vital Georges Gilbert Loraux",
    "country" : {
      "id" : 22,
      "name" : "Belgium"
    }
  }
}, {
  "match_id" : 3889217,
  "match_date" : "1970-06-10",
  "kick_off" : "01:00:00.000",
  "competition" : {
    "competition_id" : 43,
    "country_name" : "International",
    "competition_name" : "FIFA World Cup"
  },
  "season" : {
    "season_id" : 272,
    "season_name" : "1970"
  },
  "home_team" : {
    "home_team_id" : 781,
    "home_team_name" : "Brazil",
    "home_team_gender" : "male",
    "home_team_group" : null,
    "country" : {
      "id" : 31,
      "name" : "Brazil"
    },
    "managers" : [ {
      "id" : 3609,
      "name" : "Mário Jorge Lobo Zagallo",
      "nickname" : "Mário Zagallo",
      "dob" : "1931-08-09",
      "country" : {
        "id" : 31,
        "name" : "Brazil"
      }
    } ]
  },
  "away_team" : {
    "away_team_id" : 905,
    "away_team_name" : "Romania",
    "away_team_gender" : "male",
    "away_team_group" : null,
    "country" : {
      "id" : 187,
      "name" : "Romania"
    },
    "managers" : [ {
      "id" : 1003309,
      "name" : "Angelo Niculescu",
      "nickname" : null,
      "dob" : "1921-10-01",
      "country" : {
        "id" : 187,
        "name" : "Romania"
      }
    } ]
  },
  "home_score" : 3,
  "away_score" : 2,
  "match_status" : "available",
  "match_status_360" : "unscheduled",
  "last_updated" : "2023-06-26T10:39:41.070534",
  "last_updated_360" : null,
  "metadata" : {
    "data_version" : "1.1.0",
    "shot_fidelity_version" : "2",
    "xy_fidelity_version" : "2"
  },
  "match_week" : 3,
  "competition_stage" : {
    "id" : 10,
    "name" : "Group Stage"
  },
  "stadium" : {
    "id" : 4828,
    "name" : "Estadio Jalisco",
    "country" : {
      "id" : 147,
      "name" : "Mexico"
    }
  },
  "referee" : {
    "id" : 1009039,
    "name" : "Ferdinand Marschall",
    "country" : {
      "id" : 15,
      "name" : "Austria"
    }
  }
}, {
  "match_id" : 3888702,
  "match_date" : "1970-06-21",
  "kick_off" : "21:00:00.000",
  "competition" : {
    "competition_id" : 43,
    "country_name" : "International",
    "competition_name" : "FIFA World Cup"
  },
  "season" : {
    "season_id" : 272,
    "season_name" : "1970"
  },
  "home_team" : {
    "home_team_id" : 781,
    "home_team_name" : "Brazil",
    "home_team_gender" : "male",
    "home_team_group" : null,
    "country" : {
      "id" : 31,
      "name" : "Brazil"
    },
    "managers" : [ {
      "id" : 3609,
      "name" : "Mário Jorge Lobo Zagallo",
      "nickname" : "Mário Zagallo",
      "dob" : "1931-08-09",
      "country" : {
        "id" : 31,
        "name" : "Brazil"
      }
    } ]
  },
  "away_team" : {
    "away_team_id" : 914,
    "away_team_name" : "Italy",
    "away_team_gender" : "male",
    "away_team_group" : null,
    "country" : {
      "id" : 112,
      "name" : "Italy"
    },
    "managers" : [ {
      "id" : 1003280,
      "name" : "Ferruccio Valcareggi",
      "nickname" : null,
      "dob" : "2023-02-12",
      "country" : {
        "id" : 112,
        "name" : "Italy"
      }
    } ]
  },
  "home_score" : 4,
  "away_score" : 1,
  "match_status" : "available",
  "match_status_360" : "unscheduled",
  "last_updated" : "2023-07-17T23:18:03.675854",
  "last_updated_360" : null,
  "metadata" : {
    "data_version" : "1.1.0",
    "shot_fidelity_version" : "2",
    "xy_fidelity_version" : "2"
  },
  "match_week" : 6,
  "competition_stage" : {
    "id" : 26,
    "name" : "Final"
  },
  "stadium" : {
    "id" : 4820,
    "name" : "Estadio Azteca",
    "country" : {
      "id" : 147,
      "name" : "Mexico"
    }
  },
  "referee" : {
    "id" : 1009040,
    "name" : "Rudi Glöckner",
    "country" : {
      "id" : 85,
      "name" : "Germany"
    }
  }
}, {
  "match_id" : 3888701,
  "match_date" : "1970-06-18",
  "kick_off" : "01:00:00.000",
  "competition" : {
    "competition_id" : 43,
    "country_name" : "International",
    "competition_name" : "FIFA World Cup"
  },
  "season" : {
    "season_id" : 272,
    "season_name" : "1970"
  },
  "home_team" : {
    "home_team_id" : 781,
    "home_team_name" : "Brazil",
    "home_team_gender" : "male",
    "home_team_group" : null,
    "country" : {
      "id" : 31,
      "name" : "Brazil"
    },
    "managers" : [ {
      "id" : 3609,
      "name" : "Mário Jorge Lobo Zagallo",
      "nickname" : "Mário Zagallo",
      "dob" : "1931-08-09",
      "country" : {
        "id" : 31,
        "name" : "Brazil"
      }
    } ]
  },
  "away_team" : {
    "away_team_id" : 783,
    "away_team_name" : "Uruguay",
    "away_team_gender" : "male",
    "away_team_group" : null,
    "country" : {
      "id" : 242,
      "name" : "Uruguay"
    },
    "managers" : [ {
      "id" : 1003279,
      "name" : "Juan Eduardo Hohberg",
      "nickname" : null,
      "dob" : "1927-10-08",
      "country" : {
        "id" : 242,
        "name" : "Uruguay"
      }
    } ]
  },
  "home_score" : 3,
  "away_score" : 1,
  "match_status" : "available",
  "match_status_360" : "unscheduled",
  "last_updated" : "2023-07-17T23:22:51.321648",
  "last_updated_360" : null,
  "metadata" : {
    "data_version" : "1.1.0",
    "shot_fidelity_version" : "2",
    "xy_fidelity_version" : "2"
  },
  "match_week" : 5,
  "competition_stage" : {
    "id" : 15,
    "name" : "Semi-finals"
  },
  "stadium" : {
    "id" : 4828,
    "name" : "Estadio Jalisco",
    "country" : {
      "id" : 147,
      "name" : "Mexico"
    }
  },
  "referee" : {
    "id" : 1009037,
    "name" : "José Maria Ortíz De Mendibil",
    "country" : {
      "id" : 214,
      "name" : "Spain"
    }
  }
}, {
  "match_id" : 3888700,
  "match_date" : "1970-06-07",
  "kick_off" : "21:00:00.000",
  "competition" : {
    "competition_id" : 43,
    "country_name" : "International",
    "competition_name" : "FIFA World Cup"
  },
  "season" : {
    "season_id" : 272,
    "season_name" : "1970"
  },
  "home_team" : {
    "home_team_id" : 781,
    "home_team_name" : "Brazil",
    "home_team_gender" : "male",
    "home_team_group" : null,
    "country" : {
      "id" : 31,
      "name" : "Brazil"
    },
    "managers" : [ {
      "id" : 3609,
      "name" : "Mário Jorge Lobo Zagallo",
      "nickname" : "Mário Zagallo",
      "dob" : "1931-08-09",
      "country" : {
        "id" : 31,
        "name" : "Brazil"
      }
    } ]
  },
  "away_team" : {
    "away_team_id" : 768,
    "away_team_name" : "England",
    "away_team_gender" : "male",
    "away_team_group" : null,
    "country" : {
      "id" : 68,
      "name" : "England"
    },
    "managers" : [ {
      "id" : 1003282,
      "name" : "Alfred Ernest Ramsey",
      "nickname" : "Alf Ramsey",
      "dob" : "1920-01-22",
      "country" : {
        "id" : 68,
        "name" : "England"
      }
    } ]
  },
  "home_score" : 1,
  "away_score" : 0,
  "match_status" : "available",
  "match_status_360" : "unscheduled",
  "last_updated" : "2023-07-17T23:20:59.726853",
  "last_updated_360" : null,
  "metadata" : {
    "data_version" : "1.1.0",
    "shot_fidelity_version" : "2",
    "xy_fidelity_version" : "2"
  },
  "match_week" : 2,
  "competition_stage" : {
    "id" : 10,
    "name" : "Group Stage"
  },
  "stadium" : {
    "id" : 4828,
    "name" : "Estadio Jalisco",
    "country" : {
      "id" : 147,
      "name" : "Mexico"
    }
  },
  "referee" : {
    "id" : 1009033,
    "name" : "Abraham Klein",
    "country" : {
      "id" : 111,
      "name" : "Israel"
    }
  }
}, {
  "match_id" : 3888699,
  "match_date" : "1970-06-04",
  "kick_off" : "01:00:00.000",
  "competition" : {
    "competition_id" : 43,
    "country_name" : "International",
    "competition_name" : "FIFA World Cup"
  },
  "season" : {
    "season_id" : 272,
    "season_name" : "1970"
  },
  "home_team" : {
    "home_team_id" : 781,
    "home_team_name" : "Brazil",
    "home_team_gender" : "male",
    "home_team_group" : null,
    "country" : {
      "id" : 31,
      "name" : "Brazil"
    },
    "managers" : [ {
      "id" : 3609,
      "name" : "Mário Jorge Lobo Zagallo",
      "nickname" : "Mário Zagallo",
      "dob" : "1931-08-09",
      "country" : {
        "id" : 31,
        "name" : "Brazil"
      }
    } ]
  },
  "away_team" : {
    "away_team_id" : 17469,
    "away_team_name" : "Czechoslovakia",
    "away_team_gender" : "male",
    "away_team_group" : null,
    "country" : {
      "id" : 60,
      "name" : "Czech Republic"
    },
    "managers" : [ {
      "id" : 1003276,
      "name" : "Jozef Marko",
      "nickname" : null,
      "dob" : "1923-05-25",
      "country" : {
        "id" : 60,
        "name" : "Czech Republic"
      }
    } ]
  },
  "home_score" : 4,
  "away_score" : 1,
  "match_status" : "available",
  "match_status_360" : "unscheduled",
  "last_updated" : "2023-07-17T23:14:37.946126",
  "last_updated_360" : null,
  "metadata" : {
    "data_version" : "1.1.0",
    "shot_fidelity_version" : "2",
    "xy_fidelity_version" : "2"
  },
  "match_week" : 1,
  "competition_stage" : {
    "id" : 10,
    "name" : "Group Stage"
  },
  "stadium" : {
    "id" : 4828,
    "name" : "Estadio Jalisco",
    "country" : {
      "id" : 147,
      "name" : "Mexico"
    }
  },
  "referee" : {
    "id" : 1892,
    "name" : "Ramón Ivanoes Barreto Ruiz",
    "country" : {
      "id" : 242,
      "name" : "Uruguay"
    }
  }
} ]