[ {
  "match_id" : 3888720,
  "match_date" : "1974-07-07",
  "kick_off" : "18:00:00.000",
  "competition" : {
    "competition_id" : 43,
    "country_name" : "International",
    "competition_name" : "FIFA World Cup"
  },
  "season" : {
    "season_id" : 51,
    "season_name" : "1974"
  },
  "home_team" : {
    "home_team_id" : 941,
    "home_team_name" : "Netherlands",
    "home_team_gender" : "male",
    "home_team_group" : null,
    "country" : {
      "id" : 160,
      "name" : "Netherlands"
    },
    "managers" : [ {
      "id" : 1003270,
      "name" : "Rinus Michels",
      "nickname" : null,
      "dob" : "1928-02-09",
      "country" : {
        "id" : 160,
        "name" : "Netherlands"
      }
    } ]
  },
  "away_team" : {
    "away_team_id" : 770,
    "away_team_name" : "Germany",
    "away_team_gender" : "male",
    "away_team_group" : null,
    "country" : {
      "id" : 85,
      "name" : "Germany"
    },
    "managers" : [ {
      "id" : 4624,
      "name" : "Helmut Schön",
      "nickname" : null,
      "dob" : "1915-09-15",
      "country" : {
        "id" : 85,
        "name" : "Germany"
      }
    } ]
  },
  "home_score" : 1,
  "away_score" : 2,
  "match_status" : "available",
  "match_status_360" : "unscheduled",
  "last_updated" : "2023-06-07T10:19:27.136158",
  "last_updated_360" : null,
  "metadata" : {
    "data_version" : "1.1.0",
    "shot_fidelity_version" : "2",
    "xy_fidelity_version" : "2"
  },
  "match_week" : 7,
  "competition_stage" : {
    "id" : 26,
    "name" : "Final"
  },
  "stadium" : {
    "id" : 4228,
    "name" : "Olympiastadion München ",
    "country" : {
      "id" : 85,
      "name" : "Germany"
    }
  },
  "referee" : {
    "id" : 1009028,
    "name" : "Jack Taylor",
    "country" : {
      "id" : 68,
      "name" : "England"
    }
  }
}, {
  "match_id" : 3888719,
  "match_date" : "1974-07-03",
  "kick_off" : "21:30:00.000",
  "competition" : {
    "competition_id" : 43,
    "country_name" : "International",
    "competition_name" : "FIFA World Cup"
  },
  "season" : {
    "season_id" : 51,
    "season_name" : "1974"
  },
  "home_team" : {
    "home_team_id" : 941,
    "home_team_name" : "Netherlands",
    "home_team_gender" : "male",
    "home_team_group" : null,
    "country" : {
      "id" : 160,
      "name" : "Netherlands"
    },
    "managers" : [ {
      "id" : 1003270,
      "name" : "Rinus Michels",
      "nickname" : null,
      "dob" : "1928-02-09",
      "country" : {
        "id" : 160,
        "name" : "Netherlands"
      }
    } ]
  },
  "away_team" : {
    "away_team_id" : 781,
    "away_team_name" : "Brazil",
    "away_team_gender" : "male",
    "away_team_group" : null,
    "country" : {
      "id" : 31,
      "name" : "Brazil"
    },
    "managers" : [ {
      "id" : 3609,
      "name" : "Mário Jorge Lobo Zagallo",
      "nickname" : "Mário Zagallo",
      "dob" : "1931-08-09",
      "country" : {
        "id" : 31,
        "name" : "Brazil"
      }
    } ]
  },
  "home_score" : 2,
  "away_score" : 0,
  "match_status" : "available",
  "match_status_360" : "unscheduled",
  "last_updated" : "2023-07-17T23:19:58.853207",
  "last_updated_360" : null,
  "metadata" : {
    "data_version" : "1.1.0",
    "shot_fidelity_version" : "2",
    "xy_fidelity_version" : "2"
  },
  "match_week" : 6,
  "competition_stage" : {
    "id" : 99,
    "name" : "1st Group Stage"
  },
  "stadium" : {
    "id" : 373,
    "name" : "Signal-Iduna-Park",
    "country" : {
      "id" : 85,
      "name" : "Germany"
    }
  },
  "referee" : {
    "id" : 1009045,
    "name" : "Kurt Tschenscher",
    "country" : {
      "id" : 85,
      "name" : "Germany"
    }
  }
}, {
  "match_id" : 3888718,
  "match_date" : "1974-06-30",
  "kick_off" : "18:00:00.000",
  "competition" : {
    "competition_id" : 43,
    "country_name" : "International",
    "competition_name" : "FIFA World Cup"
  },
  "season" : {
    "season_id" : 51,
    "season_name" : "1974"
  },
  "home_team" : {
    "home_team_id" : 2721,
    "home_team_name" : "German DR",
    "home_team_gender" : "male",
    "home_team_group" : null,
    "country" : {
      "id" : 255,
      "name" : "International"
    },
    "managers" : [ {
      "id" : 4623,
      "name" : "Georg Buschner",
      "nickname" : null,
      "dob" : "1925-12-26",
      "country" : {
        "id" : 85,
        "name" : "Germany"
      }
    } ]
  },
  "away_team" : {
    "away_team_id" : 941,
    "away_team_name" : "Netherlands",
    "away_team_gender" : "male",
    "away_team_group" : null,
    "country" : {
      "id" : 160,
      "name" : "Netherlands"
    },
    "managers" : [ {
      "id" : 1003270,
      "name" : "Rinus Michels",
      "nickname" : null,
      "dob" : "1928-02-09",
      "country" : {
        "id" : 160,
        "name" : "Netherlands"
      }
    } ]
  },
  "home_score" : 0,
  "away_score" : 2,
  "match_status" : "available",
  "match_status_360" : "unscheduled",
  "last_updated" : "2023-06-07T15:29:44.679215",
  "last_updated_360" : null,
  "metadata" : {
    "data_version" : "1.1.0",
    "shot_fidelity_version" : "2",
    "xy_fidelity_version" : "2"
  },
  "match_week" : 5,
  "competition_stage" : {
    "id" : 99,
    "name" : "1st Group Stage"
  },
  "stadium" : {
    "id" : 115972,
    "name" : "Parkstadion Obenende",
    "country" : {
      "id" : 85,
      "name" : "Germany"
    }
  },
  "referee" : {
    "id" : 1009041,
    "name" : "Rudolf Scheurer",
    "country" : {
      "id" : 221,
      "name" : "Switzerland"
    }
  }
}, {
  "match_id" : 3888717,
  "match_date" : "1974-06-26",
  "kick_off" : "21:30:00.000",
  "competition" : {
    "competition_id" : 43,
    "country_name" : "International",
    "competition_name" : "FIFA World Cup"
  },
  "season" : {
    "season_id" : 51,
    "season_name" : "1974"
  },
  "home_team" : {
    "home_team_id" : 941,
    "home_team_name" : "Netherlands",
    "home_team_gender" : "male",
    "home_team_group" : null,
    "country" : {
      "id" : 160,
      "name" : "Netherlands"
    },
    "managers" : [ {
      "id" : 1003270,
      "name" : "Rinus Michels",
      "nickname" : null,
      "dob" : "1928-02-09",
      "country" : {
        "id" : 160,
        "name" : "Netherlands"
      }
    } ]
  },
  "away_team" : {
    "away_team_id" : 779,
    "away_team_name" : "Argentina",
    "away_team_gender" : "male",
    "away_team_group" : null,
    "country" : {
      "id" : 11,
      "name" : "Argentina"
    },
    "managers" : [ {
      "id" : 1003284,
      "name" : "Vladislao Wenceslao Cap",
      "nickname" : null,
      "dob" : "2023-07-05",
      "country" : {
        "id" : 11,
        "name" : "Argentina"
      }
    } ]
  },
  "home_score" : 4,
  "away_score" : 0,
  "match_status" : "available",
  "match_status_360" : "unscheduled",
  "last_updated" : "2023-06-11T14:59:59.514793",
  "last_updated_360" : null,
  "metadata" : {
    "data_version" : "1.1.0",
    "shot_fidelity_version" : "2",
    "xy_fidelity_version" : "2"
  },
  "match_week" : 4,
  "competition_stage" : {
    "id" : 99,
    "name" : "1st Group Stage"
  },
  "stadium" : {
    "id" : 115972,
    "name" : "Parkstadion Obenende",
    "country" : {
      "id" : 85,
      "name" : "Germany"
    }
  },
  "referee" : {
    "id" : 1009047,
    "name" : "Bobby Davidson",
    "country" : {
      "id" : 201,
      "name" : "Scotland"
    }
  }
}, {
  "match_id" : 3888716,
  "match_date" : "1974-06-19",
  "kick_off" : "21:30:00.000",
  "competition" : {
    "competition_id" : 43,
    "country_name" : "International",
    "competition_name" : "FIFA World Cup"
  },
  "season" : {
    "season_id" : 51,
    "season_name" : "1974"
  },
  "home_team" : {
    "home_team_id" : 941,
    "home_team_name" : "Netherlands",
    "home_team_gender" : "male",
    "home_team_group" : null,
    "country" : {
      "id" : 160,
      "name" : "Netherlands"
    },
    "managers" : [ {
      "id" : 1003270,
      "name" : "Rinus Michels",
      "nickname" : null,
      "dob" : "1928-02-09",
      "country" : {
        "id" : 160,
        "name" : "Netherlands"
      }
    } ]
  },
  "away_team" : {
    "away_team_id" : 790,
    "away_team_name" : "Sweden",
    "away_team_gender" : "male",
    "away_team_group" : null,
    "country" : {
      "id" : 220,
      "name" : "Sweden"
    }
  },
  "home_score" : 0,
  "away_score" : 0,
  "match_status" : "available",
  "match_status_360" : "unscheduled",
  "last_updated" : "2023-06-09T14:56:42.864610",
  "last_updated_360" : null,
  "metadata" : {
    "data_version" : "1.1.0",
    "shot_fidelity_version" : "2",
    "xy_fidelity_version" : "2"
  },
  "match_week" : 2,
  "competition_stage" : {
    "id" : 99,
    "name" : "1st Group Stage"
  },
  "stadium" : {
    "id" : 373,
    "name" : "Signal-Iduna-Park",
    "country" : {
      "id" : 85,
      "name" : "Germany"
    }
  },
  "referee" : {
    "id" : 1009044,
    "name" : "Werner Winsemann",
    "country" : {
      "id" : 40,
      "name" : "Canada"
    }
  }
}, {
  "match_id" : 3750180,
  "match_date" : "1974-06-22",
  "kick_off" : "19:30:00.000",
  "competition" : {
    "competition_id" : 43,
    "country_name" : "International",
    "competition_name" : "FIFA World Cup"
  },
  "season" : {
    "season_id" : 51,
    "season_name" : "1974"
  },
  "home_team" : {
    "home_team_id" : 2721,
    "home_team_name" : "German DR",
    "home_team_gender" : "male",
    "home_team_group" : null,
    "country" : {
      "id" : 255,
      "name" : "International"
    },
    "managers" : [ {
      "id" : 4623,
      "name" : "Georg Buschner",
      "nickname" : null,
      "dob" : "1925-12-26",
      "country" : {
        "id" : 85,
        "name" : "Germany"
      }
    } ]
  },
  "away_team" : {
    "away_team_id" : 770,
    "away_team_name" : "Germany",
    "away_team_gender" : "male",
    "away_team_group" : null,
    "country" : {
      "id" : 85,
      "name" : "Germany"
    },
    "managers" : [ {
      "id" : 4624,
      "name" : "Helmut Schön",
      "nickname" : null,
      "dob" : "1915-09-15",
      "country" : {
        "id" : 85,
        "name" : "Germany"
      }
    } ]
  },
  "home_score" : 1,
  "away_score" : 0,
  "match_status" : "available",
  "match_status_360" : "scheduled",
  "last_updated" : "2022-11-24T21:12:47.649028",
  "last_updated_360" : "2021-06-13T16:17:31.694",
  "metadata" : {
    "data_version" : "1.1.0",
    "shot_fidelity_version" : "2",
    "xy_fidelity_version" : "2"
  },
  "match_week" : 3,
  "competition_stage" : {
    "id" : 99,
    "name" : "1st Group Stage"
  },
  "stadium" : {
    "id" : 379,
    "name" : "Volksparkstadion",
    "country" : {
      "id" : 85,
      "name" : "Germany"
    }
  },
  "referee" : {
    "id" : 1892,
    "name" : "Ramón Ivanoes Barreto Ruiz",
    "country" : {
      "id" : 242,
      "name" : "Uruguay"
    }
  }
} ]