[ {
  "match_id" : 3889149,
  "match_date" : "1986-06-29",
  "kick_off" : "20:00:00.000",
  "competition" : {
    "competition_id" : 43,
    "country_name" : "International",
    "competition_name" : "FIFA World Cup"
  },
  "season" : {
    "season_id" : 54,
    "season_name" : "1986"
  },
  "home_team" : {
    "home_team_id" : 779,
    "home_team_name" : "Argentina",
    "home_team_gender" : "male",
    "home_team_group" : null,
    "country" : {
      "id" : 11,
      "name" : "Argentina"
    },
    "managers" : [ {
      "id" : 4166,
      "name" : "Carlos Salvador Bilardo",
      "nickname" : "Carlos Bilardo",
      "dob" : "1938-03-16",
      "country" : {
        "id" : 11,
        "name" : "Argentina"
      }
    } ]
  },
  "away_team" : {
    "away_team_id" : 770,
    "away_team_name" : "Germany",
    "away_team_gender" : "male",
    "away_team_group" : null,
    "country" : {
      "id" : 85,
      "name" : "Germany"
    },
    "managers" : [ {
      "id" : 4724,
      "name" : "Franz Beckenbauer",
      "nickname" : null,
      "dob" : "1945-09-11",
      "country" : {
        "id" : 85,
        "name" : "Germany"
      }
    } ]
  },
  "home_score" : 3,
  "away_score" : 2,
  "match_status" : "available",
  "match_status_360" : "unscheduled",
  "last_updated" : "2023-06-28T11:20:34.252935",
  "last_updated_360" : null,
  "metadata" : {
    "data_version" : "1.1.0",
    "shot_fidelity_version" : "2",
    "xy_fidelity_version" : "2"
  },
  "match_week" : 3,
  "competition_stage" : {
    "id" : 15,
    "name" : "Semi-finals"
  },
  "stadium" : {
    "id" : 4820,
    "name" : "Estadio Azteca",
    "country" : {
      "id" : 147,
      "name" : "Mexico"
    }
  }
}, {
  "match_id" : 3889148,
  "match_date" : "1986-06-26",
  "kick_off" : "00:00:00.000",
  "competition" : {
    "competition_id" : 43,
    "country_name" : "International",
    "competition_name" : "FIFA World Cup"
  },
  "season" : {
    "season_id" : 54,
    "season_name" : "1986"
  },
  "home_team" : {
    "home_team_id" : 779,
    "home_team_name" : "Argentina",
    "home_team_gender" : "male",
    "home_team_group" : null,
    "country" : {
      "id" : 11,
      "name" : "Argentina"
    },
    "managers" : [ {
      "id" : 4166,
      "name" : "Carlos Salvador Bilardo",
      "nickname" : "Carlos Bilardo",
      "dob" : "1938-03-16",
      "country" : {
        "id" : 11,
        "name" : "Argentina"
      }
    } ]
  },
  "away_team" : {
    "away_team_id" : 782,
    "away_team_name" : "Belgium",
    "away_team_gender" : "male",
    "away_team_group" : null,
    "country" : {
      "id" : 22,
      "name" : "Belgium"
    },
    "managers" : [ {
      "id" : 1003262,
      "name" : "Guy Thys",
      "nickname" : null,
      "dob" : "1922-12-06",
      "country" : {
        "id" : 22,
        "name" : "Belgium"
      }
    } ]
  },
  "home_score" : 2,
  "away_score" : 0,
  "match_status" : "available",
  "match_status_360" : "unscheduled",
  "last_updated" : "2023-06-28T10:52:50.780663",
  "last_updated_360" : null,
  "metadata" : {
    "data_version" : "1.1.0",
    "shot_fidelity_version" : "2",
    "xy_fidelity_version" : "2"
  },
  "match_week" : 2,
  "competition_stage" : {
    "id" : 15,
    "name" : "Semi-finals"
  },
  "stadium" : {
    "id" : 4820,
    "name" : "Estadio Azteca",
    "country" : {
      "id" : 147,
      "name" : "Mexico"
    }
  },
  "referee" : {
    "id" : 1009020,
    "name" : "Antonio Márquez Ramírez",
    "country" : {
      "id" : 147,
      "name" : "Mexico"
    }
  }
}, {
  "match_id" : 3750191,
  "match_date" : "1986-06-22",
  "kick_off" : "19:00:00.000",
  "competition" : {
    "competition_id" : 43,
    "country_name" : "International",
    "competition_name" : "FIFA World Cup"
  },
  "season" : {
    "season_id" : 54,
    "season_name" : "1986"
  },
  "home_team" : {
    "home_team_id" : 779,
    "home_team_name" : "Argentina",
    "home_team_gender" : "male",
    "home_team_group" : null,
    "country" : {
      "id" : 11,
      "name" : "Argentina"
    },
    "managers" : [ {
      "id" : 4166,
      "name" : "Carlos Salvador Bilardo",
      "nickname" : "Carlos Bilardo",
      "dob" : "1938-03-16",
      "country" : {
        "id" : 11,
        "name" : "Argentina"
      }
    } ]
  },
  "away_team" : {
    "away_team_id" : 768,
    "away_team_name" : "England",
    "away_team_gender" : "male",
    "away_team_group" : null,
    "country" : {
      "id" : 68,
      "name" : "England"
    },
    "managers" : [ {
      "id" : 3404,
      "name" : "Bobby Robson",
      "nickname" : null,
      "dob" : "1933-02-18",
      "country" : {
        "id" : 68,
        "name" : "England"
      }
    } ]
  },
  "home_score" : 2,
  "away_score" : 1,
  "match_status" : "available",
  "match_status_360" : "scheduled",
  "last_updated" : "2023-06-28T10:54:22.856220",
  "last_updated_360" : "2021-06-13T16:17:31.694",
  "metadata" : {
    "data_version" : "1.1.0",
    "shot_fidelity_version" : "2",
    "xy_fidelity_version" : "2"
  },
  "match_week" : 1,
  "competition_stage" : {
    "id" : 11,
    "name" : "Quarter-finals"
  },
  "stadium" : {
    "id" : 4820,
    "name" : "Estadio Azteca",
    "country" : {
      "id" : 147,
      "name" : "Mexico"
    }
  },
  "referee" : {
    "id" : 1900,
    "name" : "Ali Bin Nasser",
    "country" : {
      "id" : 232,
      "name" : "Tunisia"
    }
  }
} ]