[ {
  "match_id" : 3793185,
  "match_date" : "1990-06-24",
  "kick_off" : "17:00:00.000",
  "competition" : {
    "competition_id" : 43,
    "country_name" : "International",
    "competition_name" : "FIFA World Cup"
  },
  "season" : {
    "season_id" : 55,
    "season_name" : "1990"
  },
  "home_team" : {
    "home_team_id" : 781,
    "home_team_name" : "Brazil",
    "home_team_gender" : "male",
    "home_team_group" : null,
    "country" : {
      "id" : 31,
      "name" : "Brazil"
    },
    "managers" : [ {
      "id" : 4747,
      "name" : "Sebastião Barroso Lazaroni",
      "nickname" : "Sebastião Lazaroni",
      "dob" : "1950-09-25",
      "country" : {
        "id" : 31,
        "name" : "Brazil"
      }
    } ]
  },
  "away_team" : {
    "away_team_id" : 779,
    "away_team_name" : "Argentina",
    "away_team_gender" : "male",
    "away_team_group" : null,
    "country" : {
      "id" : 11,
      "name" : "Argentina"
    },
    "managers" : [ {
      "id" : 4166,
      "name" : "Carlos Salvador Bilardo",
      "nickname" : "Carlos Bilardo",
      "dob" : "1938-03-16",
      "country" : {
        "id" : 11,
        "name" : "Argentina"
      }
    } ]
  },
  "home_score" : 0,
  "away_score" : 1,
  "match_status" : "available",
  "match_status_360" : "unscheduled",
  "last_updated" : "2023-06-28T10:58:20.137929",
  "last_updated_360" : null,
  "metadata" : {
    "data_version" : "1.1.0",
    "shot_fidelity_version" : "2",
    "xy_fidelity_version" : "2"
  },
  "match_week" : 1,
  "competition_stage" : {
    "id" : 33,
    "name" : "Round of 16"
  },
  "stadium" : {
    "id" : 98351,
    "name" : "Stadio delle Alpi",
    "country" : {
      "id" : 112,
      "name" : "Italy"
    }
  },
  "referee" : {
    "id" : 1897,
    "name" : "Joël Quiniou",
    "country" : {
      "id" : 78,
      "name" : "France"
    }
  }
} ]