[ {
  "match_id" : 3888787,
  "match_date" : "1979-09-07",
  "kick_off" : "19:00:00.000",
  "competition" : {
    "competition_id" : 1470,
    "country_name" : "International",
    "competition_name" : "FIFA U20 World Cup"
  },
  "season" : {
    "season_id" : 274,
    "season_name" : "1979"
  },
  "home_team" : {
    "home_team_id" : 9763,
    "home_team_name" : "Argentina U20",
    "home_team_gender" : "male",
    "home_team_group" : null,
    "country" : {
      "id" : 11,
      "name" : "Argentina"
    },
    "managers" : [ {
      "id" : 1001759,
      "name" : "César Luis Menotti",
      "nickname" : null,
      "dob" : "1938-11-05",
      "country" : {
        "id" : 11,
        "name" : "Argentina"
      }
    } ]
  },
  "away_team" : {
    "away_team_id" : 17403,
    "away_team_name" : "Soviet Union U20",
    "away_team_gender" : "male",
    "away_team_group" : null,
    "country" : {
      "id" : 188,
      "name" : "Russia"
    },
    "managers" : [ {
      "id" : 1003287,
      "name" : "Sergey Korshunov",
      "nickname" : null,
      "dob" : "1928-10-08",
      "country" : {
        "id" : 188,
        "name" : "Russia"
      }
    } ]
  },
  "home_score" : 3,
  "away_score" : 1,
  "match_status" : "available",
  "match_status_360" : "unscheduled",
  "last_updated" : "2023-06-28T10:55:11.501179",
  "last_updated_360" : null,
  "metadata" : {
    "data_version" : "1.1.0",
    "shot_fidelity_version" : "2",
    "xy_fidelity_version" : "2"
  },
  "match_week" : 6,
  "competition_stage" : {
    "id" : 26,
    "name" : "Final"
  },
  "stadium" : {
    "id" : 1000767,
    "name" : "Japan National Stadium (Tōkyō (Tokyo))",
    "country" : {
      "id" : 114,
      "name" : "Japan"
    }
  },
  "referee" : {
    "id" : 1009055,
    "name" : "José Roberto Ramiz Wright",
    "country" : {
      "id" : 31,
      "name" : "Brazil"
    }
  }
} ]