[ {
  "match_id" : 3889182,
  "match_date" : "1986-11-09",
  "kick_off" : "13:00:00.000",
  "competition" : {
    "competition_id" : 12,
    "country_name" : "Italy",
    "competition_name" : "Serie A"
  },
  "season" : {
    "season_id" : 86,
    "season_name" : "1986/1987"
  },
  "home_team" : {
    "home_team_id" : 224,
    "home_team_name" : "Juventus",
    "home_team_gender" : "male",
    "home_team_group" : null,
    "country" : {
      "id" : 112,
      "name" : "Italy"
    },
    "managers" : [ {
      "id" : 1003285,
      "name" : "Rino Marchesi",
      "nickname" : null,
      "dob" : null,
      "country" : {
        "id" : 112,
        "name" : "Italy"
      }
    } ]
  },
  "away_team" : {
    "away_team_id" : 227,
    "away_team_name" : "Napoli",
    "away_team_gender" : "male",
    "away_team_group" : null,
    "country" : {
      "id" : 112,
      "name" : "Italy"
    },
    "managers" : [ {
      "id" : 1001756,
      "name" : "Ottavio Bianchi",
      "nickname" : null,
      "dob" : "1943-10-06",
      "country" : {
        "id" : 112,
        "name" : "Italy"
      }
    } ]
  },
  "home_score" : 1,
  "away_score" : 3,
  "match_status" : "available",
  "match_status_360" : "unscheduled",
  "last_updated" : "2023-06-18T01:55:53.343752",
  "last_updated_360" : null,
  "metadata" : {
    "data_version" : "1.1.0",
    "shot_fidelity_version" : "2",
    "xy_fidelity_version" : "2"
  },
  "match_week" : 9,
  "competition_stage" : {
    "id" : 1,
    "name" : "Regular Season"
  },
  "stadium" : {
    "id" : 390,
    "name" : "Stadio Olimpico Grande Torino",
    "country" : {
      "id" : 112,
      "name" : "Italy"
    }
  },
  "referee" : {
    "id" : 1009053,
    "name" : "Luigi Agnolin",
    "country" : {
      "id" : 112,
      "name" : "Italy"
    }
  }
} ]