[ {
  "match_id" : 3887188,
  "match_date" : "1989-05-03",
  "kick_off" : "21:30:00.000",
  "competition" : {
    "competition_id" : 35,
    "country_name" : "Europe",
    "competition_name" : "UEFA Europa League"
  },
  "season" : {
    "season_id" : 75,
    "season_name" : "1988/1989"
  },
  "home_team" : {
    "home_team_id" : 227,
    "home_team_name" : "Napoli",
    "home_team_gender" : "male",
    "home_team_group" : null,
    "country" : {
      "id" : 112,
      "name" : "Italy"
    },
    "managers" : [ {
      "id" : 1001756,
      "name" : "Ottavio Bianchi",
      "nickname" : null,
      "dob" : "1943-10-06",
      "country" : {
        "id" : 112,
        "name" : "Italy"
      }
    } ]
  },
  "away_team" : {
    "away_team_id" : 174,
    "away_team_name" : "VfB Stuttgart",
    "away_team_gender" : "male",
    "away_team_group" : null,
    "country" : {
      "id" : 85,
      "name" : "Germany"
    },
    "managers" : [ {
      "id" : 1003286,
      "name" : "Arie Haan",
      "nickname" : null,
      "dob" : "1948-11-16",
      "country" : {
        "id" : 85,
        "name" : "Germany"
      }
    } ]
  },
  "home_score" : 2,
  "away_score" : 1,
  "match_status" : "available",
  "match_status_360" : "unscheduled",
  "last_updated" : "2023-06-18T19:28:39.443883",
  "last_updated_360" : null,
  "metadata" : {
    "data_version" : "1.1.0",
    "shot_fidelity_version" : "2",
    "xy_fidelity_version" : "2"
  },
  "match_week" : 12,
  "competition_stage" : {
    "id" : 26,
    "name" : "Final"
  },
  "stadium" : {
    "id" : 117450,
    "name" : "Stadio Diego Armando Maradona",
    "country" : {
      "id" : 112,
      "name" : "Italy"
    }
  },
  "referee" : {
    "id" : 1009054,
    "name" : "Gerasimos Germanakos",
    "country" : {
      "id" : 88,
      "name" : "Greece"
    }
  }
}, {
  "match_id" : 3750244,
  "match_date" : "1989-04-05",
  "kick_off" : null,
  "competition" : {
    "competition_id" : 35,
    "country_name" : "Europe",
    "competition_name" : "UEFA Europa League"
  },
  "season" : {
    "season_id" : 75,
    "season_name" : "1988/1989"
  },
  "home_team" : {
    "home_team_id" : 227,
    "home_team_name" : "Napoli",
    "home_team_gender" : "male",
    "home_team_group" : null,
    "country" : {
      "id" : 112,
      "name" : "Italy"
    }
  },
  "away_team" : {
    "away_team_id" : 169,
    "away_team_name" : "Bayern Munich",
    "away_team_gender" : "male",
    "away_team_group" : null,
    "country" : {
      "id" : 85,
      "name" : "Germany"
    }
  },
  "home_score" : 2,
  "away_score" : 0,
  "match_status" : "available",
  "match_status_360" : "scheduled",
  "last_updated" : "2020-07-29T05:00",
  "last_updated_360" : "2021-06-13T16:17:31.694",
  "metadata" : {
    "data_version" : "1.1.0",
    "shot_fidelity_version" : "2",
    "xy_fidelity_version" : "2"
  },
  "match_week" : 10,
  "competition_stage" : {
    "id" : 15,
    "name" : "Semi-finals"
  },
  "stadium" : {
    "id" : 117450,
    "name" : "Stadio Diego Armando Maradona",
    "country" : {
      "id" : 112,
      "name" : "Italy"
    }
  },
  "referee" : {
    "id" : 1932,
    "name" : "Michel Vautrot",
    "country" : {
      "id" : 78,
      "name" : "France"
    }
  }
}, {
  "match_id" : 3750245,
  "match_date" : "1989-03-15",
  "kick_off" : "20:30:00.000",
  "competition" : {
    "competition_id" : 35,
    "country_name" : "Europe",
    "competition_name" : "UEFA Europa League"
  },
  "season" : {
    "season_id" : 75,
    "season_name" : "1988/1989"
  },
  "home_team" : {
    "home_team_id" : 227,
    "home_team_name" : "Napoli",
    "home_team_gender" : "male",
    "home_team_group" : null,
    "country" : {
      "id" : 112,
      "name" : "Italy"
    },
    "managers" : [ {
      "id" : 1001756,
      "name" : "Ottavio Bianchi",
      "nickname" : null,
      "dob" : "1943-10-06",
      "country" : {
        "id" : 112,
        "name" : "Italy"
      }
    } ]
  },
  "away_team" : {
    "away_team_id" : 1076,
    "away_team_name" : "Juventus",
    "away_team_gender" : "male",
    "away_team_group" : null,
    "country" : {
      "id" : 112,
      "name" : "Italy"
    },
    "managers" : [ {
      "id" : 6100,
      "name" : "Dino Zoff",
      "nickname" : null,
      "dob" : "1942-02-28",
      "country" : {
        "id" : 112,
        "name" : "Italy"
      }
    } ]
  },
  "home_score" : 3,
  "away_score" : 0,
  "match_status" : "available",
  "match_status_360" : "scheduled",
  "last_updated" : "2023-05-22T16:05:43.468317",
  "last_updated_360" : "2021-06-13T16:17:31.694",
  "metadata" : {
    "data_version" : "1.1.0",
    "shot_fidelity_version" : "2",
    "xy_fidelity_version" : "2"
  },
  "match_week" : 9,
  "competition_stage" : {
    "id" : 11,
    "name" : "Quarter-finals"
  },
  "stadium" : {
    "id" : 117450,
    "name" : "Stadio Diego Armando Maradona",
    "country" : {
      "id" : 112,
      "name" : "Italy"
    }
  },
  "referee" : {
    "id" : 1929,
    "name" : "Siegfried Kirschen",
    "country" : {
      "id" : 85,
      "name" : "Germany"
    }
  }
} ]