[ {
  "match_id" : 3802643,
  "match_date" : "2022-04-29",
  "kick_off" : "21:00:00.000",
  "competition" : {
    "competition_id" : 7,
    "country_name" : "France",
    "competition_name" : "Ligue 1"
  },
  "season" : {
    "season_id" : 108,
    "season_name" : "2021/2022"
  },
  "home_team" : {
    "home_team_id" : 138,
    "home_team_name" : "Strasbourg",
    "home_team_gender" : "male",
    "home_team_group" : null,
    "country" : {
      "id" : 78,
      "name" : "France"
    },
    "managers" : [ {
      "id" : 567,
      "name" : "Julien Stéphan",
      "nickname" : null,
      "dob" : "1980-09-18",
      "country" : {
        "id" : 78,
        "name" : "France"
      }
    } ]
  },
  "away_team" : {
    "away_team_id" : 131,
    "away_team_name" : "Paris Saint-Germain",
    "away_team_gender" : "male",
    "away_team_group" : null,
    "country" : {
      "id" : 78,
      "name" : "France"
    },
    "managers" : [ {
      "id" : 81,
      "name" : "Mauricio Roberto Pochettino Trossero",
      "nickname" : "Mauricio Pochettino",
      "dob" : "1972-03-02",
      "country" : {
        "id" : 11,
        "name" : "Argentina"
      }
    } ]
  },
  "home_score" : 3,
  "away_score" : 3,
  "match_status" : "available",
  "match_status_360" : "available",
  "last_updated" : "2023-02-23T09:20:34.801073",
  "last_updated_360" : "2023-04-26T17:43:31.267629",
  "metadata" : {
    "data_version" : "1.1.0",
    "shot_fidelity_version" : "2",
    "xy_fidelity_version" : "2"
  },
  "match_week" : 35,
  "competition_stage" : {
    "id" : 1,
    "name" : "Regular Season"
  },
  "stadium" : {
    "id" : 167,
    "name" : "Stade de la Meinau ",
    "country" : {
      "id" : 78,
      "name" : "France"
    }
  },
  "referee" : {
    "id" : 78,
    "name" : "Ruddy Buquet",
    "country" : {
      "id" : 78,
      "name" : "France"
    }
  }
}, {
  "match_id" : 3803000,
  "match_date" : "2022-04-09",
  "kick_off" : "21:00:00.000",
  "competition" : {
    "competition_id" : 7,
    "country_name" : "France",
    "competition_name" : "Ligue 1"
  },
  "season" : {
    "season_id" : 108,
    "season_name" : "2021/2022"
  },
  "home_team" : {
    "home_team_id" : 152,
    "home_team_name" : "Clermont Foot",
    "home_team_gender" : "male",
    "home_team_group" : null,
    "country" : {
      "id" : 78,
      "name" : "France"
    },
    "managers" : [ {
      "id" : 89,
      "name" : "Pascal Gastien",
      "nickname" : null,
      "dob" : "1963-12-02",
      "country" : {
        "id" : 78,
        "name" : "France"
      }
    } ]
  },
  "away_team" : {
    "away_team_id" : 131,
    "away_team_name" : "Paris Saint-Germain",
    "away_team_gender" : "male",
    "away_team_group" : null,
    "country" : {
      "id" : 78,
      "name" : "France"
    },
    "managers" : [ {
      "id" : 81,
      "name" : "Mauricio Roberto Pochettino Trossero",
      "nickname" : "Mauricio Pochettino",
      "dob" : "1972-03-02",
      "country" : {
        "id" : 11,
        "name" : "Argentina"
      }
    } ]
  },
  "home_score" : 1,
  "away_score" : 6,
  "match_status" : "available",
  "match_status_360" : "available",
  "last_updated" : "2022-12-01T15:33:06.484112",
  "last_updated_360" : "2023-04-26T22:34:05.979610",
  "metadata" : {
    "data_version" : "1.1.0",
    "shot_fidelity_version" : "2",
    "xy_fidelity_version" : "2"
  },
  "match_week" : 31,
  "competition_stage" : {
    "id" : 1,
    "name" : "Regular Season"
  },
  "stadium" : {
    "id" : 202,
    "name" : "Stade Gabriel Montpied",
    "country" : {
      "id" : 78,
      "name" : "France"
    }
  },
  "referee" : {
    "id" : 127,
    "name" : "Eric Wattellier",
    "country" : {
      "id" : 78,
      "name" : "France"
    }
  }
}, {
  "match_id" : 3802802,
  "match_date" : "2022-01-23",
  "kick_off" : "21:45:00.000",
  "competition" : {
    "competition_id" : 7,
    "country_name" : "France",
    "competition_name" : "Ligue 1"
  },
  "season" : {
    "season_id" : 108,
    "season_name" : "2021/2022"
  },
  "home_team" : {
    "home_team_id" : 131,
    "home_team_name" : "Paris Saint-Germain",
    "home_team_gender" : "male",
    "home_team_group" : null,
    "country" : {
      "id" : 78,
      "name" : "France"
    },
    "managers" : [ {
      "id" : 81,
      "name" : "Mauricio Roberto Pochettino Trossero",
      "nickname" : "Mauricio Pochettino",
      "dob" : "1972-03-02",
      "country" : {
        "id" : 11,
        "name" : "Argentina"
      }
    } ]
  },
  "away_team" : {
    "away_team_id" : 156,
    "away_team_name" : "Stade de Reims",
    "away_team_gender" : "male",
    "away_team_group" : null,
    "country" : {
      "id" : 78,
      "name" : "France"
    },
    "managers" : [ {
      "id" : 430,
      "name" : "Óscar García Junyent",
      "nickname" : "Óscar García",
      "dob" : "1973-04-26",
      "country" : {
        "id" : 214,
        "name" : "Spain"
      }
    } ]
  },
  "home_score" : 4,
  "away_score" : 0,
  "match_status" : "available",
  "match_status_360" : "available",
  "last_updated" : "2022-03-24T15:08:57.539689",
  "last_updated_360" : "2022-08-04T12:00",
  "metadata" : {
    "data_version" : "1.1.0",
    "shot_fidelity_version" : "2",
    "xy_fidelity_version" : "2"
  },
  "match_week" : 22,
  "competition_stage" : {
    "id" : 1,
    "name" : "Regular Season"
  },
  "stadium" : {
    "id" : 154,
    "name" : "Parc des Princes ",
    "country" : {
      "id" : 78,
      "name" : "France"
    }
  },
  "referee" : {
    "id" : 127,
    "name" : "Eric Wattellier",
    "country" : {
      "id" : 78,
      "name" : "France"
    }
  }
}, {
  "match_id" : 3802696,
  "match_date" : "2021-08-29",
  "kick_off" : "20:45:00.000",
  "competition" : {
    "competition_id" : 7,
    "country_name" : "France",
    "competition_name" : "Ligue 1"
  },
  "season" : {
    "season_id" : 108,
    "season_name" : "2021/2022"
  },
  "home_team" : {
    "home_team_id" : 156,
    "home_team_name" : "Stade de Reims",
    "home_team_gender" : "male",
    "home_team_group" : null,
    "country" : {
      "id" : 78,
      "name" : "France"
    },
    "managers" : [ {
      "id" : 430,
      "name" : "Óscar García Junyent",
      "nickname" : "Óscar García",
      "dob" : "1973-04-26",
      "country" : {
        "id" : 214,
        "name" : "Spain"
      }
    } ]
  },
  "away_team" : {
    "away_team_id" : 131,
    "away_team_name" : "Paris Saint-Germain",
    "away_team_gender" : "male",
    "away_team_group" : null,
    "country" : {
      "id" : 78,
      "name" : "France"
    },
    "managers" : [ {
      "id" : 81,
      "name" : "Mauricio Roberto Pochettino Trossero",
      "nickname" : "Mauricio Pochettino",
      "dob" : "1972-03-02",
      "country" : {
        "id" : 11,
        "name" : "Argentina"
      }
    } ]
  },
  "home_score" : 0,
  "away_score" : 2,
  "match_status" : "available",
  "match_status_360" : "available",
  "last_updated" : "2021-09-08T12:28:36.472412",
  "last_updated_360" : "2022-08-04T12:00",
  "metadata" : {
    "data_version" : "1.1.0",
    "shot_fidelity_version" : "2",
    "xy_fidelity_version" : "2"
  },
  "match_week" : 4,
  "competition_stage" : {
    "id" : 1,
    "name" : "Regular Season"
  },
  "stadium" : {
    "id" : 232,
    "name" : "Stade Auguste-Delaune II ",
    "country" : {
      "id" : 78,
      "name" : "France"
    }
  },
  "referee" : {
    "id" : 79,
    "name" : "François Letexier",
    "country" : {
      "id" : 78,
      "name" : "France"
    }
  }
}, {
  "match_id" : 3802699,
  "match_date" : "2021-10-29",
  "kick_off" : "21:00:00.000",
  "competition" : {
    "competition_id" : 7,
    "country_name" : "France",
    "competition_name" : "Ligue 1"
  },
  "season" : {
    "season_id" : 108,
    "season_name" : "2021/2022"
  },
  "home_team" : {
    "home_team_id" : 131,
    "home_team_name" : "Paris Saint-Germain",
    "home_team_gender" : "male",
    "home_team_group" : null,
    "country" : {
      "id" : 78,
      "name" : "France"
    },
    "managers" : [ {
      "id" : 81,
      "name" : "Mauricio Roberto Pochettino Trossero",
      "nickname" : "Mauricio Pochettino",
      "dob" : "1972-03-02",
      "country" : {
        "id" : 11,
        "name" : "Argentina"
      }
    } ]
  },
  "away_team" : {
    "away_team_id" : 143,
    "away_team_name" : "Lille",
    "away_team_gender" : "male",
    "away_team_group" : null,
    "country" : {
      "id" : 78,
      "name" : "France"
    },
    "managers" : [ {
      "id" : 434,
      "name" : "Jocelyn Gourvennec",
      "nickname" : null,
      "dob" : "1972-03-22",
      "country" : {
        "id" : 78,
        "name" : "France"
      }
    } ]
  },
  "home_score" : 2,
  "away_score" : 1,
  "match_status" : "available",
  "match_status_360" : "available",
  "last_updated" : "2021-12-15T21:20:09.464115",
  "last_updated_360" : "2022-08-04T12:00",
  "metadata" : {
    "data_version" : "1.1.0",
    "shot_fidelity_version" : "2",
    "xy_fidelity_version" : "2"
  },
  "match_week" : 12,
  "competition_stage" : {
    "id" : 1,
    "name" : "Regular Season"
  },
  "stadium" : {
    "id" : 154,
    "name" : "Parc des Princes ",
    "country" : {
      "id" : 78,
      "name" : "France"
    }
  },
  "referee" : {
    "id" : 86,
    "name" : "Amaury Delerue",
    "country" : {
      "id" : 78,
      "name" : "France"
    }
  }
}, {
  "match_id" : 3802685,
  "match_date" : "2021-12-04",
  "kick_off" : "22:00:00.000",
  "competition" : {
    "competition_id" : 7,
    "country_name" : "France",
    "competition_name" : "Ligue 1"
  },
  "season" : {
    "season_id" : 108,
    "season_name" : "2021/2022"
  },
  "home_team" : {
    "home_team_id" : 168,
    "home_team_name" : "Lens",
    "home_team_gender" : "male",
    "home_team_group" : null,
    "country" : {
      "id" : 78,
      "name" : "France"
    },
    "managers" : [ {
      "id" : 4283,
      "name" : "Franck Haise",
      "nickname" : null,
      "dob" : "1971-04-15",
      "country" : {
        "id" : 78,
        "name" : "France"
      }
    } ]
  },
  "away_team" : {
    "away_team_id" : 131,
    "away_team_name" : "Paris Saint-Germain",
    "away_team_gender" : "male",
    "away_team_group" : null,
    "country" : {
      "id" : 78,
      "name" : "France"
    },
    "managers" : [ {
      "id" : 81,
      "name" : "Mauricio Roberto Pochettino Trossero",
      "nickname" : "Mauricio Pochettino",
      "dob" : "1972-03-02",
      "country" : {
        "id" : 11,
        "name" : "Argentina"
      }
    } ]
  },
  "home_score" : 1,
  "away_score" : 1,
  "match_status" : "available",
  "match_status_360" : "available",
  "last_updated" : "2022-01-21T19:04:02.673512",
  "last_updated_360" : "2022-08-04T12:00",
  "metadata" : {
    "data_version" : "1.1.0",
    "shot_fidelity_version" : "2",
    "xy_fidelity_version" : "2"
  },
  "match_week" : 17,
  "competition_stage" : {
    "id" : 1,
    "name" : "Regular Season"
  },
  "stadium" : {
    "id" : 4801,
    "name" : "Stade Bollaert-Delelis",
    "country" : {
      "id" : 78,
      "name" : "France"
    }
  },
  "referee" : {
    "id" : 79,
    "name" : "François Letexier",
    "country" : {
      "id" : 78,
      "name" : "France"
    }
  }
}, {
  "match_id" : 3802665,
  "match_date" : "2022-05-14",
  "kick_off" : "21:00:00.000",
  "competition" : {
    "competition_id" : 7,
    "country_name" : "France",
    "competition_name" : "Ligue 1"
  },
  "season" : {
    "season_id" : 108,
    "season_name" : "2021/2022"
  },
  "home_team" : {
    "home_team_id" : 139,
    "home_team_name" : "Montpellier",
    "home_team_gender" : "male",
    "home_team_group" : null,
    "country" : {
      "id" : 78,
      "name" : "France"
    },
    "managers" : [ {
      "id" : 116,
      "name" : "Olivier Dall’Oglio",
      "nickname" : null,
      "dob" : "1964-05-16",
      "country" : {
        "id" : 78,
        "name" : "France"
      }
    } ]
  },
  "away_team" : {
    "away_team_id" : 131,
    "away_team_name" : "Paris Saint-Germain",
    "away_team_gender" : "male",
    "away_team_group" : null,
    "country" : {
      "id" : 78,
      "name" : "France"
    },
    "managers" : [ {
      "id" : 81,
      "name" : "Mauricio Roberto Pochettino Trossero",
      "nickname" : "Mauricio Pochettino",
      "dob" : "1972-03-02",
      "country" : {
        "id" : 11,
        "name" : "Argentina"
      }
    } ]
  },
  "home_score" : 0,
  "away_score" : 4,
  "match_status" : "available",
  "match_status_360" : "available",
  "last_updated" : "2023-02-23T09:24:25.911637",
  "last_updated_360" : "2023-04-26T12:17:11.088572",
  "metadata" : {
    "data_version" : "1.1.0",
    "shot_fidelity_version" : "2",
    "xy_fidelity_version" : "2"
  },
  "match_week" : 37,
  "competition_stage" : {
    "id" : 1,
    "name" : "Regular Season"
  },
  "stadium" : {
    "id" : 165,
    "name" : "Stade de la Mosson ",
    "country" : {
      "id" : 78,
      "name" : "France"
    }
  },
  "referee" : {
    "id" : 113,
    "name" : "Jeremy Stinat",
    "country" : {
      "id" : 78,
      "name" : "France"
    }
  }
}, {
  "match_id" : 3802752,
  "match_date" : "2021-09-19",
  "kick_off" : "20:45:00.000",
  "competition" : {
    "competition_id" : 7,
    "country_name" : "France",
    "competition_name" : "Ligue 1"
  },
  "season" : {
    "season_id" : 108,
    "season_name" : "2021/2022"
  },
  "home_team" : {
    "home_team_id" : 131,
    "home_team_name" : "Paris Saint-Germain",
    "home_team_gender" : "male",
    "home_team_group" : null,
    "country" : {
      "id" : 78,
      "name" : "France"
    },
    "managers" : [ {
      "id" : 81,
      "name" : "Mauricio Roberto Pochettino Trossero",
      "nickname" : "Mauricio Pochettino",
      "dob" : "1972-03-02",
      "country" : {
        "id" : 11,
        "name" : "Argentina"
      }
    } ]
  },
  "away_team" : {
    "away_team_id" : 137,
    "away_team_name" : "Lyon",
    "away_team_gender" : "male",
    "away_team_group" : null,
    "country" : {
      "id" : 78,
      "name" : "France"
    },
    "managers" : [ {
      "id" : 417,
      "name" : "Peter Bosz",
      "nickname" : null,
      "dob" : "1963-11-21",
      "country" : {
        "id" : 160,
        "name" : "Netherlands"
      }
    } ]
  },
  "home_score" : 2,
  "away_score" : 1,
  "match_status" : "available",
  "match_status_360" : "available",
  "last_updated" : "2021-09-22T16:54:25.101223",
  "last_updated_360" : "2022-08-04T12:00",
  "metadata" : {
    "data_version" : "1.1.0",
    "shot_fidelity_version" : "2",
    "xy_fidelity_version" : "2"
  },
  "match_week" : 6,
  "competition_stage" : {
    "id" : 1,
    "name" : "Regular Season"
  },
  "stadium" : {
    "id" : 154,
    "name" : "Parc des Princes ",
    "country" : {
      "id" : 78,
      "name" : "France"
    }
  },
  "referee" : {
    "id" : 76,
    "name" : "Clément Turpin",
    "country" : {
      "id" : 78,
      "name" : "France"
    }
  }
}, {
  "match_id" : 3802809,
  "match_date" : "2021-10-03",
  "kick_off" : "13:00:00.000",
  "competition" : {
    "competition_id" : 7,
    "country_name" : "France",
    "competition_name" : "Ligue 1"
  },
  "season" : {
    "season_id" : 108,
    "season_name" : "2021/2022"
  },
  "home_team" : {
    "home_team_id" : 134,
    "home_team_name" : "Rennes",
    "home_team_gender" : "male",
    "home_team_group" : null,
    "country" : {
      "id" : 78,
      "name" : "France"
    },
    "managers" : [ {
      "id" : 283,
      "name" : "Bruno Génésio",
      "nickname" : null,
      "dob" : "1966-09-01",
      "country" : {
        "id" : 78,
        "name" : "France"
      }
    } ]
  },
  "away_team" : {
    "away_team_id" : 131,
    "away_team_name" : "Paris Saint-Germain",
    "away_team_gender" : "male",
    "away_team_group" : null,
    "country" : {
      "id" : 78,
      "name" : "France"
    },
    "managers" : [ {
      "id" : 81,
      "name" : "Mauricio Roberto Pochettino Trossero",
      "nickname" : "Mauricio Pochettino",
      "dob" : "1972-03-02",
      "country" : {
        "id" : 11,
        "name" : "Argentina"
      }
    } ]
  },
  "home_score" : 2,
  "away_score" : 0,
  "match_status" : "available",
  "match_status_360" : "available",
  "last_updated" : "2021-10-07T16:38:07.166233",
  "last_updated_360" : "2022-08-04T12:00",
  "metadata" : {
    "data_version" : "1.1.0",
    "shot_fidelity_version" : "2",
    "xy_fidelity_version" : "2"
  },
  "match_week" : 9,
  "competition_stage" : {
    "id" : 1,
    "name" : "Regular Season"
  },
  "stadium" : {
    "id" : 166,
    "name" : "Roazhon Park",
    "country" : {
      "id" : 78,
      "name" : "France"
    }
  },
  "referee" : {
    "id" : 78,
    "name" : "Ruddy Buquet",
    "country" : {
      "id" : 78,
      "name" : "France"
    }
  }
}, {
  "match_id" : 3802676,
  "match_date" : "2022-04-23",
  "kick_off" : "21:00:00.000",
  "competition" : {
    "competition_id" : 7,
    "country_name" : "France",
    "competition_name" : "Ligue 1"
  },
  "season" : {
    "season_id" : 108,
    "season_name" : "2021/2022"
  },
  "home_team" : {
    "home_team_id" : 131,
    "home_team_name" : "Paris Saint-Germain",
    "home_team_gender" : "male",
    "home_team_group" : null,
    "country" : {
      "id" : 78,
      "name" : "France"
    },
    "managers" : [ {
      "id" : 81,
      "name" : "Mauricio Roberto Pochettino Trossero",
      "nickname" : "Mauricio Pochettino",
      "dob" : "1972-03-02",
      "country" : {
        "id" : 11,
        "name" : "Argentina"
      }
    } ]
  },
  "away_team" : {
    "away_team_id" : 168,
    "away_team_name" : "Lens",
    "away_team_gender" : "male",
    "away_team_group" : null,
    "country" : {
      "id" : 78,
      "name" : "France"
    },
    "managers" : [ {
      "id" : 4283,
      "name" : "Franck Haise",
      "nickname" : null,
      "dob" : "1971-04-15",
      "country" : {
        "id" : 78,
        "name" : "France"
      }
    } ]
  },
  "home_score" : 1,
  "away_score" : 1,
  "match_status" : "available",
  "match_status_360" : "available",
  "last_updated" : "2022-12-01T16:02:28.273943",
  "last_updated_360" : "2023-04-26T18:59:39.428444",
  "metadata" : {
    "data_version" : "1.1.0",
    "shot_fidelity_version" : "2",
    "xy_fidelity_version" : "2"
  },
  "match_week" : 34,
  "competition_stage" : {
    "id" : 1,
    "name" : "Regular Season"
  },
  "stadium" : {
    "id" : 154,
    "name" : "Parc des Princes ",
    "country" : {
      "id" : 78,
      "name" : "France"
    }
  },
  "referee" : {
    "id" : 86,
    "name" : "Amaury Delerue",
    "country" : {
      "id" : 78,
      "name" : "France"
    }
  }
}, {
  "match_id" : 3802983,
  "match_date" : "2022-04-17",
  "kick_off" : "20:45:00.000",
  "competition" : {
    "competition_id" : 7,
    "country_name" : "France",
    "competition_name" : "Ligue 1"
  },
  "season" : {
    "season_id" : 108,
    "season_name" : "2021/2022"
  },
  "home_team" : {
    "home_team_id" : 131,
    "home_team_name" : "Paris Saint-Germain",
    "home_team_gender" : "male",
    "home_team_group" : null,
    "country" : {
      "id" : 78,
      "name" : "France"
    },
    "managers" : [ {
      "id" : 81,
      "name" : "Mauricio Roberto Pochettino Trossero",
      "nickname" : "Mauricio Pochettino",
      "dob" : "1972-03-02",
      "country" : {
        "id" : 11,
        "name" : "Argentina"
      }
    } ]
  },
  "away_team" : {
    "away_team_id" : 147,
    "away_team_name" : "Marseille",
    "away_team_gender" : "male",
    "away_team_group" : null,
    "country" : {
      "id" : 78,
      "name" : "France"
    },
    "managers" : [ {
      "id" : 637,
      "name" : "Jorge Luis Sampaoli Moya",
      "nickname" : "Jorge Sampaoli",
      "dob" : "1960-03-13",
      "country" : {
        "id" : 11,
        "name" : "Argentina"
      }
    } ]
  },
  "home_score" : 2,
  "away_score" : 1,
  "match_status" : "available",
  "match_status_360" : "available",
  "last_updated" : "2022-12-01T15:44:00.172729",
  "last_updated_360" : "2023-04-26T20:23:58.501744",
  "metadata" : {
    "data_version" : "1.1.0",
    "shot_fidelity_version" : "2",
    "xy_fidelity_version" : "2"
  },
  "match_week" : 32,
  "competition_stage" : {
    "id" : 1,
    "name" : "Regular Season"
  },
  "stadium" : {
    "id" : 154,
    "name" : "Parc des Princes ",
    "country" : {
      "id" : 78,
      "name" : "France"
    }
  },
  "referee" : {
    "id" : 79,
    "name" : "François Letexier",
    "country" : {
      "id" : 78,
      "name" : "France"
    }
  }
}, {
  "match_id" : 3802907,
  "match_date" : "2022-02-06",
  "kick_off" : "21:45:00.000",
  "competition" : {
    "competition_id" : 7,
    "country_name" : "France",
    "competition_name" : "Ligue 1"
  },
  "season" : {
    "season_id" : 108,
    "season_name" : "2021/2022"
  },
  "home_team" : {
    "home_team_id" : 143,
    "home_team_name" : "Lille",
    "home_team_gender" : "male",
    "home_team_group" : null,
    "country" : {
      "id" : 78,
      "name" : "France"
    },
    "managers" : [ {
      "id" : 434,
      "name" : "Jocelyn Gourvennec",
      "nickname" : null,
      "dob" : "1972-03-22",
      "country" : {
        "id" : 78,
        "name" : "France"
      }
    } ]
  },
  "away_team" : {
    "away_team_id" : 131,
    "away_team_name" : "Paris Saint-Germain",
    "away_team_gender" : "male",
    "away_team_group" : null,
    "country" : {
      "id" : 78,
      "name" : "France"
    },
    "managers" : [ {
      "id" : 81,
      "name" : "Mauricio Roberto Pochettino Trossero",
      "nickname" : "Mauricio Pochettino",
      "dob" : "1972-03-02",
      "country" : {
        "id" : 11,
        "name" : "Argentina"
      }
    } ]
  },
  "home_score" : 1,
  "away_score" : 5,
  "match_status" : "available",
  "match_status_360" : "available",
  "last_updated" : "2022-09-16T15:24:34.629749",
  "last_updated_360" : "2023-04-27T07:34:39.329607",
  "metadata" : {
    "data_version" : "1.1.0",
    "shot_fidelity_version" : "2",
    "xy_fidelity_version" : "2"
  },
  "match_week" : 23,
  "competition_stage" : {
    "id" : 1,
    "name" : "Regular Season"
  },
  "stadium" : {
    "id" : 157,
    "name" : "Decathlon Arena – Stade Pierre-Mauroy",
    "country" : {
      "id" : 78,
      "name" : "France"
    }
  },
  "referee" : {
    "id" : 79,
    "name" : "François Letexier",
    "country" : {
      "id" : 78,
      "name" : "France"
    }
  }
}, {
  "match_id" : 3802902,
  "match_date" : "2021-10-24",
  "kick_off" : "20:45:00.000",
  "competition" : {
    "competition_id" : 7,
    "country_name" : "France",
    "competition_name" : "Ligue 1"
  },
  "season" : {
    "season_id" : 108,
    "season_name" : "2021/2022"
  },
  "home_team" : {
    "home_team_id" : 147,
    "home_team_name" : "Marseille",
    "home_team_gender" : "male",
    "home_team_group" : null,
    "country" : {
      "id" : 78,
      "name" : "France"
    },
    "managers" : [ {
      "id" : 637,
      "name" : "Jorge Luis Sampaoli Moya",
      "nickname" : "Jorge Sampaoli",
      "dob" : "1960-03-13",
      "country" : {
        "id" : 11,
        "name" : "Argentina"
      }
    } ]
  },
  "away_team" : {
    "away_team_id" : 131,
    "away_team_name" : "Paris Saint-Germain",
    "away_team_gender" : "male",
    "away_team_group" : null,
    "country" : {
      "id" : 78,
      "name" : "France"
    },
    "managers" : [ {
      "id" : 81,
      "name" : "Mauricio Roberto Pochettino Trossero",
      "nickname" : "Mauricio Pochettino",
      "dob" : "1972-03-02",
      "country" : {
        "id" : 11,
        "name" : "Argentina"
      }
    } ]
  },
  "home_score" : 0,
  "away_score" : 0,
  "match_status" : "available",
  "match_status_360" : "available",
  "last_updated" : "2021-12-15T21:04:21.982539",
  "last_updated_360" : "2022-08-04T12:00",
  "metadata" : {
    "data_version" : "1.1.0",
    "shot_fidelity_version" : "2",
    "xy_fidelity_version" : "2"
  },
  "match_week" : 11,
  "competition_stage" : {
    "id" : 1,
    "name" : "Regular Season"
  },
  "stadium" : {
    "id" : 656,
    "name" : "Orange Vélodrome",
    "country" : {
      "id" : 78,
      "name" : "France"
    }
  },
  "referee" : {
    "id" : 82,
    "name" : "Benoît Bastien",
    "country" : {
      "id" : 78,
      "name" : "France"
    }
  }
}, {
  "match_id" : 3802818,
  "match_date" : "2022-04-03",
  "kick_off" : "20:45:00.000",
  "competition" : {
    "competition_id" : 7,
    "country_name" : "France",
    "competition_name" : "Ligue 1"
  },
  "season" : {
    "season_id" : 108,
    "season_name" : "2021/2022"
  },
  "home_team" : {
    "home_team_id" : 131,
    "home_team_name" : "Paris Saint-Germain",
    "home_team_gender" : "male",
    "home_team_group" : null,
    "country" : {
      "id" : 78,
      "name" : "France"
    },
    "managers" : [ {
      "id" : 81,
      "name" : "Mauricio Roberto Pochettino Trossero",
      "nickname" : "Mauricio Pochettino",
      "dob" : "1972-03-02",
      "country" : {
        "id" : 11,
        "name" : "Argentina"
      }
    } ]
  },
  "away_team" : {
    "away_team_id" : 165,
    "away_team_name" : "Lorient",
    "away_team_gender" : "male",
    "away_team_group" : null,
    "country" : {
      "id" : 78,
      "name" : "France"
    },
    "managers" : [ {
      "id" : 87,
      "name" : "Christophe Pélissier",
      "nickname" : null,
      "dob" : "1965-10-05",
      "country" : {
        "id" : 78,
        "name" : "France"
      }
    } ]
  },
  "home_score" : 5,
  "away_score" : 1,
  "match_status" : "available",
  "match_status_360" : "available",
  "last_updated" : "2022-12-01T15:30:14.607896",
  "last_updated_360" : "2023-04-26T23:51:44.292656",
  "metadata" : {
    "data_version" : "1.1.0",
    "shot_fidelity_version" : "2",
    "xy_fidelity_version" : "2"
  },
  "match_week" : 30,
  "competition_stage" : {
    "id" : 1,
    "name" : "Regular Season"
  },
  "stadium" : {
    "id" : 154,
    "name" : "Parc des Princes ",
    "country" : {
      "id" : 78,
      "name" : "France"
    }
  },
  "referee" : {
    "id" : 87,
    "name" : "Hakim Ben El Hadj Salem",
    "country" : {
      "id" : 78,
      "name" : "France"
    }
  }
}, {
  "match_id" : 3802683,
  "match_date" : "2021-12-12",
  "kick_off" : "21:45:00.000",
  "competition" : {
    "competition_id" : 7,
    "country_name" : "France",
    "competition_name" : "Ligue 1"
  },
  "season" : {
    "season_id" : 108,
    "season_name" : "2021/2022"
  },
  "home_team" : {
    "home_team_id" : 131,
    "home_team_name" : "Paris Saint-Germain",
    "home_team_gender" : "male",
    "home_team_group" : null,
    "country" : {
      "id" : 78,
      "name" : "France"
    },
    "managers" : [ {
      "id" : 81,
      "name" : "Mauricio Roberto Pochettino Trossero",
      "nickname" : "Mauricio Pochettino",
      "dob" : "1972-03-02",
      "country" : {
        "id" : 11,
        "name" : "Argentina"
      }
    } ]
  },
  "away_team" : {
    "away_team_id" : 129,
    "away_team_name" : "AS Monaco",
    "away_team_gender" : "male",
    "away_team_group" : null,
    "country" : {
      "id" : 150,
      "name" : "Monaco"
    },
    "managers" : [ {
      "id" : 374,
      "name" : "Niko Kovač",
      "nickname" : null,
      "dob" : "1971-10-15",
      "country" : {
        "id" : 56,
        "name" : "Croatia"
      }
    } ]
  },
  "home_score" : 2,
  "away_score" : 0,
  "match_status" : "available",
  "match_status_360" : "available",
  "last_updated" : "2022-06-25T22:02:08.550855",
  "last_updated_360" : "2022-08-04T12:00",
  "metadata" : {
    "data_version" : "1.1.0",
    "shot_fidelity_version" : "2",
    "xy_fidelity_version" : "2"
  },
  "match_week" : 18,
  "competition_stage" : {
    "id" : 1,
    "name" : "Regular Season"
  },
  "stadium" : {
    "id" : 154,
    "name" : "Parc des Princes ",
    "country" : {
      "id" : 78,
      "name" : "France"
    }
  },
  "referee" : {
    "id" : 82,
    "name" : "Benoît Bastien",
    "country" : {
      "id" : 78,
      "name" : "France"
    }
  }
}, {
  "match_id" : 3802690,
  "match_date" : "2021-12-22",
  "kick_off" : "22:00:00.000",
  "competition" : {
    "competition_id" : 7,
    "country_name" : "France",
    "competition_name" : "Ligue 1"
  },
  "season" : {
    "season_id" : 108,
    "season_name" : "2021/2022"
  },
  "home_team" : {
    "home_team_id" : 165,
    "home_team_name" : "Lorient",
    "home_team_gender" : "male",
    "home_team_group" : null,
    "country" : {
      "id" : 78,
      "name" : "France"
    },
    "managers" : [ {
      "id" : 87,
      "name" : "Christophe Pélissier",
      "nickname" : null,
      "dob" : "1965-10-05",
      "country" : {
        "id" : 78,
        "name" : "France"
      }
    } ]
  },
  "away_team" : {
    "away_team_id" : 131,
    "away_team_name" : "Paris Saint-Germain",
    "away_team_gender" : "male",
    "away_team_group" : null,
    "country" : {
      "id" : 78,
      "name" : "France"
    },
    "managers" : [ {
      "id" : 81,
      "name" : "Mauricio Roberto Pochettino Trossero",
      "nickname" : "Mauricio Pochettino",
      "dob" : "1972-03-02",
      "country" : {
        "id" : 11,
        "name" : "Argentina"
      }
    } ]
  },
  "home_score" : 1,
  "away_score" : 1,
  "match_status" : "available",
  "match_status_360" : "available",
  "last_updated" : "2022-03-19T22:15:04.205313",
  "last_updated_360" : "2022-08-04T12:00",
  "metadata" : {
    "data_version" : "1.1.0",
    "shot_fidelity_version" : "2",
    "xy_fidelity_version" : "2"
  },
  "match_week" : 19,
  "competition_stage" : {
    "id" : 1,
    "name" : "Regular Season"
  },
  "stadium" : {
    "id" : 204,
    "name" : "Stade Yves Allainmat - Le Moustoir",
    "country" : {
      "id" : 78,
      "name" : "France"
    }
  },
  "referee" : {
    "id" : 326,
    "name" : "Jérémie Pignard",
    "country" : {
      "id" : 78,
      "name" : "France"
    }
  }
}, {
  "match_id" : 3802904,
  "match_date" : "2022-03-13",
  "kick_off" : "14:00:00.000",
  "competition" : {
    "competition_id" : 7,
    "country_name" : "France",
    "competition_name" : "Ligue 1"
  },
  "season" : {
    "season_id" : 108,
    "season_name" : "2021/2022"
  },
  "home_team" : {
    "home_team_id" : 131,
    "home_team_name" : "Paris Saint-Germain",
    "home_team_gender" : "male",
    "home_team_group" : null,
    "country" : {
      "id" : 78,
      "name" : "France"
    },
    "managers" : [ {
      "id" : 81,
      "name" : "Mauricio Roberto Pochettino Trossero",
      "nickname" : "Mauricio Pochettino",
      "dob" : "1972-03-02",
      "country" : {
        "id" : 11,
        "name" : "Argentina"
      }
    } ]
  },
  "away_team" : {
    "away_team_id" : 146,
    "away_team_name" : "Bordeaux",
    "away_team_gender" : "male",
    "away_team_group" : null,
    "country" : {
      "id" : 78,
      "name" : "France"
    },
    "managers" : [ {
      "id" : 201,
      "name" : "David Guion",
      "nickname" : null,
      "dob" : "1967-09-30",
      "country" : {
        "id" : 78,
        "name" : "France"
      }
    } ]
  },
  "home_score" : 3,
  "away_score" : 0,
  "match_status" : "available",
  "match_status_360" : "available",
  "last_updated" : "2022-05-10T20:50:06.994871",
  "last_updated_360" : "2022-08-04T12:00",
  "metadata" : {
    "data_version" : "1.1.0",
    "shot_fidelity_version" : "2",
    "xy_fidelity_version" : "2"
  },
  "match_week" : 28,
  "competition_stage" : {
    "id" : 1,
    "name" : "Regular Season"
  },
  "stadium" : {
    "id" : 154,
    "name" : "Parc des Princes ",
    "country" : {
      "id" : 78,
      "name" : "France"
    }
  },
  "referee" : {
    "id" : 79,
    "name" : "François Letexier",
    "country" : {
      "id" : 78,
      "name" : "France"
    }
  }
}, {
  "match_id" : 3802837,
  "match_date" : "2021-11-28",
  "kick_off" : "14:00:00.000",
  "competition" : {
    "competition_id" : 7,
    "country_name" : "France",
    "competition_name" : "Ligue 1"
  },
  "season" : {
    "season_id" : 108,
    "season_name" : "2021/2022"
  },
  "home_team" : {
    "home_team_id" : 135,
    "home_team_name" : "Saint-Étienne",
    "home_team_gender" : "male",
    "home_team_group" : null,
    "country" : {
      "id" : 78,
      "name" : "France"
    },
    "managers" : [ {
      "id" : 381,
      "name" : "Claude Puel",
      "nickname" : null,
      "dob" : "1961-09-02",
      "country" : {
        "id" : 78,
        "name" : "France"
      }
    } ]
  },
  "away_team" : {
    "away_team_id" : 131,
    "away_team_name" : "Paris Saint-Germain",
    "away_team_gender" : "male",
    "away_team_group" : null,
    "country" : {
      "id" : 78,
      "name" : "France"
    },
    "managers" : [ {
      "id" : 81,
      "name" : "Mauricio Roberto Pochettino Trossero",
      "nickname" : "Mauricio Pochettino",
      "dob" : "1972-03-02",
      "country" : {
        "id" : 11,
        "name" : "Argentina"
      }
    } ]
  },
  "home_score" : 1,
  "away_score" : 3,
  "match_status" : "available",
  "match_status_360" : "available",
  "last_updated" : "2022-03-09T21:50:40.240691",
  "last_updated_360" : "2022-08-04T12:00",
  "metadata" : {
    "data_version" : "1.1.0",
    "shot_fidelity_version" : "2",
    "xy_fidelity_version" : "2"
  },
  "match_week" : 15,
  "competition_stage" : {
    "id" : 1,
    "name" : "Regular Season"
  },
  "stadium" : {
    "id" : 4810,
    "name" : "Stade Geoffroy-Guichard ",
    "country" : {
      "id" : 78,
      "name" : "France"
    }
  },
  "referee" : {
    "id" : 85,
    "name" : "Jérôme Brisard",
    "country" : {
      "id" : 78,
      "name" : "France"
    }
  }
}, {
  "match_id" : 3802984,
  "match_date" : "2021-11-20",
  "kick_off" : "18:00:00.000",
  "competition" : {
    "competition_id" : 7,
    "country_name" : "France",
    "competition_name" : "Ligue 1"
  },
  "season" : {
    "season_id" : 108,
    "season_name" : "2021/2022"
  },
  "home_team" : {
    "home_team_id" : 131,
    "home_team_name" : "Paris Saint-Germain",
    "home_team_gender" : "male",
    "home_team_group" : null,
    "country" : {
      "id" : 78,
      "name" : "France"
    },
    "managers" : [ {
      "id" : 81,
      "name" : "Mauricio Roberto Pochettino Trossero",
      "nickname" : "Mauricio Pochettino",
      "dob" : "1972-03-02",
      "country" : {
        "id" : 11,
        "name" : "Argentina"
      }
    } ]
  },
  "away_team" : {
    "away_team_id" : 144,
    "away_team_name" : "Nantes",
    "away_team_gender" : "male",
    "away_team_group" : null,
    "country" : {
      "id" : 78,
      "name" : "France"
    },
    "managers" : [ {
      "id" : 115,
      "name" : "Antoine Kombouare",
      "nickname" : null,
      "dob" : "1963-11-16",
      "country" : {
        "id" : 78,
        "name" : "France"
      }
    } ]
  },
  "home_score" : 3,
  "away_score" : 1,
  "match_status" : "available",
  "match_status_360" : "available",
  "last_updated" : "2022-03-09T20:20:02.252022",
  "last_updated_360" : "2022-08-04T12:00",
  "metadata" : {
    "data_version" : "1.1.0",
    "shot_fidelity_version" : "2",
    "xy_fidelity_version" : "2"
  },
  "match_week" : 14,
  "competition_stage" : {
    "id" : 1,
    "name" : "Regular Season"
  },
  "stadium" : {
    "id" : 154,
    "name" : "Parc des Princes ",
    "country" : {
      "id" : 78,
      "name" : "France"
    }
  },
  "referee" : {
    "id" : 113,
    "name" : "Jeremy Stinat",
    "country" : {
      "id" : 78,
      "name" : "France"
    }
  }
}, {
  "match_id" : 3802805,
  "match_date" : "2022-03-05",
  "kick_off" : "22:00:00.000",
  "competition" : {
    "competition_id" : 7,
    "country_name" : "France",
    "competition_name" : "Ligue 1"
  },
  "season" : {
    "season_id" : 108,
    "season_name" : "2021/2022"
  },
  "home_team" : {
    "home_team_id" : 136,
    "home_team_name" : "OGC Nice",
    "home_team_gender" : "male",
    "home_team_group" : null,
    "country" : {
      "id" : 78,
      "name" : "France"
    },
    "managers" : [ {
      "id" : 281,
      "name" : "Christophe Galtier",
      "nickname" : null,
      "dob" : "1966-08-23",
      "country" : {
        "id" : 78,
        "name" : "France"
      }
    } ]
  },
  "away_team" : {
    "away_team_id" : 131,
    "away_team_name" : "Paris Saint-Germain",
    "away_team_gender" : "male",
    "away_team_group" : null,
    "country" : {
      "id" : 78,
      "name" : "France"
    },
    "managers" : [ {
      "id" : 81,
      "name" : "Mauricio Roberto Pochettino Trossero",
      "nickname" : "Mauricio Pochettino",
      "dob" : "1972-03-02",
      "country" : {
        "id" : 11,
        "name" : "Argentina"
      }
    } ]
  },
  "home_score" : 1,
  "away_score" : 0,
  "match_status" : "available",
  "match_status_360" : "available",
  "last_updated" : "2022-11-19T07:46:35.710038",
  "last_updated_360" : "2023-04-27T03:25:12.603563",
  "metadata" : {
    "data_version" : "1.1.0",
    "shot_fidelity_version" : "2",
    "xy_fidelity_version" : "2"
  },
  "match_week" : 27,
  "competition_stage" : {
    "id" : 1,
    "name" : "Regular Season"
  },
  "stadium" : {
    "id" : 162,
    "name" : "Allianz Riviera ",
    "country" : {
      "id" : 78,
      "name" : "France"
    }
  },
  "referee" : {
    "id" : 120,
    "name" : "Willy Delajod",
    "country" : {
      "id" : 78,
      "name" : "France"
    }
  }
}, {
  "match_id" : 3802709,
  "match_date" : "2022-02-26",
  "kick_off" : "22:00:00.000",
  "competition" : {
    "competition_id" : 7,
    "country_name" : "France",
    "competition_name" : "Ligue 1"
  },
  "season" : {
    "season_id" : 108,
    "season_name" : "2021/2022"
  },
  "home_team" : {
    "home_team_id" : 131,
    "home_team_name" : "Paris Saint-Germain",
    "home_team_gender" : "male",
    "home_team_group" : null,
    "country" : {
      "id" : 78,
      "name" : "France"
    },
    "managers" : [ {
      "id" : 81,
      "name" : "Mauricio Roberto Pochettino Trossero",
      "nickname" : "Mauricio Pochettino",
      "dob" : "1972-03-02",
      "country" : {
        "id" : 11,
        "name" : "Argentina"
      }
    } ]
  },
  "away_team" : {
    "away_team_id" : 135,
    "away_team_name" : "Saint-Étienne",
    "away_team_gender" : "male",
    "away_team_group" : null,
    "country" : {
      "id" : 78,
      "name" : "France"
    },
    "managers" : [ {
      "id" : 433,
      "name" : "Pascal Dupraz",
      "nickname" : null,
      "dob" : "1962-09-19",
      "country" : {
        "id" : 78,
        "name" : "France"
      }
    } ]
  },
  "home_score" : 3,
  "away_score" : 1,
  "match_status" : "available",
  "match_status_360" : "available",
  "last_updated" : "2023-02-24T03:21:08.853317",
  "last_updated_360" : "2023-04-27T04:34:08.979896",
  "metadata" : {
    "data_version" : "1.1.0",
    "shot_fidelity_version" : "2",
    "xy_fidelity_version" : "2"
  },
  "match_week" : 26,
  "competition_stage" : {
    "id" : 1,
    "name" : "Regular Season"
  },
  "stadium" : {
    "id" : 154,
    "name" : "Parc des Princes ",
    "country" : {
      "id" : 78,
      "name" : "France"
    }
  },
  "referee" : {
    "id" : 121,
    "name" : "Pierre Gaillouste",
    "country" : {
      "id" : 78,
      "name" : "France"
    }
  }
}, {
  "match_id" : 3802948,
  "match_date" : "2022-05-21",
  "kick_off" : "21:00:00.000",
  "competition" : {
    "competition_id" : 7,
    "country_name" : "France",
    "competition_name" : "Ligue 1"
  },
  "season" : {
    "season_id" : 108,
    "season_name" : "2021/2022"
  },
  "home_team" : {
    "home_team_id" : 131,
    "home_team_name" : "Paris Saint-Germain",
    "home_team_gender" : "male",
    "home_team_group" : null,
    "country" : {
      "id" : 78,
      "name" : "France"
    },
    "managers" : [ {
      "id" : 81,
      "name" : "Mauricio Roberto Pochettino Trossero",
      "nickname" : "Mauricio Pochettino",
      "dob" : "1972-03-02",
      "country" : {
        "id" : 11,
        "name" : "Argentina"
      }
    } ]
  },
  "away_team" : {
    "away_team_id" : 141,
    "away_team_name" : "Metz",
    "away_team_gender" : "male",
    "away_team_group" : null,
    "country" : {
      "id" : 78,
      "name" : "France"
    },
    "managers" : [ {
      "id" : 24,
      "name" : "Frédéric Antonetti",
      "nickname" : null,
      "dob" : "1961-08-19",
      "country" : {
        "id" : 78,
        "name" : "France"
      }
    } ]
  },
  "home_score" : 5,
  "away_score" : 0,
  "match_status" : "available",
  "match_status_360" : "available",
  "last_updated" : "2022-12-01T16:33:51.732919",
  "last_updated_360" : "2023-04-26T09:53:20.334077",
  "metadata" : {
    "data_version" : "1.1.0",
    "shot_fidelity_version" : "2",
    "xy_fidelity_version" : "2"
  },
  "match_week" : 38,
  "competition_stage" : {
    "id" : 1,
    "name" : "Regular Season"
  },
  "stadium" : {
    "id" : 154,
    "name" : "Parc des Princes ",
    "country" : {
      "id" : 78,
      "name" : "France"
    }
  },
  "referee" : {
    "id" : 100,
    "name" : "Antony Gautier",
    "country" : {
      "id" : 78,
      "name" : "France"
    }
  }
}, {
  "match_id" : 3802930,
  "match_date" : "2022-05-08",
  "kick_off" : "20:45:00.000",
  "competition" : {
    "competition_id" : 7,
    "country_name" : "France",
    "competition_name" : "Ligue 1"
  },
  "season" : {
    "season_id" : 108,
    "season_name" : "2021/2022"
  },
  "home_team" : {
    "home_team_id" : 131,
    "home_team_name" : "Paris Saint-Germain",
    "home_team_gender" : "male",
    "home_team_group" : null,
    "country" : {
      "id" : 78,
      "name" : "France"
    },
    "managers" : [ {
      "id" : 81,
      "name" : "Mauricio Roberto Pochettino Trossero",
      "nickname" : "Mauricio Pochettino",
      "dob" : "1972-03-02",
      "country" : {
        "id" : 11,
        "name" : "Argentina"
      }
    } ]
  },
  "away_team" : {
    "away_team_id" : 133,
    "away_team_name" : "Troyes",
    "away_team_gender" : "male",
    "away_team_group" : null,
    "country" : {
      "id" : 78,
      "name" : "France"
    },
    "managers" : [ {
      "id" : 4015,
      "name" : "Bruno Irles",
      "nickname" : null,
      "dob" : "1975-08-16",
      "country" : {
        "id" : 78,
        "name" : "France"
      }
    } ]
  },
  "home_score" : 2,
  "away_score" : 2,
  "match_status" : "available",
  "match_status_360" : "available",
  "last_updated" : "2022-12-01T16:22:34.457806",
  "last_updated_360" : "2023-04-26T14:03:04.805939",
  "metadata" : {
    "data_version" : "1.1.0",
    "shot_fidelity_version" : "2",
    "xy_fidelity_version" : "2"
  },
  "match_week" : 36,
  "competition_stage" : {
    "id" : 1,
    "name" : "Regular Season"
  },
  "stadium" : {
    "id" : 154,
    "name" : "Parc des Princes ",
    "country" : {
      "id" : 78,
      "name" : "France"
    }
  },
  "referee" : {
    "id" : 85,
    "name" : "Jérôme Brisard",
    "country" : {
      "id" : 78,
      "name" : "France"
    }
  }
}, {
  "match_id" : 3802793,
  "match_date" : "2021-12-01",
  "kick_off" : "22:05:00.000",
  "competition" : {
    "competition_id" : 7,
    "country_name" : "France",
    "competition_name" : "Ligue 1"
  },
  "season" : {
    "season_id" : 108,
    "season_name" : "2021/2022"
  },
  "home_team" : {
    "home_team_id" : 131,
    "home_team_name" : "Paris Saint-Germain",
    "home_team_gender" : "male",
    "home_team_group" : null,
    "country" : {
      "id" : 78,
      "name" : "France"
    },
    "managers" : [ {
      "id" : 81,
      "name" : "Mauricio Roberto Pochettino Trossero",
      "nickname" : "Mauricio Pochettino",
      "dob" : "1972-03-02",
      "country" : {
        "id" : 11,
        "name" : "Argentina"
      }
    } ]
  },
  "away_team" : {
    "away_team_id" : 136,
    "away_team_name" : "OGC Nice",
    "away_team_gender" : "male",
    "away_team_group" : null,
    "country" : {
      "id" : 78,
      "name" : "France"
    },
    "managers" : [ {
      "id" : 281,
      "name" : "Christophe Galtier",
      "nickname" : null,
      "dob" : "1966-08-23",
      "country" : {
        "id" : 78,
        "name" : "France"
      }
    } ]
  },
  "home_score" : 0,
  "away_score" : 0,
  "match_status" : "available",
  "match_status_360" : "available",
  "last_updated" : "2022-06-25T21:24:28.841566",
  "last_updated_360" : "2022-08-04T12:00",
  "metadata" : {
    "data_version" : "1.1.0",
    "shot_fidelity_version" : "2",
    "xy_fidelity_version" : "2"
  },
  "match_week" : 16,
  "competition_stage" : {
    "id" : 1,
    "name" : "Regular Season"
  },
  "stadium" : {
    "id" : 154,
    "name" : "Parc des Princes ",
    "country" : {
      "id" : 78,
      "name" : "France"
    }
  },
  "referee" : {
    "id" : 76,
    "name" : "Clément Turpin",
    "country" : {
      "id" : 78,
      "name" : "France"
    }
  }
}, {
  "match_id" : 3802839,
  "match_date" : "2022-02-19",
  "kick_off" : "22:00:00.000",
  "competition" : {
    "competition_id" : 7,
    "country_name" : "France",
    "competition_name" : "Ligue 1"
  },
  "season" : {
    "season_id" : 108,
    "season_name" : "2021/2022"
  },
  "home_team" : {
    "home_team_id" : 144,
    "home_team_name" : "Nantes",
    "home_team_gender" : "male",
    "home_team_group" : null,
    "country" : {
      "id" : 78,
      "name" : "France"
    },
    "managers" : [ {
      "id" : 115,
      "name" : "Antoine Kombouare",
      "nickname" : null,
      "dob" : "1963-11-16",
      "country" : {
        "id" : 78,
        "name" : "France"
      }
    } ]
  },
  "away_team" : {
    "away_team_id" : 131,
    "away_team_name" : "Paris Saint-Germain",
    "away_team_gender" : "male",
    "away_team_group" : null,
    "country" : {
      "id" : 78,
      "name" : "France"
    },
    "managers" : [ {
      "id" : 81,
      "name" : "Mauricio Roberto Pochettino Trossero",
      "nickname" : "Mauricio Pochettino",
      "dob" : "1972-03-02",
      "country" : {
        "id" : 11,
        "name" : "Argentina"
      }
    } ]
  },
  "home_score" : 3,
  "away_score" : 1,
  "match_status" : "available",
  "match_status_360" : "available",
  "last_updated" : "2022-06-25T23:20:56.557371",
  "last_updated_360" : "2022-08-04T12:00",
  "metadata" : {
    "data_version" : "1.1.0",
    "shot_fidelity_version" : "2",
    "xy_fidelity_version" : "2"
  },
  "match_week" : 25,
  "competition_stage" : {
    "id" : 1,
    "name" : "Regular Season"
  },
  "stadium" : {
    "id" : 161,
    "name" : "Stade de la Beaujoire - Louis Fonteneau",
    "country" : {
      "id" : 78,
      "name" : "France"
    }
  },
  "referee" : {
    "id" : 83,
    "name" : "Mikael Lesage",
    "country" : {
      "id" : 78,
      "name" : "France"
    }
  }
}, {
  "match_id" : 3802795,
  "match_date" : "2022-02-11",
  "kick_off" : "22:00:00.000",
  "competition" : {
    "competition_id" : 7,
    "country_name" : "France",
    "competition_name" : "Ligue 1"
  },
  "season" : {
    "season_id" : 108,
    "season_name" : "2021/2022"
  },
  "home_team" : {
    "home_team_id" : 131,
    "home_team_name" : "Paris Saint-Germain",
    "home_team_gender" : "male",
    "home_team_group" : null,
    "country" : {
      "id" : 78,
      "name" : "France"
    },
    "managers" : [ {
      "id" : 81,
      "name" : "Mauricio Roberto Pochettino Trossero",
      "nickname" : "Mauricio Pochettino",
      "dob" : "1972-03-02",
      "country" : {
        "id" : 11,
        "name" : "Argentina"
      }
    } ]
  },
  "away_team" : {
    "away_team_id" : 134,
    "away_team_name" : "Rennes",
    "away_team_gender" : "male",
    "away_team_group" : null,
    "country" : {
      "id" : 78,
      "name" : "France"
    },
    "managers" : [ {
      "id" : 283,
      "name" : "Bruno Génésio",
      "nickname" : null,
      "dob" : "1966-09-01",
      "country" : {
        "id" : 78,
        "name" : "France"
      }
    } ]
  },
  "home_score" : 1,
  "away_score" : 0,
  "match_status" : "available",
  "match_status_360" : "available",
  "last_updated" : "2023-07-18T10:39:38.811521",
  "last_updated_360" : "2023-07-18T10:41:45.564017",
  "metadata" : {
    "data_version" : "1.1.0",
    "shot_fidelity_version" : "2",
    "xy_fidelity_version" : "2"
  },
  "match_week" : 24,
  "competition_stage" : {
    "id" : 1,
    "name" : "Regular Season"
  },
  "stadium" : {
    "id" : 154,
    "name" : "Parc des Princes ",
    "country" : {
      "id" : 78,
      "name" : "France"
    }
  },
  "referee" : {
    "id" : 82,
    "name" : "Benoît Bastien",
    "country" : {
      "id" : 78,
      "name" : "France"
    }
  }
} ]