[ {
  "match_id" : 3838017,
  "match_date" : "2023-06-03",
  "kick_off" : "22:00:00.000",
  "competition" : {
    "competition_id" : 7,
    "country_name" : "France",
    "competition_name" : "Ligue 1"
  },
  "season" : {
    "season_id" : 235,
    "season_name" : "2022/2023"
  },
  "home_team" : {
    "home_team_id" : 131,
    "home_team_name" : "Paris Saint-Germain",
    "home_team_gender" : "male",
    "home_team_group" : null,
    "country" : {
      "id" : 78,
      "name" : "France"
    },
    "managers" : [ {
      "id" : 281,
      "name" : "Christophe Galtier",
      "nickname" : null,
      "dob" : "1966-08-23",
      "country" : {
        "id" : 78,
        "name" : "France"
      }
    } ]
  },
  "away_team" : {
    "away_team_id" : 152,
    "away_team_name" : "Clermont Foot",
    "away_team_gender" : "male",
    "away_team_group" : null,
    "country" : {
      "id" : 78,
      "name" : "France"
    },
    "managers" : [ {
      "id" : 89,
      "name" : "Pascal Gastien",
      "nickname" : null,
      "dob" : "1963-12-02",
      "country" : {
        "id" : 78,
        "name" : "France"
      }
    } ]
  },
  "home_score" : 2,
  "away_score" : 3,
  "match_status" : "available",
  "match_status_360" : "available",
  "last_updated" : "2023-06-20T18:20:56.808986",
  "last_updated_360" : "2023-06-20T18:22:59.194695",
  "metadata" : {
    "data_version" : "1.1.0",
    "shot_fidelity_version" : "2",
    "xy_fidelity_version" : "2"
  },
  "match_week" : 38,
  "competition_stage" : {
    "id" : 1,
    "name" : "Regular Season"
  },
  "stadium" : {
    "id" : 154,
    "name" : "Parc des Princes ",
    "country" : {
      "id" : 78,
      "name" : "France"
    }
  },
  "referee" : {
    "id" : 89,
    "name" : "Thomas Léonard",
    "country" : {
      "id" : 78,
      "name" : "France"
    }
  }
}, {
  "match_id" : 3837987,
  "match_date" : "2023-05-13",
  "kick_off" : "22:00:00.000",
  "competition" : {
    "competition_id" : 7,
    "country_name" : "France",
    "competition_name" : "Ligue 1"
  },
  "season" : {
    "season_id" : 235,
    "season_name" : "2022/2023"
  },
  "home_team" : {
    "home_team_id" : 131,
    "home_team_name" : "Paris Saint-Germain",
    "home_team_gender" : "male",
    "home_team_group" : null,
    "country" : {
      "id" : 78,
      "name" : "France"
    },
    "managers" : [ {
      "id" : 281,
      "name" : "Christophe Galtier",
      "nickname" : null,
      "dob" : "1966-08-23",
      "country" : {
        "id" : 78,
        "name" : "France"
      }
    } ]
  },
  "away_team" : {
    "away_team_id" : 158,
    "away_team_name" : "AC Ajaccio",
    "away_team_gender" : "male",
    "away_team_group" : null,
    "country" : {
      "id" : 78,
      "name" : "France"
    },
    "managers" : [ {
      "id" : 215,
      "name" : "Olivier Pantaloni",
      "nickname" : null,
      "dob" : "1966-12-13",
      "country" : {
        "id" : 78,
        "name" : "France"
      }
    } ]
  },
  "home_score" : 5,
  "away_score" : 0,
  "match_status" : "available",
  "match_status_360" : "available",
  "last_updated" : "2023-06-10T06:48:37.463493",
  "last_updated_360" : "2023-07-10T18:18:50.129201",
  "metadata" : {
    "data_version" : "1.1.0",
    "shot_fidelity_version" : "2",
    "xy_fidelity_version" : "2"
  },
  "match_week" : 35,
  "competition_stage" : {
    "id" : 1,
    "name" : "Regular Season"
  },
  "stadium" : {
    "id" : 154,
    "name" : "Parc des Princes ",
    "country" : {
      "id" : 78,
      "name" : "France"
    }
  },
  "referee" : {
    "id" : 121,
    "name" : "Pierre Gaillouste",
    "country" : {
      "id" : 78,
      "name" : "France"
    }
  }
}, {
  "match_id" : 3837928,
  "match_date" : "2023-04-02",
  "kick_off" : "20:45:00.000",
  "competition" : {
    "competition_id" : 7,
    "country_name" : "France",
    "competition_name" : "Ligue 1"
  },
  "season" : {
    "season_id" : 235,
    "season_name" : "2022/2023"
  },
  "home_team" : {
    "home_team_id" : 131,
    "home_team_name" : "Paris Saint-Germain",
    "home_team_gender" : "male",
    "home_team_group" : null,
    "country" : {
      "id" : 78,
      "name" : "France"
    },
    "managers" : [ {
      "id" : 281,
      "name" : "Christophe Galtier",
      "nickname" : null,
      "dob" : "1966-08-23",
      "country" : {
        "id" : 78,
        "name" : "France"
      }
    } ]
  },
  "away_team" : {
    "away_team_id" : 137,
    "away_team_name" : "Lyon",
    "away_team_gender" : "male",
    "away_team_group" : null,
    "country" : {
      "id" : 78,
      "name" : "France"
    },
    "managers" : [ {
      "id" : 3802,
      "name" : "Laurent Blanc",
      "nickname" : null,
      "dob" : "1965-11-19",
      "country" : {
        "id" : 78,
        "name" : "France"
      }
    } ]
  },
  "home_score" : 0,
  "away_score" : 1,
  "match_status" : "available",
  "match_status_360" : "available",
  "last_updated" : "2023-05-18T15:52:14.981706",
  "last_updated_360" : "2023-06-19T12:46:43.051747",
  "metadata" : {
    "data_version" : "1.1.0",
    "shot_fidelity_version" : "2",
    "xy_fidelity_version" : "2"
  },
  "match_week" : 29,
  "competition_stage" : {
    "id" : 1,
    "name" : "Regular Season"
  },
  "stadium" : {
    "id" : 154,
    "name" : "Parc des Princes ",
    "country" : {
      "id" : 78,
      "name" : "France"
    }
  },
  "referee" : {
    "id" : 79,
    "name" : "François Letexier",
    "country" : {
      "id" : 78,
      "name" : "France"
    }
  }
}, {
  "match_id" : 3837918,
  "match_date" : "2023-03-19",
  "kick_off" : "18:05:00.000",
  "competition" : {
    "competition_id" : 7,
    "country_name" : "France",
    "competition_name" : "Ligue 1"
  },
  "season" : {
    "season_id" : 235,
    "season_name" : "2022/2023"
  },
  "home_team" : {
    "home_team_id" : 131,
    "home_team_name" : "Paris Saint-Germain",
    "home_team_gender" : "male",
    "home_team_group" : null,
    "country" : {
      "id" : 78,
      "name" : "France"
    },
    "managers" : [ {
      "id" : 281,
      "name" : "Christophe Galtier",
      "nickname" : null,
      "dob" : "1966-08-23",
      "country" : {
        "id" : 78,
        "name" : "France"
      }
    } ]
  },
  "away_team" : {
    "away_team_id" : 134,
    "away_team_name" : "Rennes",
    "away_team_gender" : "male",
    "away_team_group" : null,
    "country" : {
      "id" : 78,
      "name" : "France"
    },
    "managers" : [ {
      "id" : 283,
      "name" : "Bruno Génésio",
      "nickname" : null,
      "dob" : "1966-09-01",
      "country" : {
        "id" : 78,
        "name" : "France"
      }
    } ]
  },
  "home_score" : 0,
  "away_score" : 2,
  "match_status" : "available",
  "match_status_360" : "available",
  "last_updated" : "2023-04-07T05:39:14.091665",
  "last_updated_360" : "2023-04-25T20:38:19.688277",
  "metadata" : {
    "data_version" : "1.1.0",
    "shot_fidelity_version" : "2",
    "xy_fidelity_version" : "2"
  },
  "match_week" : 28,
  "competition_stage" : {
    "id" : 1,
    "name" : "Regular Season"
  },
  "stadium" : {
    "id" : 154,
    "name" : "Parc des Princes ",
    "country" : {
      "id" : 78,
      "name" : "France"
    }
  },
  "referee" : {
    "id" : 120,
    "name" : "Willy Delajod",
    "country" : {
      "id" : 78,
      "name" : "France"
    }
  }
}, {
  "match_id" : 3837902,
  "match_date" : "2023-03-11",
  "kick_off" : "22:00:00.000",
  "competition" : {
    "competition_id" : 7,
    "country_name" : "France",
    "competition_name" : "Ligue 1"
  },
  "season" : {
    "season_id" : 235,
    "season_name" : "2022/2023"
  },
  "home_team" : {
    "home_team_id" : 153,
    "home_team_name" : "Stade Brestois",
    "home_team_gender" : "male",
    "home_team_group" : null,
    "country" : {
      "id" : 78,
      "name" : "France"
    },
    "managers" : [ {
      "id" : 1002567,
      "name" : "Eric Roy",
      "nickname" : null,
      "dob" : "1967-09-26",
      "country" : {
        "id" : 78,
        "name" : "France"
      }
    } ]
  },
  "away_team" : {
    "away_team_id" : 131,
    "away_team_name" : "Paris Saint-Germain",
    "away_team_gender" : "male",
    "away_team_group" : null,
    "country" : {
      "id" : 78,
      "name" : "France"
    },
    "managers" : [ {
      "id" : 281,
      "name" : "Christophe Galtier",
      "nickname" : null,
      "dob" : "1966-08-23",
      "country" : {
        "id" : 78,
        "name" : "France"
      }
    } ]
  },
  "home_score" : 1,
  "away_score" : 2,
  "match_status" : "available",
  "match_status_360" : "available",
  "last_updated" : "2023-03-28T07:16:32.839694",
  "last_updated_360" : "2023-06-20T15:26:38.601224",
  "metadata" : {
    "data_version" : "1.1.0",
    "shot_fidelity_version" : "2",
    "xy_fidelity_version" : "2"
  },
  "match_week" : 27,
  "competition_stage" : {
    "id" : 1,
    "name" : "Regular Season"
  },
  "stadium" : {
    "id" : 207,
    "name" : "Stade Francis-Le Blé",
    "country" : {
      "id" : 78,
      "name" : "France"
    }
  },
  "referee" : {
    "id" : 2107,
    "name" : "Marc Bollengier",
    "country" : {
      "id" : 78,
      "name" : "France"
    }
  }
}, {
  "match_id" : 3837885,
  "match_date" : "2023-02-26",
  "kick_off" : "21:45:00.000",
  "competition" : {
    "competition_id" : 7,
    "country_name" : "France",
    "competition_name" : "Ligue 1"
  },
  "season" : {
    "season_id" : 235,
    "season_name" : "2022/2023"
  },
  "home_team" : {
    "home_team_id" : 147,
    "home_team_name" : "Marseille",
    "home_team_gender" : "male",
    "home_team_group" : null,
    "country" : {
      "id" : 78,
      "name" : "France"
    },
    "managers" : [ {
      "id" : 626,
      "name" : "Igor Tudor",
      "nickname" : null,
      "dob" : "1978-04-16",
      "country" : {
        "id" : 56,
        "name" : "Croatia"
      }
    } ]
  },
  "away_team" : {
    "away_team_id" : 131,
    "away_team_name" : "Paris Saint-Germain",
    "away_team_gender" : "male",
    "away_team_group" : null,
    "country" : {
      "id" : 78,
      "name" : "France"
    },
    "managers" : [ {
      "id" : 281,
      "name" : "Christophe Galtier",
      "nickname" : null,
      "dob" : "1966-08-23",
      "country" : {
        "id" : 78,
        "name" : "France"
      }
    } ]
  },
  "home_score" : 0,
  "away_score" : 3,
  "match_status" : "available",
  "match_status_360" : "available",
  "last_updated" : "2023-07-29T07:34:18.316164",
  "last_updated_360" : "2023-09-10T11:13:11.918033",
  "metadata" : {
    "data_version" : "1.1.0",
    "shot_fidelity_version" : "2",
    "xy_fidelity_version" : "2"
  },
  "match_week" : 25,
  "competition_stage" : {
    "id" : 1,
    "name" : "Regular Season"
  },
  "stadium" : {
    "id" : 656,
    "name" : "Orange Vélodrome",
    "country" : {
      "id" : 78,
      "name" : "France"
    }
  },
  "referee" : {
    "id" : 76,
    "name" : "Clément Turpin",
    "country" : {
      "id" : 78,
      "name" : "France"
    }
  }
}, {
  "match_id" : 3837876,
  "match_date" : "2023-02-19",
  "kick_off" : "14:00:00.000",
  "competition" : {
    "competition_id" : 7,
    "country_name" : "France",
    "competition_name" : "Ligue 1"
  },
  "season" : {
    "season_id" : 235,
    "season_name" : "2022/2023"
  },
  "home_team" : {
    "home_team_id" : 131,
    "home_team_name" : "Paris Saint-Germain",
    "home_team_gender" : "male",
    "home_team_group" : null,
    "country" : {
      "id" : 78,
      "name" : "France"
    },
    "managers" : [ {
      "id" : 281,
      "name" : "Christophe Galtier",
      "nickname" : null,
      "dob" : "1966-08-23",
      "country" : {
        "id" : 78,
        "name" : "France"
      }
    } ]
  },
  "away_team" : {
    "away_team_id" : 143,
    "away_team_name" : "Lille",
    "away_team_gender" : "male",
    "away_team_group" : null,
    "country" : {
      "id" : 78,
      "name" : "France"
    },
    "managers" : [ {
      "id" : 668,
      "name" : "Paulo Alexandre Rodrigues Fonseca",
      "nickname" : "Paulo Fonseca",
      "dob" : "1973-03-05",
      "country" : {
        "id" : 183,
        "name" : "Portugal"
      }
    } ]
  },
  "home_score" : 4,
  "away_score" : 3,
  "match_status" : "available",
  "match_status_360" : "available",
  "last_updated" : "2023-03-18T14:58:57.060078",
  "last_updated_360" : "2023-06-20T12:22:38.009755",
  "metadata" : {
    "data_version" : "1.1.0",
    "shot_fidelity_version" : "2",
    "xy_fidelity_version" : "2"
  },
  "match_week" : 24,
  "competition_stage" : {
    "id" : 1,
    "name" : "Regular Season"
  },
  "stadium" : {
    "id" : 154,
    "name" : "Parc des Princes ",
    "country" : {
      "id" : 78,
      "name" : "France"
    }
  },
  "referee" : {
    "id" : 120,
    "name" : "Willy Delajod",
    "country" : {
      "id" : 78,
      "name" : "France"
    }
  }
}, {
  "match_id" : 3837839,
  "match_date" : "2023-01-29",
  "kick_off" : "21:45:00.000",
  "competition" : {
    "competition_id" : 7,
    "country_name" : "France",
    "competition_name" : "Ligue 1"
  },
  "season" : {
    "season_id" : 235,
    "season_name" : "2022/2023"
  },
  "home_team" : {
    "home_team_id" : 131,
    "home_team_name" : "Paris Saint-Germain",
    "home_team_gender" : "male",
    "home_team_group" : null,
    "country" : {
      "id" : 78,
      "name" : "France"
    },
    "managers" : [ {
      "id" : 281,
      "name" : "Christophe Galtier",
      "nickname" : null,
      "dob" : "1966-08-23",
      "country" : {
        "id" : 78,
        "name" : "France"
      }
    } ]
  },
  "away_team" : {
    "away_team_id" : 156,
    "away_team_name" : "Stade de Reims",
    "away_team_gender" : "male",
    "away_team_group" : null,
    "country" : {
      "id" : 78,
      "name" : "France"
    },
    "managers" : [ {
      "id" : 5642,
      "name" : "William Still",
      "nickname" : null,
      "dob" : "1992-10-14",
      "country" : {
        "id" : 22,
        "name" : "Belgium"
      }
    } ]
  },
  "home_score" : 1,
  "away_score" : 1,
  "match_status" : "available",
  "match_status_360" : "available",
  "last_updated" : "2023-02-17T17:04:16.374749",
  "last_updated_360" : "2023-05-19T18:22:12.858959",
  "metadata" : {
    "data_version" : "1.1.0",
    "shot_fidelity_version" : "2",
    "xy_fidelity_version" : "2"
  },
  "match_week" : 20,
  "competition_stage" : {
    "id" : 1,
    "name" : "Regular Season"
  },
  "stadium" : {
    "id" : 154,
    "name" : "Parc des Princes ",
    "country" : {
      "id" : 78,
      "name" : "France"
    }
  },
  "referee" : {
    "id" : 78,
    "name" : "Ruddy Buquet",
    "country" : {
      "id" : 78,
      "name" : "France"
    }
  }
}, {
  "match_id" : 3837827,
  "match_date" : "2023-01-15",
  "kick_off" : "21:45:00.000",
  "competition" : {
    "competition_id" : 7,
    "country_name" : "France",
    "competition_name" : "Ligue 1"
  },
  "season" : {
    "season_id" : 235,
    "season_name" : "2022/2023"
  },
  "home_team" : {
    "home_team_id" : 134,
    "home_team_name" : "Rennes",
    "home_team_gender" : "male",
    "home_team_group" : null,
    "country" : {
      "id" : 78,
      "name" : "France"
    },
    "managers" : [ {
      "id" : 283,
      "name" : "Bruno Génésio",
      "nickname" : null,
      "dob" : "1966-09-01",
      "country" : {
        "id" : 78,
        "name" : "France"
      }
    } ]
  },
  "away_team" : {
    "away_team_id" : 131,
    "away_team_name" : "Paris Saint-Germain",
    "away_team_gender" : "male",
    "away_team_group" : null,
    "country" : {
      "id" : 78,
      "name" : "France"
    },
    "managers" : [ {
      "id" : 281,
      "name" : "Christophe Galtier",
      "nickname" : null,
      "dob" : "1966-08-23",
      "country" : {
        "id" : 78,
        "name" : "France"
      }
    } ]
  },
  "home_score" : 1,
  "away_score" : 0,
  "match_status" : "available",
  "match_status_360" : "available",
  "last_updated" : "2023-07-29T03:23:14.874174",
  "last_updated_360" : "2023-07-29T03:25:29.178984",
  "metadata" : {
    "data_version" : "1.1.0",
    "shot_fidelity_version" : "2",
    "xy_fidelity_version" : "2"
  },
  "match_week" : 19,
  "competition_stage" : {
    "id" : 1,
    "name" : "Regular Season"
  },
  "stadium" : {
    "id" : 166,
    "name" : "Roazhon Park",
    "country" : {
      "id" : 78,
      "name" : "France"
    }
  },
  "referee" : {
    "id" : 82,
    "name" : "Benoît Bastien",
    "country" : {
      "id" : 78,
      "name" : "France"
    }
  }
}, {
  "match_id" : 3837818,
  "match_date" : "2023-01-11",
  "kick_off" : "22:00:00.000",
  "competition" : {
    "competition_id" : 7,
    "country_name" : "France",
    "competition_name" : "Ligue 1"
  },
  "season" : {
    "season_id" : 235,
    "season_name" : "2022/2023"
  },
  "home_team" : {
    "home_team_id" : 131,
    "home_team_name" : "Paris Saint-Germain",
    "home_team_gender" : "male",
    "home_team_group" : null,
    "country" : {
      "id" : 78,
      "name" : "France"
    },
    "managers" : [ {
      "id" : 281,
      "name" : "Christophe Galtier",
      "nickname" : null,
      "dob" : "1966-08-23",
      "country" : {
        "id" : 78,
        "name" : "France"
      }
    } ]
  },
  "away_team" : {
    "away_team_id" : 145,
    "away_team_name" : "Angers",
    "away_team_gender" : "male",
    "away_team_group" : null,
    "country" : {
      "id" : 78,
      "name" : "France"
    },
    "managers" : [ {
      "id" : 1000646,
      "name" : "Abdelaziz Bouhazama",
      "nickname" : null,
      "dob" : "1969-01-04",
      "country" : {
        "id" : 78,
        "name" : "France"
      }
    } ]
  },
  "home_score" : 2,
  "away_score" : 0,
  "match_status" : "available",
  "match_status_360" : "available",
  "last_updated" : "2023-03-02T03:18:17.662918",
  "last_updated_360" : "2023-04-26T18:11:09.033558",
  "metadata" : {
    "data_version" : "1.1.0",
    "shot_fidelity_version" : "2",
    "xy_fidelity_version" : "2"
  },
  "match_week" : 18,
  "competition_stage" : {
    "id" : 1,
    "name" : "Regular Season"
  },
  "stadium" : {
    "id" : 154,
    "name" : "Parc des Princes ",
    "country" : {
      "id" : 78,
      "name" : "France"
    }
  },
  "referee" : {
    "id" : 127,
    "name" : "Eric Wattellier",
    "country" : {
      "id" : 78,
      "name" : "France"
    }
  }
}, {
  "match_id" : 3837785,
  "match_date" : "2022-11-13",
  "kick_off" : "14:00:00.000",
  "competition" : {
    "competition_id" : 7,
    "country_name" : "France",
    "competition_name" : "Ligue 1"
  },
  "season" : {
    "season_id" : 235,
    "season_name" : "2022/2023"
  },
  "home_team" : {
    "home_team_id" : 131,
    "home_team_name" : "Paris Saint-Germain",
    "home_team_gender" : "male",
    "home_team_group" : null,
    "country" : {
      "id" : 78,
      "name" : "France"
    },
    "managers" : [ {
      "id" : 281,
      "name" : "Christophe Galtier",
      "nickname" : null,
      "dob" : "1966-08-23",
      "country" : {
        "id" : 78,
        "name" : "France"
      }
    } ]
  },
  "away_team" : {
    "away_team_id" : 167,
    "away_team_name" : "Auxerre",
    "away_team_gender" : "male",
    "away_team_group" : null,
    "country" : {
      "id" : 78,
      "name" : "France"
    },
    "managers" : [ {
      "id" : 87,
      "name" : "Christophe Pélissier",
      "nickname" : null,
      "dob" : "1965-10-05",
      "country" : {
        "id" : 78,
        "name" : "France"
      }
    } ]
  },
  "home_score" : 5,
  "away_score" : 0,
  "match_status" : "available",
  "match_status_360" : "available",
  "last_updated" : "2023-06-06T03:19:52.841342",
  "last_updated_360" : "2023-06-06T03:22:11.670046",
  "metadata" : {
    "data_version" : "1.1.0",
    "shot_fidelity_version" : "2",
    "xy_fidelity_version" : "2"
  },
  "match_week" : 15,
  "competition_stage" : {
    "id" : 1,
    "name" : "Regular Season"
  },
  "stadium" : {
    "id" : 154,
    "name" : "Parc des Princes ",
    "country" : {
      "id" : 78,
      "name" : "France"
    }
  },
  "referee" : {
    "id" : 89,
    "name" : "Thomas Léonard",
    "country" : {
      "id" : 78,
      "name" : "France"
    }
  }
}, {
  "match_id" : 3837747,
  "match_date" : "2022-10-16",
  "kick_off" : "20:45:00.000",
  "competition" : {
    "competition_id" : 7,
    "country_name" : "France",
    "competition_name" : "Ligue 1"
  },
  "season" : {
    "season_id" : 235,
    "season_name" : "2022/2023"
  },
  "home_team" : {
    "home_team_id" : 131,
    "home_team_name" : "Paris Saint-Germain",
    "home_team_gender" : "male",
    "home_team_group" : null,
    "country" : {
      "id" : 78,
      "name" : "France"
    },
    "managers" : [ {
      "id" : 281,
      "name" : "Christophe Galtier",
      "nickname" : null,
      "dob" : "1966-08-23",
      "country" : {
        "id" : 78,
        "name" : "France"
      }
    } ]
  },
  "away_team" : {
    "away_team_id" : 147,
    "away_team_name" : "Marseille",
    "away_team_gender" : "male",
    "away_team_group" : null,
    "country" : {
      "id" : 78,
      "name" : "France"
    },
    "managers" : [ {
      "id" : 626,
      "name" : "Igor Tudor",
      "nickname" : null,
      "dob" : "1978-04-16",
      "country" : {
        "id" : 56,
        "name" : "Croatia"
      }
    } ]
  },
  "home_score" : 1,
  "away_score" : 0,
  "match_status" : "available",
  "match_status_360" : "available",
  "last_updated" : "2022-12-02T03:12:48.688257",
  "last_updated_360" : "2023-04-27T15:49:03.158057",
  "metadata" : {
    "data_version" : "1.1.0",
    "shot_fidelity_version" : "2",
    "xy_fidelity_version" : "2"
  },
  "match_week" : 11,
  "competition_stage" : {
    "id" : 1,
    "name" : "Regular Season"
  },
  "stadium" : {
    "id" : 154,
    "name" : "Parc des Princes ",
    "country" : {
      "id" : 78,
      "name" : "France"
    }
  },
  "referee" : {
    "id" : 76,
    "name" : "Clément Turpin",
    "country" : {
      "id" : 78,
      "name" : "France"
    }
  }
}, {
  "match_id" : 3837680,
  "match_date" : "2022-08-28",
  "kick_off" : "20:45:00.000",
  "competition" : {
    "competition_id" : 7,
    "country_name" : "France",
    "competition_name" : "Ligue 1"
  },
  "season" : {
    "season_id" : 235,
    "season_name" : "2022/2023"
  },
  "home_team" : {
    "home_team_id" : 131,
    "home_team_name" : "Paris Saint-Germain",
    "home_team_gender" : "male",
    "home_team_group" : null,
    "country" : {
      "id" : 78,
      "name" : "France"
    },
    "managers" : [ {
      "id" : 281,
      "name" : "Christophe Galtier",
      "nickname" : null,
      "dob" : "1966-08-23",
      "country" : {
        "id" : 78,
        "name" : "France"
      }
    } ]
  },
  "away_team" : {
    "away_team_id" : 129,
    "away_team_name" : "AS Monaco",
    "away_team_gender" : "male",
    "away_team_group" : null,
    "country" : {
      "id" : 150,
      "name" : "Monaco"
    },
    "managers" : [ {
      "id" : 15,
      "name" : "Philippe Clement",
      "nickname" : null,
      "dob" : "1974-03-22",
      "country" : {
        "id" : 22,
        "name" : "Belgium"
      }
    } ]
  },
  "home_score" : 1,
  "away_score" : 1,
  "match_status" : "available",
  "match_status_360" : "available",
  "last_updated" : "2022-12-02T02:23:14.478517",
  "last_updated_360" : "2023-04-25T15:04:31.816930",
  "metadata" : {
    "data_version" : "1.1.0",
    "shot_fidelity_version" : "2",
    "xy_fidelity_version" : "2"
  },
  "match_week" : 4,
  "competition_stage" : {
    "id" : 1,
    "name" : "Regular Season"
  },
  "stadium" : {
    "id" : 154,
    "name" : "Parc des Princes ",
    "country" : {
      "id" : 78,
      "name" : "France"
    }
  },
  "referee" : {
    "id" : 82,
    "name" : "Benoît Bastien",
    "country" : {
      "id" : 78,
      "name" : "France"
    }
  }
}, {
  "match_id" : 3837659,
  "match_date" : "2022-08-13",
  "kick_off" : "21:00:00.000",
  "competition" : {
    "competition_id" : 7,
    "country_name" : "France",
    "competition_name" : "Ligue 1"
  },
  "season" : {
    "season_id" : 235,
    "season_name" : "2022/2023"
  },
  "home_team" : {
    "home_team_id" : 131,
    "home_team_name" : "Paris Saint-Germain",
    "home_team_gender" : "male",
    "home_team_group" : null,
    "country" : {
      "id" : 78,
      "name" : "France"
    },
    "managers" : [ {
      "id" : 281,
      "name" : "Christophe Galtier",
      "nickname" : null,
      "dob" : "1966-08-23",
      "country" : {
        "id" : 78,
        "name" : "France"
      }
    } ]
  },
  "away_team" : {
    "away_team_id" : 139,
    "away_team_name" : "Montpellier",
    "away_team_gender" : "male",
    "away_team_group" : null,
    "country" : {
      "id" : 78,
      "name" : "France"
    },
    "managers" : [ {
      "id" : 116,
      "name" : "Olivier Dall’Oglio",
      "nickname" : null,
      "dob" : "1964-05-16",
      "country" : {
        "id" : 78,
        "name" : "France"
      }
    } ]
  },
  "home_score" : 5,
  "away_score" : 2,
  "match_status" : "available",
  "match_status_360" : "available",
  "last_updated" : "2022-12-02T02:01:34.510760",
  "last_updated_360" : "2023-04-25T20:44:09.989652",
  "metadata" : {
    "data_version" : "1.1.0",
    "shot_fidelity_version" : "2",
    "xy_fidelity_version" : "2"
  },
  "match_week" : 2,
  "competition_stage" : {
    "id" : 1,
    "name" : "Regular Season"
  },
  "stadium" : {
    "id" : 154,
    "name" : "Parc des Princes ",
    "country" : {
      "id" : 78,
      "name" : "France"
    }
  },
  "referee" : {
    "id" : 120,
    "name" : "Willy Delajod",
    "country" : {
      "id" : 78,
      "name" : "France"
    }
  }
}, {
  "match_id" : 3837650,
  "match_date" : "2022-08-06",
  "kick_off" : "21:00:00.000",
  "competition" : {
    "competition_id" : 7,
    "country_name" : "France",
    "competition_name" : "Ligue 1"
  },
  "season" : {
    "season_id" : 235,
    "season_name" : "2022/2023"
  },
  "home_team" : {
    "home_team_id" : 152,
    "home_team_name" : "Clermont Foot",
    "home_team_gender" : "male",
    "home_team_group" : null,
    "country" : {
      "id" : 78,
      "name" : "France"
    },
    "managers" : [ {
      "id" : 89,
      "name" : "Pascal Gastien",
      "nickname" : null,
      "dob" : "1963-12-02",
      "country" : {
        "id" : 78,
        "name" : "France"
      }
    } ]
  },
  "away_team" : {
    "away_team_id" : 131,
    "away_team_name" : "Paris Saint-Germain",
    "away_team_gender" : "male",
    "away_team_group" : null,
    "country" : {
      "id" : 78,
      "name" : "France"
    },
    "managers" : [ {
      "id" : 281,
      "name" : "Christophe Galtier",
      "nickname" : null,
      "dob" : "1966-08-23",
      "country" : {
        "id" : 78,
        "name" : "France"
      }
    } ]
  },
  "home_score" : 0,
  "away_score" : 5,
  "match_status" : "available",
  "match_status_360" : "available",
  "last_updated" : "2022-12-02T01:54:11.023870",
  "last_updated_360" : "2023-04-25T22:55:13.396908",
  "metadata" : {
    "data_version" : "1.1.0",
    "shot_fidelity_version" : "2",
    "xy_fidelity_version" : "2"
  },
  "match_week" : 1,
  "competition_stage" : {
    "id" : 1,
    "name" : "Regular Season"
  },
  "stadium" : {
    "id" : 202,
    "name" : "Stade Gabriel Montpied",
    "country" : {
      "id" : 78,
      "name" : "France"
    }
  },
  "referee" : {
    "id" : 113,
    "name" : "Jeremy Stinat",
    "country" : {
      "id" : 78,
      "name" : "France"
    }
  }
}, {
  "match_id" : 3838004,
  "match_date" : "2023-05-27",
  "kick_off" : "22:00:00.000",
  "competition" : {
    "competition_id" : 7,
    "country_name" : "France",
    "competition_name" : "Ligue 1"
  },
  "season" : {
    "season_id" : 235,
    "season_name" : "2022/2023"
  },
  "home_team" : {
    "home_team_id" : 138,
    "home_team_name" : "Strasbourg",
    "home_team_gender" : "male",
    "home_team_group" : null,
    "country" : {
      "id" : 78,
      "name" : "France"
    },
    "managers" : [ {
      "id" : 24,
      "name" : "Frédéric Antonetti",
      "nickname" : null,
      "dob" : "1961-08-19",
      "country" : {
        "id" : 78,
        "name" : "France"
      }
    } ]
  },
  "away_team" : {
    "away_team_id" : 131,
    "away_team_name" : "Paris Saint-Germain",
    "away_team_gender" : "male",
    "away_team_group" : null,
    "country" : {
      "id" : 78,
      "name" : "France"
    },
    "managers" : [ {
      "id" : 281,
      "name" : "Christophe Galtier",
      "nickname" : null,
      "dob" : "1966-08-23",
      "country" : {
        "id" : 78,
        "name" : "France"
      }
    } ]
  },
  "home_score" : 1,
  "away_score" : 1,
  "match_status" : "available",
  "match_status_360" : "available",
  "last_updated" : "2023-06-24T18:26:36.965387",
  "last_updated_360" : "2023-06-24T18:28:24.431788",
  "metadata" : {
    "data_version" : "1.1.0",
    "shot_fidelity_version" : "2",
    "xy_fidelity_version" : "2"
  },
  "match_week" : 37,
  "competition_stage" : {
    "id" : 1,
    "name" : "Regular Season"
  },
  "stadium" : {
    "id" : 167,
    "name" : "Stade de la Meinau ",
    "country" : {
      "id" : 78,
      "name" : "France"
    }
  },
  "referee" : {
    "id" : 85,
    "name" : "Jérôme Brisard",
    "country" : {
      "id" : 78,
      "name" : "France"
    }
  }
}, {
  "match_id" : 3837998,
  "match_date" : "2023-05-21",
  "kick_off" : "21:45:00.000",
  "competition" : {
    "competition_id" : 7,
    "country_name" : "France",
    "competition_name" : "Ligue 1"
  },
  "season" : {
    "season_id" : 235,
    "season_name" : "2022/2023"
  },
  "home_team" : {
    "home_team_id" : 167,
    "home_team_name" : "Auxerre",
    "home_team_gender" : "male",
    "home_team_group" : null,
    "country" : {
      "id" : 78,
      "name" : "France"
    },
    "managers" : [ {
      "id" : 87,
      "name" : "Christophe Pélissier",
      "nickname" : null,
      "dob" : "1965-10-05",
      "country" : {
        "id" : 78,
        "name" : "France"
      }
    } ]
  },
  "away_team" : {
    "away_team_id" : 131,
    "away_team_name" : "Paris Saint-Germain",
    "away_team_gender" : "male",
    "away_team_group" : null,
    "country" : {
      "id" : 78,
      "name" : "France"
    },
    "managers" : [ {
      "id" : 281,
      "name" : "Christophe Galtier",
      "nickname" : null,
      "dob" : "1966-08-23",
      "country" : {
        "id" : 78,
        "name" : "France"
      }
    } ]
  },
  "home_score" : 1,
  "away_score" : 2,
  "match_status" : "available",
  "match_status_360" : "available",
  "last_updated" : "2023-06-18T15:44:50.060860",
  "last_updated_360" : "2023-06-18T15:51:18.125040",
  "metadata" : {
    "data_version" : "1.1.0",
    "shot_fidelity_version" : "2",
    "xy_fidelity_version" : "2"
  },
  "match_week" : 36,
  "competition_stage" : {
    "id" : 1,
    "name" : "Regular Season"
  },
  "stadium" : {
    "id" : 200,
    "name" : "Stade de l''Abbé Deschamps",
    "country" : {
      "id" : 78,
      "name" : "France"
    }
  },
  "referee" : {
    "id" : 82,
    "name" : "Benoît Bastien",
    "country" : {
      "id" : 78,
      "name" : "France"
    }
  }
}, {
  "match_id" : 3837963,
  "match_date" : "2023-04-30",
  "kick_off" : "18:05:00.000",
  "competition" : {
    "competition_id" : 7,
    "country_name" : "France",
    "competition_name" : "Ligue 1"
  },
  "season" : {
    "season_id" : 235,
    "season_name" : "2022/2023"
  },
  "home_team" : {
    "home_team_id" : 131,
    "home_team_name" : "Paris Saint-Germain",
    "home_team_gender" : "male",
    "home_team_group" : null,
    "country" : {
      "id" : 78,
      "name" : "France"
    },
    "managers" : [ {
      "id" : 281,
      "name" : "Christophe Galtier",
      "nickname" : null,
      "dob" : "1966-08-23",
      "country" : {
        "id" : 78,
        "name" : "France"
      }
    } ]
  },
  "away_team" : {
    "away_team_id" : 165,
    "away_team_name" : "Lorient",
    "away_team_gender" : "male",
    "away_team_group" : null,
    "country" : {
      "id" : 78,
      "name" : "France"
    },
    "managers" : [ {
      "id" : 1001922,
      "name" : "Régis Le Bris",
      "nickname" : null,
      "dob" : "1975-12-06",
      "country" : {
        "id" : 78,
        "name" : "France"
      }
    } ]
  },
  "home_score" : 1,
  "away_score" : 3,
  "match_status" : "available",
  "match_status_360" : "available",
  "last_updated" : "2023-05-20T13:31:41.634801",
  "last_updated_360" : "2023-07-10T16:12:17.984294",
  "metadata" : {
    "data_version" : "1.1.0",
    "shot_fidelity_version" : "2",
    "xy_fidelity_version" : "2"
  },
  "match_week" : 33,
  "competition_stage" : {
    "id" : 1,
    "name" : "Regular Season"
  },
  "stadium" : {
    "id" : 154,
    "name" : "Parc des Princes ",
    "country" : {
      "id" : 78,
      "name" : "France"
    }
  },
  "referee" : {
    "id" : 85,
    "name" : "Jérôme Brisard",
    "country" : {
      "id" : 78,
      "name" : "France"
    }
  }
}, {
  "match_id" : 3837954,
  "match_date" : "2023-04-21",
  "kick_off" : "21:00:00.000",
  "competition" : {
    "competition_id" : 7,
    "country_name" : "France",
    "competition_name" : "Ligue 1"
  },
  "season" : {
    "season_id" : 235,
    "season_name" : "2022/2023"
  },
  "home_team" : {
    "home_team_id" : 145,
    "home_team_name" : "Angers",
    "home_team_gender" : "male",
    "home_team_group" : null,
    "country" : {
      "id" : 78,
      "name" : "France"
    },
    "managers" : [ {
      "id" : 1002885,
      "name" : "Alexandre Dujeux",
      "nickname" : null,
      "dob" : "1976-01-08",
      "country" : {
        "id" : 78,
        "name" : "France"
      }
    } ]
  },
  "away_team" : {
    "away_team_id" : 131,
    "away_team_name" : "Paris Saint-Germain",
    "away_team_gender" : "male",
    "away_team_group" : null,
    "country" : {
      "id" : 78,
      "name" : "France"
    },
    "managers" : [ {
      "id" : 281,
      "name" : "Christophe Galtier",
      "nickname" : null,
      "dob" : "1966-08-23",
      "country" : {
        "id" : 78,
        "name" : "France"
      }
    } ]
  },
  "home_score" : 1,
  "away_score" : 2,
  "match_status" : "available",
  "match_status_360" : "available",
  "last_updated" : "2023-08-05T13:23:23.661355",
  "last_updated_360" : "2023-08-05T13:25:04.727912",
  "metadata" : {
    "data_version" : "1.1.0",
    "shot_fidelity_version" : "2",
    "xy_fidelity_version" : "2"
  },
  "match_week" : 32,
  "competition_stage" : {
    "id" : 1,
    "name" : "Regular Season"
  },
  "stadium" : {
    "id" : 153,
    "name" : "Stade Raymond-Kopa",
    "country" : {
      "id" : 78,
      "name" : "France"
    }
  },
  "referee" : {
    "id" : 127,
    "name" : "Eric Wattellier",
    "country" : {
      "id" : 78,
      "name" : "France"
    }
  }
}, {
  "match_id" : 3837947,
  "match_date" : "2023-04-15",
  "kick_off" : "21:00:00.000",
  "competition" : {
    "competition_id" : 7,
    "country_name" : "France",
    "competition_name" : "Ligue 1"
  },
  "season" : {
    "season_id" : 235,
    "season_name" : "2022/2023"
  },
  "home_team" : {
    "home_team_id" : 131,
    "home_team_name" : "Paris Saint-Germain",
    "home_team_gender" : "male",
    "home_team_group" : null,
    "country" : {
      "id" : 78,
      "name" : "France"
    },
    "managers" : [ {
      "id" : 281,
      "name" : "Christophe Galtier",
      "nickname" : null,
      "dob" : "1966-08-23",
      "country" : {
        "id" : 78,
        "name" : "France"
      }
    } ]
  },
  "away_team" : {
    "away_team_id" : 168,
    "away_team_name" : "Lens",
    "away_team_gender" : "male",
    "away_team_group" : null,
    "country" : {
      "id" : 78,
      "name" : "France"
    },
    "managers" : [ {
      "id" : 4283,
      "name" : "Franck Haise",
      "nickname" : null,
      "dob" : "1971-04-15",
      "country" : {
        "id" : 78,
        "name" : "France"
      }
    } ]
  },
  "home_score" : 3,
  "away_score" : 1,
  "match_status" : "available",
  "match_status_360" : "available",
  "last_updated" : "2023-11-04T13:05:51.863558",
  "last_updated_360" : "2023-11-04T13:09:24.936706",
  "metadata" : {
    "data_version" : "1.1.0",
    "shot_fidelity_version" : "2",
    "xy_fidelity_version" : "2"
  },
  "match_week" : 31,
  "competition_stage" : {
    "id" : 1,
    "name" : "Regular Season"
  },
  "stadium" : {
    "id" : 154,
    "name" : "Parc des Princes ",
    "country" : {
      "id" : 78,
      "name" : "France"
    }
  },
  "referee" : {
    "id" : 120,
    "name" : "Willy Delajod",
    "country" : {
      "id" : 78,
      "name" : "France"
    }
  }
}, {
  "match_id" : 3837938,
  "match_date" : "2023-04-08",
  "kick_off" : "21:00:00.000",
  "competition" : {
    "competition_id" : 7,
    "country_name" : "France",
    "competition_name" : "Ligue 1"
  },
  "season" : {
    "season_id" : 235,
    "season_name" : "2022/2023"
  },
  "home_team" : {
    "home_team_id" : 136,
    "home_team_name" : "OGC Nice",
    "home_team_gender" : "male",
    "home_team_group" : null,
    "country" : {
      "id" : 78,
      "name" : "France"
    },
    "managers" : [ {
      "id" : 1000957,
      "name" : "Didier Digard",
      "nickname" : null,
      "dob" : "1986-07-12",
      "country" : {
        "id" : 78,
        "name" : "France"
      }
    } ]
  },
  "away_team" : {
    "away_team_id" : 131,
    "away_team_name" : "Paris Saint-Germain",
    "away_team_gender" : "male",
    "away_team_group" : null,
    "country" : {
      "id" : 78,
      "name" : "France"
    },
    "managers" : [ {
      "id" : 281,
      "name" : "Christophe Galtier",
      "nickname" : null,
      "dob" : "1966-08-23",
      "country" : {
        "id" : 78,
        "name" : "France"
      }
    } ]
  },
  "home_score" : 0,
  "away_score" : 2,
  "match_status" : "available",
  "match_status_360" : "available",
  "last_updated" : "2023-07-29T01:37:27.381158",
  "last_updated_360" : "2023-07-29T01:39:21.537381",
  "metadata" : {
    "data_version" : "1.1.0",
    "shot_fidelity_version" : "2",
    "xy_fidelity_version" : "2"
  },
  "match_week" : 30,
  "competition_stage" : {
    "id" : 1,
    "name" : "Regular Season"
  },
  "stadium" : {
    "id" : 162,
    "name" : "Allianz Riviera ",
    "country" : {
      "id" : 78,
      "name" : "France"
    }
  },
  "referee" : {
    "id" : 326,
    "name" : "Jérémie Pignard",
    "country" : {
      "id" : 78,
      "name" : "France"
    }
  }
}, {
  "match_id" : 3837896,
  "match_date" : "2023-03-04",
  "kick_off" : "22:00:00.000",
  "competition" : {
    "competition_id" : 7,
    "country_name" : "France",
    "competition_name" : "Ligue 1"
  },
  "season" : {
    "season_id" : 235,
    "season_name" : "2022/2023"
  },
  "home_team" : {
    "home_team_id" : 131,
    "home_team_name" : "Paris Saint-Germain",
    "home_team_gender" : "male",
    "home_team_group" : null,
    "country" : {
      "id" : 78,
      "name" : "France"
    },
    "managers" : [ {
      "id" : 281,
      "name" : "Christophe Galtier",
      "nickname" : null,
      "dob" : "1966-08-23",
      "country" : {
        "id" : 78,
        "name" : "France"
      }
    } ]
  },
  "away_team" : {
    "away_team_id" : 144,
    "away_team_name" : "Nantes",
    "away_team_gender" : "male",
    "away_team_group" : null,
    "country" : {
      "id" : 78,
      "name" : "France"
    },
    "managers" : [ {
      "id" : 115,
      "name" : "Antoine Kombouare",
      "nickname" : null,
      "dob" : "1963-11-16",
      "country" : {
        "id" : 78,
        "name" : "France"
      }
    } ]
  },
  "home_score" : 4,
  "away_score" : 2,
  "match_status" : "available",
  "match_status_360" : "available",
  "last_updated" : "2023-06-10T17:36:10.382789",
  "last_updated_360" : "2023-06-20T11:37:01.157577",
  "metadata" : {
    "data_version" : "1.1.0",
    "shot_fidelity_version" : "2",
    "xy_fidelity_version" : "2"
  },
  "match_week" : 26,
  "competition_stage" : {
    "id" : 1,
    "name" : "Regular Season"
  },
  "stadium" : {
    "id" : 154,
    "name" : "Parc des Princes ",
    "country" : {
      "id" : 78,
      "name" : "France"
    }
  },
  "referee" : {
    "id" : 113,
    "name" : "Jeremy Stinat",
    "country" : {
      "id" : 78,
      "name" : "France"
    }
  }
}, {
  "match_id" : 3837859,
  "match_date" : "2023-02-04",
  "kick_off" : "18:00:00.000",
  "competition" : {
    "competition_id" : 7,
    "country_name" : "France",
    "competition_name" : "Ligue 1"
  },
  "season" : {
    "season_id" : 235,
    "season_name" : "2022/2023"
  },
  "home_team" : {
    "home_team_id" : 131,
    "home_team_name" : "Paris Saint-Germain",
    "home_team_gender" : "male",
    "home_team_group" : null,
    "country" : {
      "id" : 78,
      "name" : "France"
    },
    "managers" : [ {
      "id" : 281,
      "name" : "Christophe Galtier",
      "nickname" : null,
      "dob" : "1966-08-23",
      "country" : {
        "id" : 78,
        "name" : "France"
      }
    } ]
  },
  "away_team" : {
    "away_team_id" : 130,
    "away_team_name" : "Toulouse",
    "away_team_gender" : "male",
    "away_team_group" : null,
    "country" : {
      "id" : 78,
      "name" : "France"
    },
    "managers" : [ {
      "id" : 224,
      "name" : "Philippe Jacques William Montanier",
      "nickname" : null,
      "dob" : "1964-11-15",
      "country" : {
        "id" : 78,
        "name" : "France"
      }
    } ]
  },
  "home_score" : 2,
  "away_score" : 1,
  "match_status" : "available",
  "match_status_360" : "available",
  "last_updated" : "2023-10-16T21:01:50.119397",
  "last_updated_360" : "2023-11-21T17:16:27.811641",
  "metadata" : {
    "data_version" : "1.1.0",
    "shot_fidelity_version" : "2",
    "xy_fidelity_version" : "2"
  },
  "match_week" : 22,
  "competition_stage" : {
    "id" : 1,
    "name" : "Regular Season"
  },
  "stadium" : {
    "id" : 154,
    "name" : "Parc des Princes ",
    "country" : {
      "id" : 78,
      "name" : "France"
    }
  },
  "referee" : {
    "id" : 126,
    "name" : "Bastien Dechepy",
    "country" : {
      "id" : 78,
      "name" : "France"
    }
  }
}, {
  "match_id" : 3837844,
  "match_date" : "2023-02-01",
  "kick_off" : "22:00:00.000",
  "competition" : {
    "competition_id" : 7,
    "country_name" : "France",
    "competition_name" : "Ligue 1"
  },
  "season" : {
    "season_id" : 235,
    "season_name" : "2022/2023"
  },
  "home_team" : {
    "home_team_id" : 139,
    "home_team_name" : "Montpellier",
    "home_team_gender" : "male",
    "home_team_group" : null,
    "country" : {
      "id" : 78,
      "name" : "France"
    },
    "managers" : [ {
      "id" : 1002258,
      "name" : "Romain Pitau",
      "nickname" : null,
      "dob" : "1977-08-08",
      "country" : {
        "id" : 78,
        "name" : "France"
      }
    } ]
  },
  "away_team" : {
    "away_team_id" : 131,
    "away_team_name" : "Paris Saint-Germain",
    "away_team_gender" : "male",
    "away_team_group" : null,
    "country" : {
      "id" : 78,
      "name" : "France"
    },
    "managers" : [ {
      "id" : 281,
      "name" : "Christophe Galtier",
      "nickname" : null,
      "dob" : "1966-08-23",
      "country" : {
        "id" : 78,
        "name" : "France"
      }
    } ]
  },
  "home_score" : 1,
  "away_score" : 3,
  "match_status" : "available",
  "match_status_360" : "available",
  "last_updated" : "2023-12-11T12:07:17.819532",
  "last_updated_360" : "2023-12-11T12:13:03.125910",
  "metadata" : {
    "data_version" : "1.1.0",
    "shot_fidelity_version" : "2",
    "xy_fidelity_version" : "2"
  },
  "match_week" : 21,
  "competition_stage" : {
    "id" : 1,
    "name" : "Regular Season"
  },
  "stadium" : {
    "id" : 165,
    "name" : "Stade de la Mosson ",
    "country" : {
      "id" : 78,
      "name" : "France"
    }
  },
  "referee" : {
    "id" : 326,
    "name" : "Jérémie Pignard",
    "country" : {
      "id" : 78,
      "name" : "France"
    }
  }
}, {
  "match_id" : 3837771,
  "match_date" : "2022-10-29",
  "kick_off" : "17:00:00.000",
  "competition" : {
    "competition_id" : 7,
    "country_name" : "France",
    "competition_name" : "Ligue 1"
  },
  "season" : {
    "season_id" : 235,
    "season_name" : "2022/2023"
  },
  "home_team" : {
    "home_team_id" : 131,
    "home_team_name" : "Paris Saint-Germain",
    "home_team_gender" : "male",
    "home_team_group" : null,
    "country" : {
      "id" : 78,
      "name" : "France"
    },
    "managers" : [ {
      "id" : 281,
      "name" : "Christophe Galtier",
      "nickname" : null,
      "dob" : "1966-08-23",
      "country" : {
        "id" : 78,
        "name" : "France"
      }
    } ]
  },
  "away_team" : {
    "away_team_id" : 133,
    "away_team_name" : "Troyes",
    "away_team_gender" : "male",
    "away_team_group" : null,
    "country" : {
      "id" : 78,
      "name" : "France"
    },
    "managers" : [ {
      "id" : 4015,
      "name" : "Bruno Irles",
      "nickname" : null,
      "dob" : "1975-08-16",
      "country" : {
        "id" : 78,
        "name" : "France"
      }
    } ]
  },
  "home_score" : 4,
  "away_score" : 3,
  "match_status" : "available",
  "match_status_360" : "available",
  "last_updated" : "2023-01-06T04:42:52.920674",
  "last_updated_360" : "2023-04-27T10:20:38.809427",
  "metadata" : {
    "data_version" : "1.1.0",
    "shot_fidelity_version" : "2",
    "xy_fidelity_version" : "2"
  },
  "match_week" : 13,
  "competition_stage" : {
    "id" : 1,
    "name" : "Regular Season"
  },
  "stadium" : {
    "id" : 154,
    "name" : "Parc des Princes ",
    "country" : {
      "id" : 78,
      "name" : "France"
    }
  },
  "referee" : {
    "id" : 127,
    "name" : "Eric Wattellier",
    "country" : {
      "id" : 78,
      "name" : "France"
    }
  }
}, {
  "match_id" : 3837752,
  "match_date" : "2022-10-21",
  "kick_off" : "21:00:00.000",
  "competition" : {
    "competition_id" : 7,
    "country_name" : "France",
    "competition_name" : "Ligue 1"
  },
  "season" : {
    "season_id" : 235,
    "season_name" : "2022/2023"
  },
  "home_team" : {
    "home_team_id" : 158,
    "home_team_name" : "AC Ajaccio",
    "home_team_gender" : "male",
    "home_team_group" : null,
    "country" : {
      "id" : 78,
      "name" : "France"
    },
    "managers" : [ {
      "id" : 215,
      "name" : "Olivier Pantaloni",
      "nickname" : null,
      "dob" : "1966-12-13",
      "country" : {
        "id" : 78,
        "name" : "France"
      }
    } ]
  },
  "away_team" : {
    "away_team_id" : 131,
    "away_team_name" : "Paris Saint-Germain",
    "away_team_gender" : "male",
    "away_team_group" : null,
    "country" : {
      "id" : 78,
      "name" : "France"
    },
    "managers" : [ {
      "id" : 281,
      "name" : "Christophe Galtier",
      "nickname" : null,
      "dob" : "1966-08-23",
      "country" : {
        "id" : 78,
        "name" : "France"
      }
    } ]
  },
  "home_score" : 0,
  "away_score" : 3,
  "match_status" : "available",
  "match_status_360" : "available",
  "last_updated" : "2022-12-11T02:03:56.823812",
  "last_updated_360" : "2023-04-27T14:09:24.988784",
  "metadata" : {
    "data_version" : "1.1.0",
    "shot_fidelity_version" : "2",
    "xy_fidelity_version" : "2"
  },
  "match_week" : 12,
  "competition_stage" : {
    "id" : 1,
    "name" : "Regular Season"
  },
  "stadium" : {
    "id" : 4817,
    "name" : "Stade François Coty",
    "country" : {
      "id" : 78,
      "name" : "France"
    }
  },
  "referee" : {
    "id" : 90,
    "name" : "Johan Hamel",
    "country" : {
      "id" : 78,
      "name" : "France"
    }
  }
}, {
  "match_id" : 3837727,
  "match_date" : "2022-10-01",
  "kick_off" : "21:00:00.000",
  "competition" : {
    "competition_id" : 7,
    "country_name" : "France",
    "competition_name" : "Ligue 1"
  },
  "season" : {
    "season_id" : 235,
    "season_name" : "2022/2023"
  },
  "home_team" : {
    "home_team_id" : 131,
    "home_team_name" : "Paris Saint-Germain",
    "home_team_gender" : "male",
    "home_team_group" : null,
    "country" : {
      "id" : 78,
      "name" : "France"
    },
    "managers" : [ {
      "id" : 281,
      "name" : "Christophe Galtier",
      "nickname" : null,
      "dob" : "1966-08-23",
      "country" : {
        "id" : 78,
        "name" : "France"
      }
    } ]
  },
  "away_team" : {
    "away_team_id" : 136,
    "away_team_name" : "OGC Nice",
    "away_team_gender" : "male",
    "away_team_group" : null,
    "country" : {
      "id" : 78,
      "name" : "France"
    },
    "managers" : [ {
      "id" : 428,
      "name" : "Lucien Favre",
      "nickname" : null,
      "dob" : "1957-11-02",
      "country" : {
        "id" : 221,
        "name" : "Switzerland"
      }
    } ]
  },
  "home_score" : 2,
  "away_score" : 1,
  "match_status" : "available",
  "match_status_360" : "available",
  "last_updated" : "2022-12-21T18:55:20.261894",
  "last_updated_360" : "2023-04-28T01:15:02.490300",
  "metadata" : {
    "data_version" : "1.1.0",
    "shot_fidelity_version" : "2",
    "xy_fidelity_version" : "2"
  },
  "match_week" : 9,
  "competition_stage" : {
    "id" : 1,
    "name" : "Regular Season"
  },
  "stadium" : {
    "id" : 154,
    "name" : "Parc des Princes ",
    "country" : {
      "id" : 78,
      "name" : "France"
    }
  },
  "referee" : {
    "id" : 85,
    "name" : "Jérôme Brisard",
    "country" : {
      "id" : 78,
      "name" : "France"
    }
  }
}, {
  "match_id" : 3837717,
  "match_date" : "2022-09-18",
  "kick_off" : "20:45:00.000",
  "competition" : {
    "competition_id" : 7,
    "country_name" : "France",
    "competition_name" : "Ligue 1"
  },
  "season" : {
    "season_id" : 235,
    "season_name" : "2022/2023"
  },
  "home_team" : {
    "home_team_id" : 137,
    "home_team_name" : "Lyon",
    "home_team_gender" : "male",
    "home_team_group" : null,
    "country" : {
      "id" : 78,
      "name" : "France"
    },
    "managers" : [ {
      "id" : 417,
      "name" : "Peter Bosz",
      "nickname" : null,
      "dob" : "1963-11-21",
      "country" : {
        "id" : 160,
        "name" : "Netherlands"
      }
    } ]
  },
  "away_team" : {
    "away_team_id" : 131,
    "away_team_name" : "Paris Saint-Germain",
    "away_team_gender" : "male",
    "away_team_group" : null,
    "country" : {
      "id" : 78,
      "name" : "France"
    },
    "managers" : [ {
      "id" : 281,
      "name" : "Christophe Galtier",
      "nickname" : null,
      "dob" : "1966-08-23",
      "country" : {
        "id" : 78,
        "name" : "France"
      }
    } ]
  },
  "home_score" : 0,
  "away_score" : 1,
  "match_status" : "available",
  "match_status_360" : "available",
  "last_updated" : "2022-12-02T02:53:26.546645",
  "last_updated_360" : "2023-04-28T03:34:50.822003",
  "metadata" : {
    "data_version" : "1.1.0",
    "shot_fidelity_version" : "2",
    "xy_fidelity_version" : "2"
  },
  "match_week" : 8,
  "competition_stage" : {
    "id" : 1,
    "name" : "Regular Season"
  },
  "stadium" : {
    "id" : 193,
    "name" : "Groupama Stadium",
    "country" : {
      "id" : 78,
      "name" : "France"
    }
  },
  "referee" : {
    "id" : 79,
    "name" : "François Letexier",
    "country" : {
      "id" : 78,
      "name" : "France"
    }
  }
}, {
  "match_id" : 3837706,
  "match_date" : "2022-09-10",
  "kick_off" : "17:00:00.000",
  "competition" : {
    "competition_id" : 7,
    "country_name" : "France",
    "competition_name" : "Ligue 1"
  },
  "season" : {
    "season_id" : 235,
    "season_name" : "2022/2023"
  },
  "home_team" : {
    "home_team_id" : 131,
    "home_team_name" : "Paris Saint-Germain",
    "home_team_gender" : "male",
    "home_team_group" : null,
    "country" : {
      "id" : 78,
      "name" : "France"
    },
    "managers" : [ {
      "id" : 281,
      "name" : "Christophe Galtier",
      "nickname" : null,
      "dob" : "1966-08-23",
      "country" : {
        "id" : 78,
        "name" : "France"
      }
    } ]
  },
  "away_team" : {
    "away_team_id" : 153,
    "away_team_name" : "Stade Brestois",
    "away_team_gender" : "male",
    "away_team_group" : null,
    "country" : {
      "id" : 78,
      "name" : "France"
    },
    "managers" : [ {
      "id" : 438,
      "name" : "Michel Der Zakarian",
      "nickname" : null,
      "dob" : "1963-02-18",
      "country" : {
        "id" : 12,
        "name" : "Armenia"
      }
    } ]
  },
  "home_score" : 1,
  "away_score" : 0,
  "match_status" : "available",
  "match_status_360" : "available",
  "last_updated" : "2022-12-05T18:14:32.797432",
  "last_updated_360" : "2023-04-28T08:09:00.498323",
  "metadata" : {
    "data_version" : "1.1.0",
    "shot_fidelity_version" : "2",
    "xy_fidelity_version" : "2"
  },
  "match_week" : 7,
  "competition_stage" : {
    "id" : 1,
    "name" : "Regular Season"
  },
  "stadium" : {
    "id" : 154,
    "name" : "Parc des Princes ",
    "country" : {
      "id" : 78,
      "name" : "France"
    }
  },
  "referee" : {
    "id" : 326,
    "name" : "Jérémie Pignard",
    "country" : {
      "id" : 78,
      "name" : "France"
    }
  }
}, {
  "match_id" : 3837695,
  "match_date" : "2022-09-03",
  "kick_off" : "21:00:00.000",
  "competition" : {
    "competition_id" : 7,
    "country_name" : "France",
    "competition_name" : "Ligue 1"
  },
  "season" : {
    "season_id" : 235,
    "season_name" : "2022/2023"
  },
  "home_team" : {
    "home_team_id" : 144,
    "home_team_name" : "Nantes",
    "home_team_gender" : "male",
    "home_team_group" : null,
    "country" : {
      "id" : 78,
      "name" : "France"
    },
    "managers" : [ {
      "id" : 115,
      "name" : "Antoine Kombouare",
      "nickname" : null,
      "dob" : "1963-11-16",
      "country" : {
        "id" : 78,
        "name" : "France"
      }
    } ]
  },
  "away_team" : {
    "away_team_id" : 131,
    "away_team_name" : "Paris Saint-Germain",
    "away_team_gender" : "male",
    "away_team_group" : null,
    "country" : {
      "id" : 78,
      "name" : "France"
    },
    "managers" : [ {
      "id" : 281,
      "name" : "Christophe Galtier",
      "nickname" : null,
      "dob" : "1966-08-23",
      "country" : {
        "id" : 78,
        "name" : "France"
      }
    } ]
  },
  "home_score" : 0,
  "away_score" : 3,
  "match_status" : "available",
  "match_status_360" : "available",
  "last_updated" : "2022-12-02T02:32:22.355127",
  "last_updated_360" : "2023-04-26T04:18:52.760364",
  "metadata" : {
    "data_version" : "1.1.0",
    "shot_fidelity_version" : "2",
    "xy_fidelity_version" : "2"
  },
  "match_week" : 6,
  "competition_stage" : {
    "id" : 1,
    "name" : "Regular Season"
  },
  "stadium" : {
    "id" : 161,
    "name" : "Stade de la Beaujoire - Louis Fonteneau",
    "country" : {
      "id" : 78,
      "name" : "France"
    }
  },
  "referee" : {
    "id" : 121,
    "name" : "Pierre Gaillouste",
    "country" : {
      "id" : 78,
      "name" : "France"
    }
  }
}, {
  "match_id" : 3837683,
  "match_date" : "2022-08-31",
  "kick_off" : "21:00:00.000",
  "competition" : {
    "competition_id" : 7,
    "country_name" : "France",
    "competition_name" : "Ligue 1"
  },
  "season" : {
    "season_id" : 235,
    "season_name" : "2022/2023"
  },
  "home_team" : {
    "home_team_id" : 130,
    "home_team_name" : "Toulouse",
    "home_team_gender" : "male",
    "home_team_group" : null,
    "country" : {
      "id" : 78,
      "name" : "France"
    },
    "managers" : [ {
      "id" : 224,
      "name" : "Philippe Jacques William Montanier",
      "nickname" : null,
      "dob" : "1964-11-15",
      "country" : {
        "id" : 78,
        "name" : "France"
      }
    } ]
  },
  "away_team" : {
    "away_team_id" : 131,
    "away_team_name" : "Paris Saint-Germain",
    "away_team_gender" : "male",
    "away_team_group" : null,
    "country" : {
      "id" : 78,
      "name" : "France"
    },
    "managers" : [ {
      "id" : 281,
      "name" : "Christophe Galtier",
      "nickname" : null,
      "dob" : "1966-08-23",
      "country" : {
        "id" : 78,
        "name" : "France"
      }
    } ]
  },
  "home_score" : 0,
  "away_score" : 3,
  "match_status" : "available",
  "match_status_360" : "available",
  "last_updated" : "2022-12-02T02:25:45.419944",
  "last_updated_360" : "2023-04-25T19:05:19.717882",
  "metadata" : {
    "data_version" : "1.1.0",
    "shot_fidelity_version" : "2",
    "xy_fidelity_version" : "2"
  },
  "match_week" : 5,
  "competition_stage" : {
    "id" : 1,
    "name" : "Regular Season"
  },
  "stadium" : {
    "id" : 542,
    "name" : "Stadium de Toulouse",
    "country" : {
      "id" : 78,
      "name" : "France"
    }
  },
  "referee" : {
    "id" : 87,
    "name" : "Hakim Ben El Hadj Salem",
    "country" : {
      "id" : 78,
      "name" : "France"
    }
  }
}, {
  "match_id" : 3837662,
  "match_date" : "2022-08-21",
  "kick_off" : "20:45:00.000",
  "competition" : {
    "competition_id" : 7,
    "country_name" : "France",
    "competition_name" : "Ligue 1"
  },
  "season" : {
    "season_id" : 235,
    "season_name" : "2022/2023"
  },
  "home_team" : {
    "home_team_id" : 143,
    "home_team_name" : "Lille",
    "home_team_gender" : "male",
    "home_team_group" : null,
    "country" : {
      "id" : 78,
      "name" : "France"
    },
    "managers" : [ {
      "id" : 668,
      "name" : "Paulo Alexandre Rodrigues Fonseca",
      "nickname" : "Paulo Fonseca",
      "dob" : "1973-03-05",
      "country" : {
        "id" : 183,
        "name" : "Portugal"
      }
    } ]
  },
  "away_team" : {
    "away_team_id" : 131,
    "away_team_name" : "Paris Saint-Germain",
    "away_team_gender" : "male",
    "away_team_group" : null,
    "country" : {
      "id" : 78,
      "name" : "France"
    },
    "managers" : [ {
      "id" : 281,
      "name" : "Christophe Galtier",
      "nickname" : null,
      "dob" : "1966-08-23",
      "country" : {
        "id" : 78,
        "name" : "France"
      }
    } ]
  },
  "home_score" : 1,
  "away_score" : 7,
  "match_status" : "available",
  "match_status_360" : "available",
  "last_updated" : "2022-12-02T02:12:26.907918",
  "last_updated_360" : "2023-04-25T16:49:05.744119",
  "metadata" : {
    "data_version" : "1.1.0",
    "shot_fidelity_version" : "2",
    "xy_fidelity_version" : "2"
  },
  "match_week" : 3,
  "competition_stage" : {
    "id" : 1,
    "name" : "Regular Season"
  },
  "stadium" : {
    "id" : 157,
    "name" : "Decathlon Arena – Stade Pierre-Mauroy",
    "country" : {
      "id" : 78,
      "name" : "France"
    }
  },
  "referee" : {
    "id" : 76,
    "name" : "Clément Turpin",
    "country" : {
      "id" : 78,
      "name" : "France"
    }
  }
} ]