[ {
  "match_id" : 3889082,
  "match_date" : "1981-04-10",
  "kick_off" : "00:00:00.000",
  "competition" : {
    "competition_id" : 81,
    "country_name" : "Argentina",
    "competition_name" : "Liga Profesional"
  },
  "season" : {
    "season_id" : 275,
    "season_name" : "1981"
  },
  "home_team" : {
    "home_team_id" : 1328,
    "home_team_name" : "Boca Juniors",
    "home_team_gender" : "male",
    "home_team_group" : null,
    "country" : {
      "id" : 11,
      "name" : "Argentina"
    },
    "managers" : [ {
      "id" : 1003263,
      "name" : "Silvio Marzolini",
      "nickname" : null,
      "dob" : "1940-10-04",
      "country" : {
        "id" : 11,
        "name" : "Argentina"
      }
    } ]
  },
  "away_team" : {
    "away_team_id" : 1324,
    "away_team_name" : "River Plate",
    "away_team_gender" : "male",
    "away_team_group" : null,
    "country" : {
      "id" : 11,
      "name" : "Argentina"
    },
    "managers" : [ {
      "id" : 1003264,
      "name" : "Ángel Amadeo Labruna",
      "nickname" : null,
      "dob" : "2023-09-28",
      "country" : {
        "id" : 11,
        "name" : "Argentina"
      }
    } ]
  },
  "home_score" : 3,
  "away_score" : 0,
  "match_status" : "available",
  "match_status_360" : "unscheduled",
  "last_updated" : "2023-06-28T11:31:57.152298",
  "last_updated_360" : null,
  "metadata" : {
    "data_version" : "1.1.0",
    "shot_fidelity_version" : "2",
    "xy_fidelity_version" : "2"
  },
  "match_week" : 10,
  "competition_stage" : {
    "id" : 1,
    "name" : "Regular Season"
  },
  "stadium" : {
    "id" : 4745,
    "name" : "Estadio Alberto José Armando",
    "country" : {
      "id" : 11,
      "name" : "Argentina"
    }
  },
  "referee" : {
    "id" : 1009030,
    "name" : "Arturo Andrés Ithurralde",
    "country" : {
      "id" : 11,
      "name" : "Argentina"
    }
  }
} ]