[ {
  "match_id" : 3889115,
  "match_date" : "1997-10-25",
  "kick_off" : "01:00:00.000",
  "competition" : {
    "competition_id" : 81,
    "country_name" : "Argentina",
    "competition_name" : "Liga Profesional"
  },
  "season" : {
    "season_id" : 48,
    "season_name" : "1997/1998"
  },
  "home_team" : {
    "home_team_id" : 1324,
    "home_team_name" : "River Plate",
    "home_team_gender" : "male",
    "home_team_group" : null,
    "country" : {
      "id" : 11,
      "name" : "Argentina"
    },
    "managers" : [ {
      "id" : 3640,
      "name" : "Ramón Ángel Díaz",
      "nickname" : "Ramón Díaz",
      "dob" : "1959-08-29",
      "country" : {
        "id" : 11,
        "name" : "Argentina"
      }
    } ]
  },
  "away_team" : {
    "away_team_id" : 1328,
    "away_team_name" : "Boca Juniors",
    "away_team_gender" : "male",
    "away_team_group" : null,
    "country" : {
      "id" : 11,
      "name" : "Argentina"
    },
    "managers" : [ {
      "id" : 1003273,
      "name" : "Héctor Rodolfo Veira",
      "nickname" : null,
      "dob" : "1946-05-29",
      "country" : {
        "id" : 11,
        "name" : "Argentina"
      }
    } ]
  },
  "home_score" : 1,
  "away_score" : 2,
  "match_status" : "available",
  "match_status_360" : "unscheduled",
  "last_updated" : "2023-06-28T11:19:54.593488",
  "last_updated_360" : null,
  "metadata" : {
    "data_version" : "1.1.0",
    "shot_fidelity_version" : "2",
    "xy_fidelity_version" : "2"
  },
  "match_week" : 10,
  "competition_stage" : {
    "id" : 42,
    "name" : "Apertura"
  },
  "stadium" : {
    "id" : 4784,
    "name" : "Estadio Mâs Monumental",
    "country" : {
      "id" : 11,
      "name" : "Argentina"
    }
  }
} ]