[ {
  "match_id" : 22949,
  "match_date" : "2019-06-12",
  "kick_off" : "18:00:00.000",
  "competition" : {
    "competition_id" : 72,
    "country_name" : "International",
    "competition_name" : "Women's World Cup"
  },
  "season" : {
    "season_id" : 30,
    "season_name" : "2019"
  },
  "home_team" : {
    "home_team_id" : 857,
    "home_team_name" : "Germany Women's",
    "home_team_gender" : "female",
    "home_team_group" : "B",
    "country" : {
      "id" : 85,
      "name" : "Germany"
    },
    "managers" : [ {
      "id" : 53,
      "name" : "Martina Voss-Tecklenburg",
      "nickname" : null,
      "dob" : "1967-12-22",
      "country" : {
        "id" : 85,
        "name" : "Germany"
      }
    } ]
  },
  "away_team" : {
    "away_team_id" : 863,
    "away_team_name" : "Spain Women's",
    "away_team_gender" : "female",
    "away_team_group" : "B",
    "country" : {
      "id" : 214,
      "name" : "Spain"
    },
    "managers" : [ {
      "id" : 418,
      "name" : "Jorge Vilda",
      "nickname" : null,
      "dob" : "1981-07-07",
      "country" : {
        "id" : 214,
        "name" : "Spain"
      }
    } ]
  },
  "home_score" : 1,
  "away_score" : 0,
  "match_status" : "available",
  "match_status_360" : "scheduled",
  "last_updated" : "2023-07-24T21:46:41.279089",
  "last_updated_360" : "2021-06-13T16:17:31.694",
  "metadata" : {
    "data_version" : "1.1.0",
    "shot_fidelity_version" : "2",
    "xy_fidelity_version" : "2"
  },
  "match_week" : 2,
  "competition_stage" : {
    "id" : 1,
    "name" : "Regular Season"
  },
  "stadium" : {
    "id" : 231,
    "name" : "Stade du Hainaut",
    "country" : {
      "id" : 78,
      "name" : "France"
    }
  },
  "referee" : {
    "id" : 374,
    "name" : "Kateryna Monzul",
    "country" : {
      "id" : 238,
      "name" : "Ukraine"
    }
  }
}, {
  "match_id" : 22943,
  "match_date" : "2019-06-11",
  "kick_off" : "21:00:00.000",
  "competition" : {
    "competition_id" : 72,
    "country_name" : "International",
    "competition_name" : "Women's World Cup"
  },
  "season" : {
    "season_id" : 30,
    "season_name" : "2019"
  },
  "home_team" : {
    "home_team_id" : 1214,
    "home_team_name" : "United States Women's",
    "home_team_gender" : "female",
    "home_team_group" : "F",
    "country" : {
      "id" : 241,
      "name" : "United States of America"
    },
    "managers" : [ {
      "id" : 2975,
      "name" : "Jillian Ellis",
      "nickname" : null,
      "dob" : "1966-09-06",
      "country" : {
        "id" : 241,
        "name" : "United States of America"
      }
    } ]
  },
  "away_team" : {
    "away_team_id" : 1107,
    "away_team_name" : "Thailand Women's",
    "away_team_gender" : "female",
    "away_team_group" : "F",
    "country" : {
      "id" : 226,
      "name" : "Thailand"
    },
    "managers" : [ {
      "id" : 4390,
      "name" : "Nuengrutai Srathongvian",
      "nickname" : null,
      "dob" : "1972-01-01",
      "country" : {
        "id" : 226,
        "name" : "Thailand"
      }
    } ]
  },
  "home_score" : 13,
  "away_score" : 0,
  "match_status" : "available",
  "match_status_360" : "scheduled",
  "last_updated" : "2023-07-24T21:45:44.511885",
  "last_updated_360" : "2021-06-13T16:17:31.694",
  "metadata" : {
    "data_version" : "1.1.0",
    "shot_fidelity_version" : "2",
    "xy_fidelity_version" : "2"
  },
  "match_week" : 1,
  "competition_stage" : {
    "id" : 1,
    "name" : "Regular Season"
  },
  "stadium" : {
    "id" : 232,
    "name" : "Stade Auguste-Delaune II ",
    "country" : {
      "id" : 78,
      "name" : "France"
    }
  }
}, {
  "match_id" : 22944,
  "match_date" : "2019-06-11",
  "kick_off" : "18:00:00.000",
  "competition" : {
    "competition_id" : 72,
    "country_name" : "International",
    "competition_name" : "Women's World Cup"
  },
  "season" : {
    "season_id" : 30,
    "season_name" : "2019"
  },
  "home_team" : {
    "home_team_id" : 1209,
    "home_team_name" : "Chile Women's",
    "home_team_gender" : "female",
    "home_team_group" : "F",
    "country" : {
      "id" : 45,
      "name" : "Chile"
    },
    "managers" : [ {
      "id" : 4389,
      "name" : "José Antonio Letelier Henríquez",
      "nickname" : "José Letelier",
      "dob" : "1966-05-23",
      "country" : {
        "id" : 45,
        "name" : "Chile"
      }
    } ]
  },
  "away_team" : {
    "away_team_id" : 858,
    "away_team_name" : "Sweden Women's",
    "away_team_gender" : "female",
    "away_team_group" : "F",
    "country" : {
      "id" : 220,
      "name" : "Sweden"
    },
    "managers" : [ {
      "id" : 3016,
      "name" : "Peter Gerhardsson",
      "nickname" : null,
      "dob" : "1959-08-22",
      "country" : {
        "id" : 220,
        "name" : "Sweden"
      }
    } ]
  },
  "home_score" : 0,
  "away_score" : 2,
  "match_status" : "available",
  "match_status_360" : "scheduled",
  "last_updated" : "2023-07-25T05:54:25.449812",
  "last_updated_360" : "2021-06-13T16:17:31.694",
  "metadata" : {
    "data_version" : "1.1.0",
    "shot_fidelity_version" : "2",
    "xy_fidelity_version" : "2"
  },
  "match_week" : 1,
  "competition_stage" : {
    "id" : 1,
    "name" : "Regular Season"
  },
  "stadium" : {
    "id" : 166,
    "name" : "Roazhon Park",
    "country" : {
      "id" : 78,
      "name" : "France"
    }
  },
  "referee" : {
    "id" : 1638,
    "name" : "Lucila Venegas Montes",
    "country" : {
      "id" : 147,
      "name" : "Mexico"
    }
  }
}, {
  "match_id" : 22961,
  "match_date" : "2019-06-14",
  "kick_off" : "15:00:00.000",
  "competition" : {
    "competition_id" : 72,
    "country_name" : "International",
    "competition_name" : "Women's World Cup"
  },
  "season" : {
    "season_id" : 30,
    "season_name" : "2019"
  },
  "home_team" : {
    "home_team_id" : 1210,
    "home_team_name" : "Japan Women's",
    "home_team_gender" : "female",
    "home_team_group" : "D",
    "country" : {
      "id" : 114,
      "name" : "Japan"
    },
    "managers" : [ {
      "id" : 4043,
      "name" : "Asako Takemoto Takakura",
      "nickname" : "Asako Takakura",
      "dob" : "1968-04-19",
      "country" : {
        "id" : 114,
        "name" : "Japan"
      }
    } ]
  },
  "away_team" : {
    "away_team_id" : 866,
    "away_team_name" : "Scotland Women's",
    "away_team_gender" : "female",
    "away_team_group" : "D",
    "country" : {
      "id" : 201,
      "name" : "Scotland"
    },
    "managers" : [ {
      "id" : 3445,
      "name" : "Michelle \"Shelley\" Kerr",
      "nickname" : "Shelley Kerr",
      "dob" : "1969-10-15",
      "country" : {
        "id" : 201,
        "name" : "Scotland"
      }
    } ]
  },
  "home_score" : 2,
  "away_score" : 1,
  "match_status" : "available",
  "match_status_360" : "scheduled",
  "last_updated" : "2023-07-25T01:31:48.171826",
  "last_updated_360" : "2021-06-13T16:17:31.694",
  "metadata" : {
    "data_version" : "1.1.0",
    "shot_fidelity_version" : "2",
    "xy_fidelity_version" : "2"
  },
  "match_week" : 2,
  "competition_stage" : {
    "id" : 1,
    "name" : "Regular Season"
  },
  "stadium" : {
    "id" : 166,
    "name" : "Roazhon Park",
    "country" : {
      "id" : 78,
      "name" : "France"
    }
  }
}, {
  "match_id" : 22964,
  "match_date" : "2019-06-15",
  "kick_off" : "15:00:00.000",
  "competition" : {
    "competition_id" : 72,
    "country_name" : "International",
    "competition_name" : "Women's World Cup"
  },
  "season" : {
    "season_id" : 30,
    "season_name" : "2019"
  },
  "home_team" : {
    "home_team_id" : 851,
    "home_team_name" : "Netherlands Women's",
    "home_team_gender" : "female",
    "home_team_group" : "E",
    "country" : {
      "id" : 160,
      "name" : "Netherlands"
    },
    "managers" : [ {
      "id" : 45,
      "name" : "Sarina Glotzbach-Wiegman",
      "nickname" : "Sarina Wiegman",
      "dob" : "1969-10-26",
      "country" : {
        "id" : 160,
        "name" : "Netherlands"
      }
    } ]
  },
  "away_team" : {
    "away_team_id" : 1208,
    "away_team_name" : "Cameroon Women's",
    "away_team_gender" : "female",
    "away_team_group" : "E",
    "country" : {
      "id" : 39,
      "name" : "Cameroon"
    },
    "managers" : [ {
      "id" : 4350,
      "name" : "Alain Djeumfa",
      "nickname" : null,
      "dob" : "1972-07-30",
      "country" : {
        "id" : 39,
        "name" : "Cameroon"
      }
    } ]
  },
  "home_score" : 3,
  "away_score" : 1,
  "match_status" : "available",
  "match_status_360" : "scheduled",
  "last_updated" : "2023-07-25T01:26:49.537474",
  "last_updated_360" : "2021-06-13T16:17:31.694",
  "metadata" : {
    "data_version" : "1.1.0",
    "shot_fidelity_version" : "2",
    "xy_fidelity_version" : "2"
  },
  "match_week" : 2,
  "competition_stage" : {
    "id" : 1,
    "name" : "Regular Season"
  },
  "stadium" : {
    "id" : 231,
    "name" : "Stade du Hainaut",
    "country" : {
      "id" : 78,
      "name" : "France"
    }
  }
}, {
  "match_id" : 68357,
  "match_date" : "2019-06-22",
  "kick_off" : "21:00:00.000",
  "competition" : {
    "competition_id" : 72,
    "country_name" : "International",
    "competition_name" : "Women's World Cup"
  },
  "season" : {
    "season_id" : 30,
    "season_name" : "2019"
  },
  "home_team" : {
    "home_team_id" : 852,
    "home_team_name" : "Norway Women's",
    "home_team_gender" : "female",
    "home_team_group" : "A",
    "country" : {
      "id" : 171,
      "name" : "Norway"
    },
    "managers" : [ {
      "id" : 764,
      "name" : "Martin Sjögren",
      "nickname" : null,
      "dob" : "1977-04-27",
      "country" : {
        "id" : 220,
        "name" : "Sweden"
      }
    } ]
  },
  "away_team" : {
    "away_team_id" : 1205,
    "away_team_name" : "Australia Women's",
    "away_team_gender" : "female",
    "away_team_group" : "C",
    "country" : {
      "id" : 14,
      "name" : "Australia"
    },
    "managers" : [ {
      "id" : 3541,
      "name" : "Ante Milicic",
      "nickname" : null,
      "dob" : "1974-04-04",
      "country" : {
        "id" : 14,
        "name" : "Australia"
      }
    } ]
  },
  "home_score" : 1,
  "away_score" : 1,
  "match_status" : "available",
  "match_status_360" : "scheduled",
  "last_updated" : "2023-02-14T15:13:53.163896",
  "last_updated_360" : "2021-06-13T16:17:31.694",
  "metadata" : {
    "data_version" : "1.1.0",
    "shot_fidelity_version" : "2",
    "xy_fidelity_version" : "2"
  },
  "match_week" : 4,
  "competition_stage" : {
    "id" : 33,
    "name" : "Round of 16"
  },
  "stadium" : {
    "id" : 162,
    "name" : "Allianz Riviera ",
    "country" : {
      "id" : 78,
      "name" : "France"
    }
  },
  "referee" : {
    "id" : 990,
    "name" : "Riem Hussein",
    "country" : {
      "id" : 85,
      "name" : "Germany"
    }
  }
}, {
  "match_id" : 22933,
  "match_date" : "2019-06-09",
  "kick_off" : "13:00:00.000",
  "competition" : {
    "competition_id" : 72,
    "country_name" : "International",
    "competition_name" : "Women's World Cup"
  },
  "season" : {
    "season_id" : 30,
    "season_name" : "2019"
  },
  "home_team" : {
    "home_team_id" : 1205,
    "home_team_name" : "Australia Women's",
    "home_team_gender" : "female",
    "home_team_group" : "C",
    "country" : {
      "id" : 14,
      "name" : "Australia"
    },
    "managers" : [ {
      "id" : 3541,
      "name" : "Ante Milicic",
      "nickname" : null,
      "dob" : "1974-04-04",
      "country" : {
        "id" : 14,
        "name" : "Australia"
      }
    } ]
  },
  "away_team" : {
    "away_team_id" : 855,
    "away_team_name" : "Italy Women's",
    "away_team_gender" : "female",
    "away_team_group" : "C",
    "country" : {
      "id" : 112,
      "name" : "Italy"
    },
    "managers" : [ {
      "id" : 4085,
      "name" : "Milena Bertolini",
      "nickname" : null,
      "dob" : "1966-06-24",
      "country" : {
        "id" : 112,
        "name" : "Italy"
      }
    } ]
  },
  "home_score" : 1,
  "away_score" : 2,
  "match_status" : "available",
  "match_status_360" : "scheduled",
  "last_updated" : "2023-02-14T14:30:22.346153",
  "last_updated_360" : "2021-06-13T16:17:31.694",
  "metadata" : {
    "data_version" : "1.1.0",
    "shot_fidelity_version" : "2",
    "xy_fidelity_version" : "2"
  },
  "match_week" : 1,
  "competition_stage" : {
    "id" : 1,
    "name" : "Regular Season"
  },
  "stadium" : {
    "id" : 231,
    "name" : "Stade du Hainaut",
    "country" : {
      "id" : 78,
      "name" : "France"
    }
  },
  "referee" : {
    "id" : 1626,
    "name" : "Melissa Paola Borjas Pastrana",
    "country" : {
      "id" : 101,
      "name" : "Honduras"
    }
  }
}, {
  "match_id" : 22963,
  "match_date" : "2019-06-14",
  "kick_off" : "18:00:00.000",
  "competition" : {
    "competition_id" : 72,
    "country_name" : "International",
    "competition_name" : "Women's World Cup"
  },
  "season" : {
    "season_id" : 30,
    "season_name" : "2019"
  },
  "home_team" : {
    "home_team_id" : 1212,
    "home_team_name" : "Jamaica Women's",
    "home_team_gender" : "female",
    "home_team_group" : "Group C",
    "country" : {
      "id" : 113,
      "name" : "Jamaica"
    },
    "managers" : [ {
      "id" : 4243,
      "name" : "Hue Menzies",
      "nickname" : null,
      "dob" : "1964-03-10",
      "country" : {
        "id" : 113,
        "name" : "Jamaica"
      }
    } ]
  },
  "away_team" : {
    "away_team_id" : 855,
    "away_team_name" : "Italy Women's",
    "away_team_gender" : "female",
    "away_team_group" : "Group C",
    "country" : {
      "id" : 112,
      "name" : "Italy"
    },
    "managers" : [ {
      "id" : 4085,
      "name" : "Milena Bertolini",
      "nickname" : null,
      "dob" : "1966-06-24",
      "country" : {
        "id" : 112,
        "name" : "Italy"
      }
    } ]
  },
  "home_score" : 0,
  "away_score" : 5,
  "match_status" : "available",
  "match_status_360" : "scheduled",
  "last_updated" : "2022-07-13T20:21:27.033445",
  "last_updated_360" : "2021-06-13T16:17:31.694",
  "metadata" : {
    "data_version" : "1.1.0",
    "shot_fidelity_version" : "2",
    "xy_fidelity_version" : "2"
  },
  "match_week" : 2,
  "competition_stage" : {
    "id" : 1,
    "name" : "Regular Season"
  },
  "stadium" : {
    "id" : 232,
    "name" : "Stade Auguste-Delaune II ",
    "country" : {
      "id" : 78,
      "name" : "France"
    }
  }
}, {
  "match_id" : 68311,
  "match_date" : "2019-06-18",
  "kick_off" : "21:00:00.000",
  "competition" : {
    "competition_id" : 72,
    "country_name" : "International",
    "competition_name" : "Women's World Cup"
  },
  "season" : {
    "season_id" : 30,
    "season_name" : "2019"
  },
  "home_team" : {
    "home_team_id" : 1212,
    "home_team_name" : "Jamaica Women's",
    "home_team_gender" : "female",
    "home_team_group" : "C",
    "country" : {
      "id" : 113,
      "name" : "Jamaica"
    },
    "managers" : [ {
      "id" : 4243,
      "name" : "Hue Menzies",
      "nickname" : null,
      "dob" : "1964-03-10",
      "country" : {
        "id" : 113,
        "name" : "Jamaica"
      }
    } ]
  },
  "away_team" : {
    "away_team_id" : 1205,
    "away_team_name" : "Australia Women's",
    "away_team_gender" : "female",
    "away_team_group" : "C",
    "country" : {
      "id" : 14,
      "name" : "Australia"
    },
    "managers" : [ {
      "id" : 3541,
      "name" : "Ante Milicic",
      "nickname" : null,
      "dob" : "1974-04-04",
      "country" : {
        "id" : 14,
        "name" : "Australia"
      }
    } ]
  },
  "home_score" : 1,
  "away_score" : 4,
  "match_status" : "available",
  "match_status_360" : "scheduled",
  "last_updated" : "2023-07-25T01:30:55.023228",
  "last_updated_360" : "2021-06-13T16:17:31.694",
  "metadata" : {
    "data_version" : "1.1.0",
    "shot_fidelity_version" : "2",
    "xy_fidelity_version" : "2"
  },
  "match_week" : 3,
  "competition_stage" : {
    "id" : 1,
    "name" : "Regular Season"
  },
  "stadium" : {
    "id" : 455,
    "name" : "Stade des Alpes",
    "country" : {
      "id" : 78,
      "name" : "France"
    }
  },
  "referee" : {
    "id" : 721,
    "name" : "Katalin Kulcsar",
    "country" : {
      "id" : 103,
      "name" : "Hungary"
    }
  }
}, {
  "match_id" : 22940,
  "match_date" : "2019-06-10",
  "kick_off" : "18:00:00.000",
  "competition" : {
    "competition_id" : 72,
    "country_name" : "International",
    "competition_name" : "Women's World Cup"
  },
  "season" : {
    "season_id" : 30,
    "season_name" : "2019"
  },
  "home_team" : {
    "home_team_id" : 1204,
    "home_team_name" : "Argentina Women's",
    "home_team_gender" : "female",
    "home_team_group" : "D",
    "country" : {
      "id" : 11,
      "name" : "Argentina"
    },
    "managers" : [ {
      "id" : 3447,
      "name" : "José Carlos Borrello",
      "nickname" : null,
      "dob" : "1955-09-12",
      "country" : {
        "id" : 11,
        "name" : "Argentina"
      }
    } ]
  },
  "away_team" : {
    "away_team_id" : 1210,
    "away_team_name" : "Japan Women's",
    "away_team_gender" : "female",
    "away_team_group" : "D",
    "country" : {
      "id" : 114,
      "name" : "Japan"
    },
    "managers" : [ {
      "id" : 4043,
      "name" : "Asako Takemoto Takakura",
      "nickname" : "Asako Takakura",
      "dob" : "1968-04-19",
      "country" : {
        "id" : 114,
        "name" : "Japan"
      }
    } ]
  },
  "home_score" : 0,
  "away_score" : 0,
  "match_status" : "available",
  "match_status_360" : "scheduled",
  "last_updated" : "2023-07-27T10:33:48.273734",
  "last_updated_360" : "2021-06-13T16:17:31.694",
  "metadata" : {
    "data_version" : "1.1.0",
    "shot_fidelity_version" : "2",
    "xy_fidelity_version" : "2"
  },
  "match_week" : 1,
  "competition_stage" : {
    "id" : 1,
    "name" : "Regular Season"
  },
  "stadium" : {
    "id" : 154,
    "name" : "Parc des Princes ",
    "country" : {
      "id" : 78,
      "name" : "France"
    }
  },
  "referee" : {
    "id" : 128,
    "name" : "Stéphanie Frappart",
    "country" : {
      "id" : 78,
      "name" : "France"
    }
  }
}, {
  "match_id" : 22945,
  "match_date" : "2019-06-12",
  "kick_off" : "15:00:00.000",
  "competition" : {
    "competition_id" : 72,
    "country_name" : "International",
    "competition_name" : "Women's World Cup"
  },
  "season" : {
    "season_id" : 30,
    "season_name" : "2019"
  },
  "home_team" : {
    "home_team_id" : 1213,
    "home_team_name" : "Nigeria Women's",
    "home_team_gender" : "female",
    "home_team_group" : "A",
    "country" : {
      "id" : 166,
      "name" : "Nigeria"
    },
    "managers" : [ {
      "id" : 4553,
      "name" : "Thomas Dennerby",
      "nickname" : null,
      "dob" : "1959-08-13",
      "country" : {
        "id" : 220,
        "name" : "Sweden"
      }
    } ]
  },
  "away_team" : {
    "away_team_id" : 1211,
    "away_team_name" : "Korea Republic Women's",
    "away_team_gender" : "female",
    "away_team_group" : "A",
    "country" : {
      "id" : 121,
      "name" : "Korea (South)"
    },
    "managers" : [ {
      "id" : 4300,
      "name" : "Deuk-Yeo Yoon",
      "nickname" : "Yoon Deuk-Yeo",
      "dob" : "1961-03-25",
      "country" : {
        "id" : 121,
        "name" : "Korea (South)"
      }
    } ]
  },
  "home_score" : 2,
  "away_score" : 0,
  "match_status" : "available",
  "match_status_360" : "scheduled",
  "last_updated" : "2023-04-07T09:00:52.515359",
  "last_updated_360" : "2021-06-13T16:17:31.694",
  "metadata" : {
    "data_version" : "1.1.0",
    "shot_fidelity_version" : "2",
    "xy_fidelity_version" : "2"
  },
  "match_week" : 2,
  "competition_stage" : {
    "id" : 1,
    "name" : "Regular Season"
  },
  "stadium" : {
    "id" : 455,
    "name" : "Stade des Alpes",
    "country" : {
      "id" : 78,
      "name" : "France"
    }
  },
  "referee" : {
    "id" : 2077,
    "name" : "Anastasia Pustovoytova",
    "country" : {
      "id" : 188,
      "name" : "Russia"
    }
  }
}, {
  "match_id" : 22956,
  "match_date" : "2019-06-13",
  "kick_off" : "21:00:00.000",
  "competition" : {
    "competition_id" : 72,
    "country_name" : "International",
    "competition_name" : "Women's World Cup"
  },
  "season" : {
    "season_id" : 30,
    "season_name" : "2019"
  },
  "home_team" : {
    "home_team_id" : 1216,
    "home_team_name" : "South Africa Women's",
    "home_team_gender" : "female",
    "home_team_group" : "B",
    "country" : {
      "id" : 211,
      "name" : "South Africa"
    },
    "managers" : [ {
      "id" : 3925,
      "name" : "Desiree Ellis",
      "nickname" : null,
      "dob" : "1963-03-14",
      "country" : {
        "id" : 211,
        "name" : "South Africa"
      }
    } ]
  },
  "away_team" : {
    "away_team_id" : 1207,
    "away_team_name" : "China PR Women's",
    "away_team_gender" : "female",
    "away_team_group" : "B",
    "country" : {
      "id" : 46,
      "name" : "China"
    },
    "managers" : [ {
      "id" : 3955,
      "name" : "Xiuquan Jia",
      "nickname" : "Jia Xiuquan",
      "dob" : "1963-11-09",
      "country" : {
        "id" : 46,
        "name" : "China"
      }
    } ]
  },
  "home_score" : 0,
  "away_score" : 1,
  "match_status" : "available",
  "match_status_360" : "scheduled",
  "last_updated" : "2023-07-24T21:40:47.383440",
  "last_updated_360" : "2021-06-13T16:17:31.694",
  "metadata" : {
    "data_version" : "1.1.0",
    "shot_fidelity_version" : "2",
    "xy_fidelity_version" : "2"
  },
  "match_week" : 2,
  "competition_stage" : {
    "id" : 1,
    "name" : "Regular Season"
  },
  "stadium" : {
    "id" : 154,
    "name" : "Parc des Princes ",
    "country" : {
      "id" : 78,
      "name" : "France"
    }
  },
  "referee" : {
    "id" : 721,
    "name" : "Katalin Kulcsar",
    "country" : {
      "id" : 103,
      "name" : "Hungary"
    }
  }
}, {
  "match_id" : 22966,
  "match_date" : "2019-06-15",
  "kick_off" : "21:00:00.000",
  "competition" : {
    "competition_id" : 72,
    "country_name" : "International",
    "competition_name" : "Women's World Cup"
  },
  "season" : {
    "season_id" : 30,
    "season_name" : "2019"
  },
  "home_team" : {
    "home_team_id" : 1206,
    "home_team_name" : "Canada Women's",
    "home_team_gender" : "female",
    "home_team_group" : "E",
    "country" : {
      "id" : 40,
      "name" : "Canada"
    },
    "managers" : [ {
      "id" : 172,
      "name" : "Kenneth Heiner-Møller",
      "nickname" : null,
      "dob" : "1971-01-17",
      "country" : {
        "id" : 61,
        "name" : "Denmark"
      }
    } ]
  },
  "away_team" : {
    "away_team_id" : 1215,
    "away_team_name" : "New Zealand Women's",
    "away_team_gender" : "female",
    "away_team_group" : "E",
    "country" : {
      "id" : 163,
      "name" : "New Zealand"
    },
    "managers" : [ {
      "id" : 130,
      "name" : "Tom Sermanni",
      "nickname" : null,
      "dob" : "1954-07-01",
      "country" : {
        "id" : 201,
        "name" : "Scotland"
      }
    } ]
  },
  "home_score" : 2,
  "away_score" : 0,
  "match_status" : "available",
  "match_status_360" : "scheduled",
  "last_updated" : "2023-07-25T05:52:37.454022",
  "last_updated_360" : "2021-06-13T16:17:31.694",
  "metadata" : {
    "data_version" : "1.1.0",
    "shot_fidelity_version" : "2",
    "xy_fidelity_version" : "2"
  },
  "match_week" : 2,
  "competition_stage" : {
    "id" : 1,
    "name" : "Regular Season"
  },
  "stadium" : {
    "id" : 455,
    "name" : "Stade des Alpes",
    "country" : {
      "id" : 78,
      "name" : "France"
    }
  }
}, {
  "match_id" : 68344,
  "match_date" : "2019-06-20",
  "kick_off" : "18:00:00.000",
  "competition" : {
    "competition_id" : 72,
    "country_name" : "International",
    "competition_name" : "Women's World Cup"
  },
  "season" : {
    "season_id" : 30,
    "season_name" : "2019"
  },
  "home_team" : {
    "home_team_id" : 851,
    "home_team_name" : "Netherlands Women's",
    "home_team_gender" : "female",
    "home_team_group" : "E",
    "country" : {
      "id" : 160,
      "name" : "Netherlands"
    },
    "managers" : [ {
      "id" : 45,
      "name" : "Sarina Glotzbach-Wiegman",
      "nickname" : "Sarina Wiegman",
      "dob" : "1969-10-26",
      "country" : {
        "id" : 160,
        "name" : "Netherlands"
      }
    } ]
  },
  "away_team" : {
    "away_team_id" : 1206,
    "away_team_name" : "Canada Women's",
    "away_team_gender" : "female",
    "away_team_group" : "E",
    "country" : {
      "id" : 40,
      "name" : "Canada"
    },
    "managers" : [ {
      "id" : 172,
      "name" : "Kenneth Heiner-Møller",
      "nickname" : null,
      "dob" : "1971-01-17",
      "country" : {
        "id" : 61,
        "name" : "Denmark"
      }
    } ]
  },
  "home_score" : 2,
  "away_score" : 1,
  "match_status" : "available",
  "match_status_360" : "scheduled",
  "last_updated" : "2023-07-24T21:41:44.870564",
  "last_updated_360" : "2021-06-13T16:17:31.694",
  "metadata" : {
    "data_version" : "1.1.0",
    "shot_fidelity_version" : "2",
    "xy_fidelity_version" : "2"
  },
  "match_week" : 3,
  "competition_stage" : {
    "id" : 1,
    "name" : "Regular Season"
  },
  "stadium" : {
    "id" : 232,
    "name" : "Stade Auguste-Delaune II ",
    "country" : {
      "id" : 78,
      "name" : "France"
    }
  },
  "referee" : {
    "id" : 128,
    "name" : "Stéphanie Frappart",
    "country" : {
      "id" : 78,
      "name" : "France"
    }
  }
}, {
  "match_id" : 68345,
  "match_date" : "2019-06-20",
  "kick_off" : "21:00:00.000",
  "competition" : {
    "competition_id" : 72,
    "country_name" : "International",
    "competition_name" : "Women's World Cup"
  },
  "season" : {
    "season_id" : 30,
    "season_name" : "2019"
  },
  "home_team" : {
    "home_team_id" : 858,
    "home_team_name" : "Sweden Women's",
    "home_team_gender" : "female",
    "home_team_group" : "F",
    "country" : {
      "id" : 220,
      "name" : "Sweden"
    },
    "managers" : [ {
      "id" : 3016,
      "name" : "Peter Gerhardsson",
      "nickname" : null,
      "dob" : "1959-08-22",
      "country" : {
        "id" : 220,
        "name" : "Sweden"
      }
    } ]
  },
  "away_team" : {
    "away_team_id" : 1214,
    "away_team_name" : "United States Women's",
    "away_team_gender" : "female",
    "away_team_group" : "F",
    "country" : {
      "id" : 241,
      "name" : "United States of America"
    },
    "managers" : [ {
      "id" : 2975,
      "name" : "Jillian Ellis",
      "nickname" : null,
      "dob" : "1966-09-06",
      "country" : {
        "id" : 241,
        "name" : "United States of America"
      }
    } ]
  },
  "home_score" : 0,
  "away_score" : 2,
  "match_status" : "available",
  "match_status_360" : "scheduled",
  "last_updated" : "2023-07-24T21:43:46.629128",
  "last_updated_360" : "2021-06-13T16:17:31.694",
  "metadata" : {
    "data_version" : "1.1.0",
    "shot_fidelity_version" : "2",
    "xy_fidelity_version" : "2"
  },
  "match_week" : 3,
  "competition_stage" : {
    "id" : 1,
    "name" : "Regular Season"
  },
  "stadium" : {
    "id" : 230,
    "name" : "Stade Océane",
    "country" : {
      "id" : 78,
      "name" : "France"
    }
  },
  "referee" : {
    "id" : 2077,
    "name" : "Anastasia Pustovoytova",
    "country" : {
      "id" : 188,
      "name" : "Russia"
    }
  }
}, {
  "match_id" : 69163,
  "match_date" : "2019-06-24",
  "kick_off" : "21:00:00.000",
  "competition" : {
    "competition_id" : 72,
    "country_name" : "International",
    "competition_name" : "Women's World Cup"
  },
  "season" : {
    "season_id" : 30,
    "season_name" : "2019"
  },
  "home_team" : {
    "home_team_id" : 858,
    "home_team_name" : "Sweden Women's",
    "home_team_gender" : "female",
    "home_team_group" : "F",
    "country" : {
      "id" : 220,
      "name" : "Sweden"
    },
    "managers" : [ {
      "id" : 3016,
      "name" : "Peter Gerhardsson",
      "nickname" : null,
      "dob" : "1959-08-22",
      "country" : {
        "id" : 220,
        "name" : "Sweden"
      }
    } ]
  },
  "away_team" : {
    "away_team_id" : 1206,
    "away_team_name" : "Canada Women's",
    "away_team_gender" : "female",
    "away_team_group" : "E",
    "country" : {
      "id" : 40,
      "name" : "Canada"
    },
    "managers" : [ {
      "id" : 172,
      "name" : "Kenneth Heiner-Møller",
      "nickname" : null,
      "dob" : "1971-01-17",
      "country" : {
        "id" : 61,
        "name" : "Denmark"
      }
    } ]
  },
  "home_score" : 1,
  "away_score" : 0,
  "match_status" : "available",
  "match_status_360" : "scheduled",
  "last_updated" : "2023-07-24T21:44:33.776439",
  "last_updated_360" : "2021-06-13T16:17:31.694",
  "metadata" : {
    "data_version" : "1.1.0",
    "shot_fidelity_version" : "2",
    "xy_fidelity_version" : "2"
  },
  "match_week" : 4,
  "competition_stage" : {
    "id" : 33,
    "name" : "Round of 16"
  },
  "stadium" : {
    "id" : 154,
    "name" : "Parc des Princes ",
    "country" : {
      "id" : 78,
      "name" : "France"
    }
  },
  "referee" : {
    "id" : 1640,
    "name" : "Kate Jacewicz",
    "country" : {
      "id" : 14,
      "name" : "Australia"
    }
  }
}, {
  "match_id" : 68346,
  "match_date" : "2019-06-20",
  "kick_off" : "18:00:00.000",
  "competition" : {
    "competition_id" : 72,
    "country_name" : "International",
    "competition_name" : "Women's World Cup"
  },
  "season" : {
    "season_id" : 30,
    "season_name" : "2019"
  },
  "home_team" : {
    "home_team_id" : 1208,
    "home_team_name" : "Cameroon Women's",
    "home_team_gender" : "female",
    "home_team_group" : "E",
    "country" : {
      "id" : 39,
      "name" : "Cameroon"
    },
    "managers" : [ {
      "id" : 4350,
      "name" : "Alain Djeumfa",
      "nickname" : null,
      "dob" : "1972-07-30",
      "country" : {
        "id" : 39,
        "name" : "Cameroon"
      }
    } ]
  },
  "away_team" : {
    "away_team_id" : 1215,
    "away_team_name" : "New Zealand Women's",
    "away_team_gender" : "female",
    "away_team_group" : "E",
    "country" : {
      "id" : 163,
      "name" : "New Zealand"
    },
    "managers" : [ {
      "id" : 130,
      "name" : "Tom Sermanni",
      "nickname" : null,
      "dob" : "1954-07-01",
      "country" : {
        "id" : 201,
        "name" : "Scotland"
      }
    } ]
  },
  "home_score" : 2,
  "away_score" : 1,
  "match_status" : "available",
  "match_status_360" : "scheduled",
  "last_updated" : "2023-07-24T21:40:43.072076",
  "last_updated_360" : "2021-06-13T16:17:31.694",
  "metadata" : {
    "data_version" : "1.1.0",
    "shot_fidelity_version" : "2",
    "xy_fidelity_version" : "2"
  },
  "match_week" : 3,
  "competition_stage" : {
    "id" : 1,
    "name" : "Regular Season"
  },
  "stadium" : {
    "id" : 165,
    "name" : "Stade de la Mosson ",
    "country" : {
      "id" : 78,
      "name" : "France"
    }
  },
  "referee" : {
    "id" : 374,
    "name" : "Kateryna Monzul",
    "country" : {
      "id" : 238,
      "name" : "Ukraine"
    }
  }
}, {
  "match_id" : 68355,
  "match_date" : "2019-06-22",
  "kick_off" : "17:30:00.000",
  "competition" : {
    "competition_id" : 72,
    "country_name" : "International",
    "competition_name" : "Women's World Cup"
  },
  "season" : {
    "season_id" : 30,
    "season_name" : "2019"
  },
  "home_team" : {
    "home_team_id" : 857,
    "home_team_name" : "Germany Women's",
    "home_team_gender" : "female",
    "home_team_group" : "B",
    "country" : {
      "id" : 85,
      "name" : "Germany"
    },
    "managers" : [ {
      "id" : 53,
      "name" : "Martina Voss-Tecklenburg",
      "nickname" : null,
      "dob" : "1967-12-22",
      "country" : {
        "id" : 85,
        "name" : "Germany"
      }
    } ]
  },
  "away_team" : {
    "away_team_id" : 1213,
    "away_team_name" : "Nigeria Women's",
    "away_team_gender" : "female",
    "away_team_group" : "A",
    "country" : {
      "id" : 166,
      "name" : "Nigeria"
    },
    "managers" : [ {
      "id" : 4553,
      "name" : "Thomas Dennerby",
      "nickname" : null,
      "dob" : "1959-08-13",
      "country" : {
        "id" : 220,
        "name" : "Sweden"
      }
    } ]
  },
  "home_score" : 3,
  "away_score" : 0,
  "match_status" : "available",
  "match_status_360" : "scheduled",
  "last_updated" : "2023-07-24T21:41:45.715534",
  "last_updated_360" : "2021-06-13T16:17:31.694",
  "metadata" : {
    "data_version" : "1.1.0",
    "shot_fidelity_version" : "2",
    "xy_fidelity_version" : "2"
  },
  "match_week" : 4,
  "competition_stage" : {
    "id" : 33,
    "name" : "Round of 16"
  },
  "stadium" : {
    "id" : 455,
    "name" : "Stade des Alpes",
    "country" : {
      "id" : 78,
      "name" : "France"
    }
  }
}, {
  "match_id" : 69301,
  "match_date" : "2019-07-06",
  "kick_off" : "17:00:00.000",
  "competition" : {
    "competition_id" : 72,
    "country_name" : "International",
    "competition_name" : "Women's World Cup"
  },
  "season" : {
    "season_id" : 30,
    "season_name" : "2019"
  },
  "home_team" : {
    "home_team_id" : 865,
    "home_team_name" : "England Women's",
    "home_team_gender" : "female",
    "home_team_group" : null,
    "country" : {
      "id" : 68,
      "name" : "England"
    },
    "managers" : [ {
      "id" : 3464,
      "name" : "Phil Neville",
      "nickname" : null,
      "dob" : "1977-01-21",
      "country" : {
        "id" : 68,
        "name" : "England"
      }
    } ]
  },
  "away_team" : {
    "away_team_id" : 858,
    "away_team_name" : "Sweden Women's",
    "away_team_gender" : "female",
    "away_team_group" : null,
    "country" : {
      "id" : 220,
      "name" : "Sweden"
    },
    "managers" : [ {
      "id" : 3016,
      "name" : "Peter Gerhardsson",
      "nickname" : null,
      "dob" : "1959-08-22",
      "country" : {
        "id" : 220,
        "name" : "Sweden"
      }
    } ]
  },
  "home_score" : 1,
  "away_score" : 2,
  "match_status" : "available",
  "match_status_360" : "scheduled",
  "last_updated" : "2023-07-24T21:53:21.242480",
  "last_updated_360" : "2021-06-13T16:17:31.694",
  "metadata" : {
    "data_version" : "1.1.0",
    "shot_fidelity_version" : "2",
    "xy_fidelity_version" : "2"
  },
  "match_week" : 7,
  "competition_stage" : {
    "id" : 25,
    "name" : "3rd Place Final"
  },
  "stadium" : {
    "id" : 162,
    "name" : "Allianz Riviera ",
    "country" : {
      "id" : 78,
      "name" : "France"
    }
  },
  "referee" : {
    "id" : 2077,
    "name" : "Anastasia Pustovoytova",
    "country" : {
      "id" : 188,
      "name" : "Russia"
    }
  }
}, {
  "match_id" : 69137,
  "match_date" : "2019-06-23",
  "kick_off" : "21:00:00.000",
  "competition" : {
    "competition_id" : 72,
    "country_name" : "International",
    "competition_name" : "Women's World Cup"
  },
  "season" : {
    "season_id" : 30,
    "season_name" : "2019"
  },
  "home_team" : {
    "home_team_id" : 861,
    "home_team_name" : "France Women's",
    "home_team_gender" : "female",
    "home_team_group" : "A",
    "country" : {
      "id" : 78,
      "name" : "France"
    },
    "managers" : [ {
      "id" : 500,
      "name" : "Corinne Catherine Diacre",
      "nickname" : null,
      "dob" : "1974-08-04",
      "country" : {
        "id" : 78,
        "name" : "France"
      }
    } ]
  },
  "away_team" : {
    "away_team_id" : 1203,
    "away_team_name" : "Brazil Women's",
    "away_team_gender" : "female",
    "away_team_group" : "C",
    "country" : {
      "id" : 31,
      "name" : "Brazil"
    },
    "managers" : [ {
      "id" : 3540,
      "name" : "Oswaldo Fumeiro Alvarez",
      "nickname" : null,
      "dob" : "1956-08-21",
      "country" : {
        "id" : 31,
        "name" : "Brazil"
      }
    } ]
  },
  "home_score" : 2,
  "away_score" : 1,
  "match_status" : "available",
  "match_status_360" : "scheduled",
  "last_updated" : "2023-07-24T21:42:47.480213",
  "last_updated_360" : "2021-06-13T16:17:31.694",
  "metadata" : {
    "data_version" : "1.1.0",
    "shot_fidelity_version" : "2",
    "xy_fidelity_version" : "2"
  },
  "match_week" : 4,
  "competition_stage" : {
    "id" : 33,
    "name" : "Round of 16"
  },
  "stadium" : {
    "id" : 230,
    "name" : "Stade Océane",
    "country" : {
      "id" : 78,
      "name" : "France"
    }
  },
  "referee" : {
    "id" : 1627,
    "name" : "Marie-Soleil Beaudoin",
    "country" : {
      "id" : 40,
      "name" : "Canada"
    }
  }
}, {
  "match_id" : 69208,
  "match_date" : "2019-06-29",
  "kick_off" : "18:30:00.000",
  "competition" : {
    "competition_id" : 72,
    "country_name" : "International",
    "competition_name" : "Women's World Cup"
  },
  "season" : {
    "season_id" : 30,
    "season_name" : "2019"
  },
  "home_team" : {
    "home_team_id" : 857,
    "home_team_name" : "Germany Women's",
    "home_team_gender" : "female",
    "home_team_group" : "B",
    "country" : {
      "id" : 85,
      "name" : "Germany"
    },
    "managers" : [ {
      "id" : 53,
      "name" : "Martina Voss-Tecklenburg",
      "nickname" : null,
      "dob" : "1967-12-22",
      "country" : {
        "id" : 85,
        "name" : "Germany"
      }
    } ]
  },
  "away_team" : {
    "away_team_id" : 858,
    "away_team_name" : "Sweden Women's",
    "away_team_gender" : "female",
    "away_team_group" : "F",
    "country" : {
      "id" : 220,
      "name" : "Sweden"
    },
    "managers" : [ {
      "id" : 3016,
      "name" : "Peter Gerhardsson",
      "nickname" : null,
      "dob" : "1959-08-22",
      "country" : {
        "id" : 220,
        "name" : "Sweden"
      }
    } ]
  },
  "home_score" : 1,
  "away_score" : 2,
  "match_status" : "available",
  "match_status_360" : "scheduled",
  "last_updated" : "2023-07-24T21:49:36.448971",
  "last_updated_360" : "2021-06-13T16:17:31.694",
  "metadata" : {
    "data_version" : "1.1.0",
    "shot_fidelity_version" : "2",
    "xy_fidelity_version" : "2"
  },
  "match_week" : 5,
  "competition_stage" : {
    "id" : 1,
    "name" : "Regular Season"
  },
  "stadium" : {
    "id" : 166,
    "name" : "Roazhon Park",
    "country" : {
      "id" : 78,
      "name" : "France"
    }
  },
  "referee" : {
    "id" : 128,
    "name" : "Stéphanie Frappart",
    "country" : {
      "id" : 78,
      "name" : "France"
    }
  }
}, {
  "match_id" : 22936,
  "match_date" : "2019-06-09",
  "kick_off" : "18:00:00.000",
  "competition" : {
    "competition_id" : 72,
    "country_name" : "International",
    "competition_name" : "Women's World Cup"
  },
  "season" : {
    "season_id" : 30,
    "season_name" : "2019"
  },
  "home_team" : {
    "home_team_id" : 865,
    "home_team_name" : "England Women's",
    "home_team_gender" : "female",
    "home_team_group" : "D",
    "country" : {
      "id" : 68,
      "name" : "England"
    },
    "managers" : [ {
      "id" : 3464,
      "name" : "Phil Neville",
      "nickname" : null,
      "dob" : "1977-01-21",
      "country" : {
        "id" : 68,
        "name" : "England"
      }
    } ]
  },
  "away_team" : {
    "away_team_id" : 866,
    "away_team_name" : "Scotland Women's",
    "away_team_gender" : "female",
    "away_team_group" : "D",
    "country" : {
      "id" : 201,
      "name" : "Scotland"
    },
    "managers" : [ {
      "id" : 3445,
      "name" : "Michelle \"Shelley\" Kerr",
      "nickname" : "Shelley Kerr",
      "dob" : "1969-10-15",
      "country" : {
        "id" : 201,
        "name" : "Scotland"
      }
    } ]
  },
  "home_score" : 2,
  "away_score" : 1,
  "match_status" : "available",
  "match_status_360" : "scheduled",
  "last_updated" : "2023-07-24T21:47:34.543267",
  "last_updated_360" : "2021-06-13T16:17:31.694",
  "metadata" : {
    "data_version" : "1.1.0",
    "shot_fidelity_version" : "2",
    "xy_fidelity_version" : "2"
  },
  "match_week" : 1,
  "competition_stage" : {
    "id" : 1,
    "name" : "Regular Season"
  },
  "stadium" : {
    "id" : 162,
    "name" : "Allianz Riviera ",
    "country" : {
      "id" : 78,
      "name" : "France"
    }
  },
  "referee" : {
    "id" : 744,
    "name" : "Jana Adamkova",
    "country" : {
      "id" : 60,
      "name" : "Czech Republic"
    }
  }
}, {
  "match_id" : 22973,
  "match_date" : "2019-06-16",
  "kick_off" : "15:00:00.000",
  "competition" : {
    "competition_id" : 72,
    "country_name" : "International",
    "competition_name" : "Women's World Cup"
  },
  "season" : {
    "season_id" : 30,
    "season_name" : "2019"
  },
  "home_team" : {
    "home_team_id" : 858,
    "home_team_name" : "Sweden Women's",
    "home_team_gender" : "female",
    "home_team_group" : "F",
    "country" : {
      "id" : 220,
      "name" : "Sweden"
    },
    "managers" : [ {
      "id" : 3016,
      "name" : "Peter Gerhardsson",
      "nickname" : null,
      "dob" : "1959-08-22",
      "country" : {
        "id" : 220,
        "name" : "Sweden"
      }
    } ]
  },
  "away_team" : {
    "away_team_id" : 1107,
    "away_team_name" : "Thailand Women's",
    "away_team_gender" : "female",
    "away_team_group" : "F",
    "country" : {
      "id" : 226,
      "name" : "Thailand"
    },
    "managers" : [ {
      "id" : 4390,
      "name" : "Nuengrutai Srathongvian",
      "nickname" : null,
      "dob" : "1972-01-01",
      "country" : {
        "id" : 226,
        "name" : "Thailand"
      }
    } ]
  },
  "home_score" : 5,
  "away_score" : 1,
  "match_status" : "available",
  "match_status_360" : "scheduled",
  "last_updated" : "2023-07-24T21:43:40.375240",
  "last_updated_360" : "2021-06-13T16:17:31.694",
  "metadata" : {
    "data_version" : "1.1.0",
    "shot_fidelity_version" : "2",
    "xy_fidelity_version" : "2"
  },
  "match_week" : 2,
  "competition_stage" : {
    "id" : 1,
    "name" : "Regular Season"
  },
  "stadium" : {
    "id" : 162,
    "name" : "Allianz Riviera ",
    "country" : {
      "id" : 78,
      "name" : "France"
    }
  }
}, {
  "match_id" : 68337,
  "match_date" : "2019-06-19",
  "kick_off" : "21:00:00.000",
  "competition" : {
    "competition_id" : 72,
    "country_name" : "International",
    "competition_name" : "Women's World Cup"
  },
  "season" : {
    "season_id" : 30,
    "season_name" : "2019"
  },
  "home_team" : {
    "home_team_id" : 1210,
    "home_team_name" : "Japan Women's",
    "home_team_gender" : "female",
    "home_team_group" : "D",
    "country" : {
      "id" : 114,
      "name" : "Japan"
    },
    "managers" : [ {
      "id" : 4043,
      "name" : "Asako Takemoto Takakura",
      "nickname" : "Asako Takakura",
      "dob" : "1968-04-19",
      "country" : {
        "id" : 114,
        "name" : "Japan"
      }
    } ]
  },
  "away_team" : {
    "away_team_id" : 865,
    "away_team_name" : "England Women's",
    "away_team_gender" : "female",
    "away_team_group" : "D",
    "country" : {
      "id" : 68,
      "name" : "England"
    },
    "managers" : [ {
      "id" : 3464,
      "name" : "Phil Neville",
      "nickname" : null,
      "dob" : "1977-01-21",
      "country" : {
        "id" : 68,
        "name" : "England"
      }
    } ]
  },
  "home_score" : 0,
  "away_score" : 2,
  "match_status" : "available",
  "match_status_360" : "scheduled",
  "last_updated" : "2023-07-24T21:38:47.026750",
  "last_updated_360" : "2021-06-13T16:17:31.694",
  "metadata" : {
    "data_version" : "1.1.0",
    "shot_fidelity_version" : "2",
    "xy_fidelity_version" : "2"
  },
  "match_week" : 3,
  "competition_stage" : {
    "id" : 1,
    "name" : "Regular Season"
  },
  "stadium" : {
    "id" : 162,
    "name" : "Allianz Riviera ",
    "country" : {
      "id" : 78,
      "name" : "France"
    }
  },
  "referee" : {
    "id" : 1632,
    "name" : "Claudia Umpiérrez",
    "country" : {
      "id" : 242,
      "name" : "Uruguay"
    }
  }
}, {
  "match_id" : 22981,
  "match_date" : "2019-06-17",
  "kick_off" : "21:00:00.000",
  "competition" : {
    "competition_id" : 72,
    "country_name" : "International",
    "competition_name" : "Women's World Cup"
  },
  "season" : {
    "season_id" : 30,
    "season_name" : "2019"
  },
  "home_team" : {
    "home_team_id" : 1211,
    "home_team_name" : "Korea Republic Women's",
    "home_team_gender" : "female",
    "home_team_group" : "A",
    "country" : {
      "id" : 121,
      "name" : "Korea (South)"
    },
    "managers" : [ {
      "id" : 4300,
      "name" : "Deuk-Yeo Yoon",
      "nickname" : "Yoon Deuk-Yeo",
      "dob" : "1961-03-25",
      "country" : {
        "id" : 121,
        "name" : "Korea (South)"
      }
    } ]
  },
  "away_team" : {
    "away_team_id" : 852,
    "away_team_name" : "Norway Women's",
    "away_team_gender" : "female",
    "away_team_group" : "A",
    "country" : {
      "id" : 171,
      "name" : "Norway"
    },
    "managers" : [ {
      "id" : 764,
      "name" : "Martin Sjögren",
      "nickname" : null,
      "dob" : "1977-04-27",
      "country" : {
        "id" : 220,
        "name" : "Sweden"
      }
    } ]
  },
  "home_score" : 1,
  "away_score" : 2,
  "match_status" : "available",
  "match_status_360" : "scheduled",
  "last_updated" : "2023-07-24T21:47:05.476901",
  "last_updated_360" : "2021-06-13T16:17:31.694",
  "metadata" : {
    "data_version" : "1.1.0",
    "shot_fidelity_version" : "2",
    "xy_fidelity_version" : "2"
  },
  "match_week" : 3,
  "competition_stage" : {
    "id" : 1,
    "name" : "Regular Season"
  },
  "stadium" : {
    "id" : 232,
    "name" : "Stade Auguste-Delaune II ",
    "country" : {
      "id" : 78,
      "name" : "France"
    }
  },
  "referee" : {
    "id" : 1627,
    "name" : "Marie-Soleil Beaudoin",
    "country" : {
      "id" : 40,
      "name" : "Canada"
    }
  }
}, {
  "match_id" : 22974,
  "match_date" : "2019-06-16",
  "kick_off" : "18:00:00.000",
  "competition" : {
    "competition_id" : 72,
    "country_name" : "International",
    "competition_name" : "Women's World Cup"
  },
  "season" : {
    "season_id" : 30,
    "season_name" : "2019"
  },
  "home_team" : {
    "home_team_id" : 1214,
    "home_team_name" : "United States Women's",
    "home_team_gender" : "female",
    "home_team_group" : "F",
    "country" : {
      "id" : 241,
      "name" : "United States of America"
    },
    "managers" : [ {
      "id" : 2975,
      "name" : "Jillian Ellis",
      "nickname" : null,
      "dob" : "1966-09-06",
      "country" : {
        "id" : 241,
        "name" : "United States of America"
      }
    } ]
  },
  "away_team" : {
    "away_team_id" : 1209,
    "away_team_name" : "Chile Women's",
    "away_team_gender" : "female",
    "away_team_group" : "F",
    "country" : {
      "id" : 45,
      "name" : "Chile"
    },
    "managers" : [ {
      "id" : 4389,
      "name" : "José Antonio Letelier Henríquez",
      "nickname" : "José Letelier",
      "dob" : "1966-05-23",
      "country" : {
        "id" : 45,
        "name" : "Chile"
      }
    } ]
  },
  "home_score" : 3,
  "away_score" : 0,
  "match_status" : "available",
  "match_status_360" : "scheduled",
  "last_updated" : "2023-07-24T21:44:31.035508",
  "last_updated_360" : "2021-06-13T16:17:31.694",
  "metadata" : {
    "data_version" : "1.1.0",
    "shot_fidelity_version" : "2",
    "xy_fidelity_version" : "2"
  },
  "match_week" : 2,
  "competition_stage" : {
    "id" : 1,
    "name" : "Regular Season"
  },
  "stadium" : {
    "id" : 154,
    "name" : "Parc des Princes ",
    "country" : {
      "id" : 78,
      "name" : "France"
    }
  },
  "referee" : {
    "id" : 990,
    "name" : "Riem Hussein",
    "country" : {
      "id" : 85,
      "name" : "Germany"
    }
  }
}, {
  "match_id" : 22924,
  "match_date" : "2019-06-08",
  "kick_off" : "21:00:00.000",
  "competition" : {
    "competition_id" : 72,
    "country_name" : "International",
    "competition_name" : "Women's World Cup"
  },
  "season" : {
    "season_id" : 30,
    "season_name" : "2019"
  },
  "home_team" : {
    "home_team_id" : 852,
    "home_team_name" : "Norway Women's",
    "home_team_gender" : "female",
    "home_team_group" : "A",
    "country" : {
      "id" : 171,
      "name" : "Norway"
    },
    "managers" : [ {
      "id" : 764,
      "name" : "Martin Sjögren",
      "nickname" : null,
      "dob" : "1977-04-27",
      "country" : {
        "id" : 220,
        "name" : "Sweden"
      }
    } ]
  },
  "away_team" : {
    "away_team_id" : 1213,
    "away_team_name" : "Nigeria Women's",
    "away_team_gender" : "female",
    "away_team_group" : "A",
    "country" : {
      "id" : 166,
      "name" : "Nigeria"
    },
    "managers" : [ {
      "id" : 4553,
      "name" : "Thomas Dennerby",
      "nickname" : null,
      "dob" : "1959-08-13",
      "country" : {
        "id" : 220,
        "name" : "Sweden"
      }
    } ]
  },
  "home_score" : 3,
  "away_score" : 0,
  "match_status" : "available",
  "match_status_360" : "scheduled",
  "last_updated" : "2023-07-25T05:51:39.480702",
  "last_updated_360" : "2021-06-13T16:17:31.694",
  "metadata" : {
    "data_version" : "1.1.0",
    "shot_fidelity_version" : "2",
    "xy_fidelity_version" : "2"
  },
  "match_week" : 1,
  "competition_stage" : {
    "id" : 1,
    "name" : "Regular Season"
  },
  "stadium" : {
    "id" : 232,
    "name" : "Stade Auguste-Delaune II ",
    "country" : {
      "id" : 78,
      "name" : "France"
    }
  },
  "referee" : {
    "id" : 1640,
    "name" : "Kate Jacewicz",
    "country" : {
      "id" : 14,
      "name" : "Australia"
    }
  }
}, {
  "match_id" : 69321,
  "match_date" : "2019-07-07",
  "kick_off" : "17:00:00.000",
  "competition" : {
    "competition_id" : 72,
    "country_name" : "International",
    "competition_name" : "Women's World Cup"
  },
  "season" : {
    "season_id" : 30,
    "season_name" : "2019"
  },
  "home_team" : {
    "home_team_id" : 1214,
    "home_team_name" : "United States Women's",
    "home_team_gender" : "female",
    "home_team_group" : null,
    "country" : {
      "id" : 241,
      "name" : "United States of America"
    },
    "managers" : [ {
      "id" : 2975,
      "name" : "Jillian Ellis",
      "nickname" : null,
      "dob" : "1966-09-06",
      "country" : {
        "id" : 241,
        "name" : "United States of America"
      }
    } ]
  },
  "away_team" : {
    "away_team_id" : 851,
    "away_team_name" : "Netherlands Women's",
    "away_team_gender" : "female",
    "away_team_group" : null,
    "country" : {
      "id" : 160,
      "name" : "Netherlands"
    },
    "managers" : [ {
      "id" : 45,
      "name" : "Sarina Glotzbach-Wiegman",
      "nickname" : "Sarina Wiegman",
      "dob" : "1969-10-26",
      "country" : {
        "id" : 160,
        "name" : "Netherlands"
      }
    } ]
  },
  "home_score" : 2,
  "away_score" : 0,
  "match_status" : "available",
  "match_status_360" : "scheduled",
  "last_updated" : "2023-07-24T21:54:11.999503",
  "last_updated_360" : "2021-06-13T16:17:31.694",
  "metadata" : {
    "data_version" : "1.1.0",
    "shot_fidelity_version" : "2",
    "xy_fidelity_version" : "2"
  },
  "match_week" : 7,
  "competition_stage" : {
    "id" : 26,
    "name" : "Final"
  },
  "stadium" : {
    "id" : 193,
    "name" : "Groupama Stadium",
    "country" : {
      "id" : 78,
      "name" : "France"
    }
  },
  "referee" : {
    "id" : 128,
    "name" : "Stéphanie Frappart",
    "country" : {
      "id" : 78,
      "name" : "France"
    }
  }
}, {
  "match_id" : 22983,
  "match_date" : "2019-06-17",
  "kick_off" : "18:00:00.000",
  "competition" : {
    "competition_id" : 72,
    "country_name" : "International",
    "competition_name" : "Women's World Cup"
  },
  "season" : {
    "season_id" : 30,
    "season_name" : "2019"
  },
  "home_team" : {
    "home_team_id" : 1207,
    "home_team_name" : "China PR Women's",
    "home_team_gender" : "female",
    "home_team_group" : "B",
    "country" : {
      "id" : 46,
      "name" : "China"
    },
    "managers" : [ {
      "id" : 3955,
      "name" : "Xiuquan Jia",
      "nickname" : "Jia Xiuquan",
      "dob" : "1963-11-09",
      "country" : {
        "id" : 46,
        "name" : "China"
      }
    } ]
  },
  "away_team" : {
    "away_team_id" : 863,
    "away_team_name" : "Spain Women's",
    "away_team_gender" : "female",
    "away_team_group" : "B",
    "country" : {
      "id" : 214,
      "name" : "Spain"
    },
    "managers" : [ {
      "id" : 418,
      "name" : "Jorge Vilda",
      "nickname" : null,
      "dob" : "1981-07-07",
      "country" : {
        "id" : 214,
        "name" : "Spain"
      }
    } ]
  },
  "home_score" : 0,
  "away_score" : 0,
  "match_status" : "available",
  "match_status_360" : "scheduled",
  "last_updated" : "2023-07-24T21:46:19.973315",
  "last_updated_360" : "2021-06-13T16:17:31.694",
  "metadata" : {
    "data_version" : "1.1.0",
    "shot_fidelity_version" : "2",
    "xy_fidelity_version" : "2"
  },
  "match_week" : 3,
  "competition_stage" : {
    "id" : 1,
    "name" : "Regular Season"
  },
  "stadium" : {
    "id" : 230,
    "name" : "Stade Océane",
    "country" : {
      "id" : 78,
      "name" : "France"
    }
  }
}, {
  "match_id" : 68312,
  "match_date" : "2019-06-18",
  "kick_off" : "21:00:00.000",
  "competition" : {
    "competition_id" : 72,
    "country_name" : "International",
    "competition_name" : "Women's World Cup"
  },
  "season" : {
    "season_id" : 30,
    "season_name" : "2019"
  },
  "home_team" : {
    "home_team_id" : 855,
    "home_team_name" : "Italy Women's",
    "home_team_gender" : "female",
    "home_team_group" : "C",
    "country" : {
      "id" : 112,
      "name" : "Italy"
    },
    "managers" : [ {
      "id" : 4085,
      "name" : "Milena Bertolini",
      "nickname" : null,
      "dob" : "1966-06-24",
      "country" : {
        "id" : 112,
        "name" : "Italy"
      }
    } ]
  },
  "away_team" : {
    "away_team_id" : 1203,
    "away_team_name" : "Brazil Women's",
    "away_team_gender" : "female",
    "away_team_group" : "C",
    "country" : {
      "id" : 31,
      "name" : "Brazil"
    },
    "managers" : [ {
      "id" : 3540,
      "name" : "Oswaldo Fumeiro Alvarez",
      "nickname" : null,
      "dob" : "1956-08-21",
      "country" : {
        "id" : 31,
        "name" : "Brazil"
      }
    } ]
  },
  "home_score" : 0,
  "away_score" : 1,
  "match_status" : "available",
  "match_status_360" : "scheduled",
  "last_updated" : "2023-07-24T21:40:12.665202",
  "last_updated_360" : "2021-06-13T16:17:31.694",
  "metadata" : {
    "data_version" : "1.1.0",
    "shot_fidelity_version" : "2",
    "xy_fidelity_version" : "2"
  },
  "match_week" : 3,
  "competition_stage" : {
    "id" : 1,
    "name" : "Regular Season"
  },
  "stadium" : {
    "id" : 231,
    "name" : "Stade du Hainaut",
    "country" : {
      "id" : 78,
      "name" : "France"
    }
  },
  "referee" : {
    "id" : 1638,
    "name" : "Lucila Venegas Montes",
    "country" : {
      "id" : 147,
      "name" : "Mexico"
    }
  }
}, {
  "match_id" : 22921,
  "match_date" : "2019-06-07",
  "kick_off" : "21:00:00.000",
  "competition" : {
    "competition_id" : 72,
    "country_name" : "International",
    "competition_name" : "Women's World Cup"
  },
  "season" : {
    "season_id" : 30,
    "season_name" : "2019"
  },
  "home_team" : {
    "home_team_id" : 861,
    "home_team_name" : "France Women's",
    "home_team_gender" : "female",
    "home_team_group" : "A",
    "country" : {
      "id" : 78,
      "name" : "France"
    },
    "managers" : [ {
      "id" : 500,
      "name" : "Corinne Catherine Diacre",
      "nickname" : null,
      "dob" : "1974-08-04",
      "country" : {
        "id" : 78,
        "name" : "France"
      }
    } ]
  },
  "away_team" : {
    "away_team_id" : 1211,
    "away_team_name" : "Korea Republic Women's",
    "away_team_gender" : "female",
    "away_team_group" : "A",
    "country" : {
      "id" : 121,
      "name" : "Korea (South)"
    },
    "managers" : [ {
      "id" : 4300,
      "name" : "Deuk-Yeo Yoon",
      "nickname" : "Yoon Deuk-Yeo",
      "dob" : "1961-03-25",
      "country" : {
        "id" : 121,
        "name" : "Korea (South)"
      }
    } ]
  },
  "home_score" : 4,
  "away_score" : 0,
  "match_status" : "available",
  "match_status_360" : "scheduled",
  "last_updated" : "2023-07-24T21:44:09.628674",
  "last_updated_360" : "2021-06-13T16:17:31.694",
  "metadata" : {
    "data_version" : "1.1.0",
    "shot_fidelity_version" : "2",
    "xy_fidelity_version" : "2"
  },
  "match_week" : 1,
  "competition_stage" : {
    "id" : 1,
    "name" : "Regular Season"
  },
  "stadium" : {
    "id" : 154,
    "name" : "Parc des Princes ",
    "country" : {
      "id" : 78,
      "name" : "France"
    }
  },
  "referee" : {
    "id" : 1632,
    "name" : "Claudia Umpiérrez",
    "country" : {
      "id" : 242,
      "name" : "Uruguay"
    }
  }
}, {
  "match_id" : 22926,
  "match_date" : "2019-06-08",
  "kick_off" : "15:00:00.000",
  "competition" : {
    "competition_id" : 72,
    "country_name" : "International",
    "competition_name" : "Women's World Cup"
  },
  "season" : {
    "season_id" : 30,
    "season_name" : "2019"
  },
  "home_team" : {
    "home_team_id" : 857,
    "home_team_name" : "Germany Women's",
    "home_team_gender" : "female",
    "home_team_group" : "B",
    "country" : {
      "id" : 85,
      "name" : "Germany"
    },
    "managers" : [ {
      "id" : 53,
      "name" : "Martina Voss-Tecklenburg",
      "nickname" : null,
      "dob" : "1967-12-22",
      "country" : {
        "id" : 85,
        "name" : "Germany"
      }
    } ]
  },
  "away_team" : {
    "away_team_id" : 1207,
    "away_team_name" : "China PR Women's",
    "away_team_gender" : "female",
    "away_team_group" : "B",
    "country" : {
      "id" : 46,
      "name" : "China"
    },
    "managers" : [ {
      "id" : 3955,
      "name" : "Xiuquan Jia",
      "nickname" : "Jia Xiuquan",
      "dob" : "1963-11-09",
      "country" : {
        "id" : 46,
        "name" : "China"
      }
    } ]
  },
  "home_score" : 1,
  "away_score" : 0,
  "match_status" : "available",
  "match_status_360" : "scheduled",
  "last_updated" : "2023-07-24T21:43:15.152371",
  "last_updated_360" : "2021-06-13T16:17:31.694",
  "metadata" : {
    "data_version" : "1.1.0",
    "shot_fidelity_version" : "2",
    "xy_fidelity_version" : "2"
  },
  "match_week" : 1,
  "competition_stage" : {
    "id" : 1,
    "name" : "Regular Season"
  },
  "stadium" : {
    "id" : 166,
    "name" : "Roazhon Park",
    "country" : {
      "id" : 78,
      "name" : "France"
    }
  },
  "referee" : {
    "id" : 1627,
    "name" : "Marie-Soleil Beaudoin",
    "country" : {
      "id" : 40,
      "name" : "Canada"
    }
  }
}, {
  "match_id" : 22930,
  "match_date" : "2019-06-08",
  "kick_off" : "18:00:00.000",
  "competition" : {
    "competition_id" : 72,
    "country_name" : "International",
    "competition_name" : "Women's World Cup"
  },
  "season" : {
    "season_id" : 30,
    "season_name" : "2019"
  },
  "home_team" : {
    "home_team_id" : 863,
    "home_team_name" : "Spain Women's",
    "home_team_gender" : "female",
    "home_team_group" : "B",
    "country" : {
      "id" : 214,
      "name" : "Spain"
    },
    "managers" : [ {
      "id" : 418,
      "name" : "Jorge Vilda",
      "nickname" : null,
      "dob" : "1981-07-07",
      "country" : {
        "id" : 214,
        "name" : "Spain"
      }
    } ]
  },
  "away_team" : {
    "away_team_id" : 1216,
    "away_team_name" : "South Africa Women's",
    "away_team_gender" : "female",
    "away_team_group" : "B",
    "country" : {
      "id" : 211,
      "name" : "South Africa"
    },
    "managers" : [ {
      "id" : 3925,
      "name" : "Desiree Ellis",
      "nickname" : null,
      "dob" : "1963-03-14",
      "country" : {
        "id" : 211,
        "name" : "South Africa"
      }
    } ]
  },
  "home_score" : 3,
  "away_score" : 1,
  "match_status" : "available",
  "match_status_360" : "scheduled",
  "last_updated" : "2023-07-24T21:45:04.962276",
  "last_updated_360" : "2021-06-13T16:17:31.694",
  "metadata" : {
    "data_version" : "1.1.0",
    "shot_fidelity_version" : "2",
    "xy_fidelity_version" : "2"
  },
  "match_week" : 1,
  "competition_stage" : {
    "id" : 1,
    "name" : "Regular Season"
  },
  "stadium" : {
    "id" : 230,
    "name" : "Stade Océane",
    "country" : {
      "id" : 78,
      "name" : "France"
    }
  }
}, {
  "match_id" : 22934,
  "match_date" : "2019-06-09",
  "kick_off" : "15:30:00.000",
  "competition" : {
    "competition_id" : 72,
    "country_name" : "International",
    "competition_name" : "Women's World Cup"
  },
  "season" : {
    "season_id" : 30,
    "season_name" : "2019"
  },
  "home_team" : {
    "home_team_id" : 1203,
    "home_team_name" : "Brazil Women's",
    "home_team_gender" : "female",
    "home_team_group" : "C",
    "country" : {
      "id" : 31,
      "name" : "Brazil"
    },
    "managers" : [ {
      "id" : 3540,
      "name" : "Oswaldo Fumeiro Alvarez",
      "nickname" : null,
      "dob" : "1956-08-21",
      "country" : {
        "id" : 31,
        "name" : "Brazil"
      }
    } ]
  },
  "away_team" : {
    "away_team_id" : 1212,
    "away_team_name" : "Jamaica Women's",
    "away_team_gender" : "female",
    "away_team_group" : "C",
    "country" : {
      "id" : 113,
      "name" : "Jamaica"
    },
    "managers" : [ {
      "id" : 4243,
      "name" : "Hue Menzies",
      "nickname" : null,
      "dob" : "1964-03-10",
      "country" : {
        "id" : 113,
        "name" : "Jamaica"
      }
    } ]
  },
  "home_score" : 3,
  "away_score" : 0,
  "match_status" : "available",
  "match_status_360" : "scheduled",
  "last_updated" : "2023-07-25T05:53:26.656006",
  "last_updated_360" : "2021-06-13T16:17:31.694",
  "metadata" : {
    "data_version" : "1.1.0",
    "shot_fidelity_version" : "2",
    "xy_fidelity_version" : "2"
  },
  "match_week" : 1,
  "competition_stage" : {
    "id" : 1,
    "name" : "Regular Season"
  },
  "stadium" : {
    "id" : 455,
    "name" : "Stade des Alpes",
    "country" : {
      "id" : 78,
      "name" : "France"
    }
  },
  "referee" : {
    "id" : 990,
    "name" : "Riem Hussein",
    "country" : {
      "id" : 85,
      "name" : "Germany"
    }
  }
}, {
  "match_id" : 22939,
  "match_date" : "2019-06-10",
  "kick_off" : "21:00:00.000",
  "competition" : {
    "competition_id" : 72,
    "country_name" : "International",
    "competition_name" : "Women's World Cup"
  },
  "season" : {
    "season_id" : 30,
    "season_name" : "2019"
  },
  "home_team" : {
    "home_team_id" : 1206,
    "home_team_name" : "Canada Women's",
    "home_team_gender" : "female",
    "home_team_group" : "E",
    "country" : {
      "id" : 40,
      "name" : "Canada"
    },
    "managers" : [ {
      "id" : 172,
      "name" : "Kenneth Heiner-Møller",
      "nickname" : null,
      "dob" : "1971-01-17",
      "country" : {
        "id" : 61,
        "name" : "Denmark"
      }
    } ]
  },
  "away_team" : {
    "away_team_id" : 1208,
    "away_team_name" : "Cameroon Women's",
    "away_team_gender" : "female",
    "away_team_group" : "E",
    "country" : {
      "id" : 39,
      "name" : "Cameroon"
    },
    "managers" : [ {
      "id" : 4350,
      "name" : "Alain Djeumfa",
      "nickname" : null,
      "dob" : "1972-07-30",
      "country" : {
        "id" : 39,
        "name" : "Cameroon"
      }
    } ]
  },
  "home_score" : 1,
  "away_score" : 0,
  "match_status" : "available",
  "match_status_360" : "scheduled",
  "last_updated" : "2023-04-07T08:59:30.434065",
  "last_updated_360" : "2021-06-13T16:17:31.694",
  "metadata" : {
    "data_version" : "1.1.0",
    "shot_fidelity_version" : "2",
    "xy_fidelity_version" : "2"
  },
  "match_week" : 1,
  "competition_stage" : {
    "id" : 1,
    "name" : "Regular Season"
  },
  "stadium" : {
    "id" : 165,
    "name" : "Stade de la Mosson ",
    "country" : {
      "id" : 78,
      "name" : "France"
    }
  },
  "referee" : {
    "id" : 1951,
    "name" : "Ok Ri-Hyang",
    "country" : {
      "id" : 120,
      "name" : "Korea (North)"
    }
  }
}, {
  "match_id" : 69202,
  "match_date" : "2019-06-28",
  "kick_off" : "21:00:00.000",
  "competition" : {
    "competition_id" : 72,
    "country_name" : "International",
    "competition_name" : "Women's World Cup"
  },
  "season" : {
    "season_id" : 30,
    "season_name" : "2019"
  },
  "home_team" : {
    "home_team_id" : 861,
    "home_team_name" : "France Women's",
    "home_team_gender" : "female",
    "home_team_group" : "A",
    "country" : {
      "id" : 78,
      "name" : "France"
    },
    "managers" : [ {
      "id" : 500,
      "name" : "Corinne Catherine Diacre",
      "nickname" : null,
      "dob" : "1974-08-04",
      "country" : {
        "id" : 78,
        "name" : "France"
      }
    } ]
  },
  "away_team" : {
    "away_team_id" : 1214,
    "away_team_name" : "United States Women's",
    "away_team_gender" : "female",
    "away_team_group" : "F",
    "country" : {
      "id" : 241,
      "name" : "United States of America"
    },
    "managers" : [ {
      "id" : 2975,
      "name" : "Jillian Ellis",
      "nickname" : null,
      "dob" : "1966-09-06",
      "country" : {
        "id" : 241,
        "name" : "United States of America"
      }
    } ]
  },
  "home_score" : 1,
  "away_score" : 2,
  "match_status" : "available",
  "match_status_360" : "scheduled",
  "last_updated" : "2023-07-24T21:48:33.696274",
  "last_updated_360" : "2021-06-13T16:17:31.694",
  "metadata" : {
    "data_version" : "1.1.0",
    "shot_fidelity_version" : "2",
    "xy_fidelity_version" : "2"
  },
  "match_week" : 5,
  "competition_stage" : {
    "id" : 1,
    "name" : "Regular Season"
  },
  "stadium" : {
    "id" : 154,
    "name" : "Parc des Princes ",
    "country" : {
      "id" : 78,
      "name" : "France"
    }
  },
  "referee" : {
    "id" : 374,
    "name" : "Kateryna Monzul",
    "country" : {
      "id" : 238,
      "name" : "Ukraine"
    }
  }
}, {
  "match_id" : 22942,
  "match_date" : "2019-06-11",
  "kick_off" : "15:00:00.000",
  "competition" : {
    "competition_id" : 72,
    "country_name" : "International",
    "competition_name" : "Women's World Cup"
  },
  "season" : {
    "season_id" : 30,
    "season_name" : "2019"
  },
  "home_team" : {
    "home_team_id" : 1215,
    "home_team_name" : "New Zealand Women's",
    "home_team_gender" : "female",
    "home_team_group" : "E",
    "country" : {
      "id" : 163,
      "name" : "New Zealand"
    },
    "managers" : [ {
      "id" : 130,
      "name" : "Tom Sermanni",
      "nickname" : null,
      "dob" : "1954-07-01",
      "country" : {
        "id" : 201,
        "name" : "Scotland"
      }
    } ]
  },
  "away_team" : {
    "away_team_id" : 851,
    "away_team_name" : "Netherlands Women's",
    "away_team_gender" : "female",
    "away_team_group" : "E",
    "country" : {
      "id" : 160,
      "name" : "Netherlands"
    },
    "managers" : [ {
      "id" : 45,
      "name" : "Sarina Glotzbach-Wiegman",
      "nickname" : "Sarina Wiegman",
      "dob" : "1969-10-26",
      "country" : {
        "id" : 160,
        "name" : "Netherlands"
      }
    } ]
  },
  "home_score" : 0,
  "away_score" : 1,
  "match_status" : "available",
  "match_status_360" : "scheduled",
  "last_updated" : "2023-07-24T21:41:04.537504",
  "last_updated_360" : "2021-06-13T16:17:31.694",
  "metadata" : {
    "data_version" : "1.1.0",
    "shot_fidelity_version" : "2",
    "xy_fidelity_version" : "2"
  },
  "match_week" : 1,
  "competition_stage" : {
    "id" : 1,
    "name" : "Regular Season"
  },
  "stadium" : {
    "id" : 230,
    "name" : "Stade Océane",
    "country" : {
      "id" : 78,
      "name" : "France"
    }
  }
}, {
  "match_id" : 22948,
  "match_date" : "2019-06-12",
  "kick_off" : "21:00:00.000",
  "competition" : {
    "competition_id" : 72,
    "country_name" : "International",
    "competition_name" : "Women's World Cup"
  },
  "season" : {
    "season_id" : 30,
    "season_name" : "2019"
  },
  "home_team" : {
    "home_team_id" : 861,
    "home_team_name" : "France Women's",
    "home_team_gender" : "female",
    "home_team_group" : "A",
    "country" : {
      "id" : 78,
      "name" : "France"
    },
    "managers" : [ {
      "id" : 500,
      "name" : "Corinne Catherine Diacre",
      "nickname" : null,
      "dob" : "1974-08-04",
      "country" : {
        "id" : 78,
        "name" : "France"
      }
    } ]
  },
  "away_team" : {
    "away_team_id" : 852,
    "away_team_name" : "Norway Women's",
    "away_team_gender" : "female",
    "away_team_group" : "A",
    "country" : {
      "id" : 171,
      "name" : "Norway"
    },
    "managers" : [ {
      "id" : 764,
      "name" : "Martin Sjögren",
      "nickname" : null,
      "dob" : "1977-04-27",
      "country" : {
        "id" : 220,
        "name" : "Sweden"
      }
    } ]
  },
  "home_score" : 2,
  "away_score" : 1,
  "match_status" : "available",
  "match_status_360" : "scheduled",
  "last_updated" : "2023-07-24T21:47:34.093997",
  "last_updated_360" : "2021-06-13T16:17:31.694",
  "metadata" : {
    "data_version" : "1.1.0",
    "shot_fidelity_version" : "2",
    "xy_fidelity_version" : "2"
  },
  "match_week" : 2,
  "competition_stage" : {
    "id" : 1,
    "name" : "Regular Season"
  },
  "stadium" : {
    "id" : 162,
    "name" : "Allianz Riviera ",
    "country" : {
      "id" : 78,
      "name" : "France"
    }
  }
}, {
  "match_id" : 22955,
  "match_date" : "2019-06-13",
  "kick_off" : "18:00:00.000",
  "competition" : {
    "competition_id" : 72,
    "country_name" : "International",
    "competition_name" : "Women's World Cup"
  },
  "season" : {
    "season_id" : 30,
    "season_name" : "2019"
  },
  "home_team" : {
    "home_team_id" : 1205,
    "home_team_name" : "Australia Women's",
    "home_team_gender" : "female",
    "home_team_group" : "C",
    "country" : {
      "id" : 14,
      "name" : "Australia"
    },
    "managers" : [ {
      "id" : 3541,
      "name" : "Ante Milicic",
      "nickname" : null,
      "dob" : "1974-04-04",
      "country" : {
        "id" : 14,
        "name" : "Australia"
      }
    } ]
  },
  "away_team" : {
    "away_team_id" : 1203,
    "away_team_name" : "Brazil Women's",
    "away_team_gender" : "female",
    "away_team_group" : "C",
    "country" : {
      "id" : 31,
      "name" : "Brazil"
    },
    "managers" : [ {
      "id" : 3540,
      "name" : "Oswaldo Fumeiro Alvarez",
      "nickname" : null,
      "dob" : "1956-08-21",
      "country" : {
        "id" : 31,
        "name" : "Brazil"
      }
    } ]
  },
  "home_score" : 3,
  "away_score" : 2,
  "match_status" : "available",
  "match_status_360" : "scheduled",
  "last_updated" : "2023-07-24T21:39:51.815887",
  "last_updated_360" : "2021-06-13T16:17:31.694",
  "metadata" : {
    "data_version" : "1.1.0",
    "shot_fidelity_version" : "2",
    "xy_fidelity_version" : "2"
  },
  "match_week" : 2,
  "competition_stage" : {
    "id" : 1,
    "name" : "Regular Season"
  },
  "stadium" : {
    "id" : 165,
    "name" : "Stade de la Mosson ",
    "country" : {
      "id" : 78,
      "name" : "France"
    }
  },
  "referee" : {
    "id" : 723,
    "name" : "Esther Staubli",
    "country" : {
      "id" : 221,
      "name" : "Switzerland"
    }
  }
}, {
  "match_id" : 22962,
  "match_date" : "2019-06-14",
  "kick_off" : "21:00:00.000",
  "competition" : {
    "competition_id" : 72,
    "country_name" : "International",
    "competition_name" : "Women's World Cup"
  },
  "season" : {
    "season_id" : 30,
    "season_name" : "2019"
  },
  "home_team" : {
    "home_team_id" : 865,
    "home_team_name" : "England Women's",
    "home_team_gender" : "female",
    "home_team_group" : "D",
    "country" : {
      "id" : 68,
      "name" : "England"
    },
    "managers" : [ {
      "id" : 3464,
      "name" : "Phil Neville",
      "nickname" : null,
      "dob" : "1977-01-21",
      "country" : {
        "id" : 68,
        "name" : "England"
      }
    } ]
  },
  "away_team" : {
    "away_team_id" : 1204,
    "away_team_name" : "Argentina Women's",
    "away_team_gender" : "female",
    "away_team_group" : "D",
    "country" : {
      "id" : 11,
      "name" : "Argentina"
    },
    "managers" : [ {
      "id" : 3447,
      "name" : "José Carlos Borrello",
      "nickname" : null,
      "dob" : "1955-09-12",
      "country" : {
        "id" : 11,
        "name" : "Argentina"
      }
    } ]
  },
  "home_score" : 1,
  "away_score" : 0,
  "match_status" : "available",
  "match_status_360" : "scheduled",
  "last_updated" : "2023-07-24T21:42:27.784560",
  "last_updated_360" : "2021-06-13T16:17:31.694",
  "metadata" : {
    "data_version" : "1.1.0",
    "shot_fidelity_version" : "2",
    "xy_fidelity_version" : "2"
  },
  "match_week" : 2,
  "competition_stage" : {
    "id" : 1,
    "name" : "Regular Season"
  },
  "stadium" : {
    "id" : 230,
    "name" : "Stade Océane",
    "country" : {
      "id" : 78,
      "name" : "France"
    }
  }
}, {
  "match_id" : 22980,
  "match_date" : "2019-06-17",
  "kick_off" : "21:00:00.000",
  "competition" : {
    "competition_id" : 72,
    "country_name" : "International",
    "competition_name" : "Women's World Cup"
  },
  "season" : {
    "season_id" : 30,
    "season_name" : "2019"
  },
  "home_team" : {
    "home_team_id" : 1213,
    "home_team_name" : "Nigeria Women's",
    "home_team_gender" : "female",
    "home_team_group" : "A",
    "country" : {
      "id" : 166,
      "name" : "Nigeria"
    },
    "managers" : [ {
      "id" : 4553,
      "name" : "Thomas Dennerby",
      "nickname" : null,
      "dob" : "1959-08-13",
      "country" : {
        "id" : 220,
        "name" : "Sweden"
      }
    } ]
  },
  "away_team" : {
    "away_team_id" : 861,
    "away_team_name" : "France Women's",
    "away_team_gender" : "female",
    "away_team_group" : "A",
    "country" : {
      "id" : 78,
      "name" : "France"
    },
    "managers" : [ {
      "id" : 500,
      "name" : "Corinne Catherine Diacre",
      "nickname" : null,
      "dob" : "1974-08-04",
      "country" : {
        "id" : 78,
        "name" : "France"
      }
    } ]
  },
  "home_score" : 0,
  "away_score" : 1,
  "match_status" : "available",
  "match_status_360" : "scheduled",
  "last_updated" : "2023-07-24T21:41:04.526244",
  "last_updated_360" : "2021-06-13T16:17:31.694",
  "metadata" : {
    "data_version" : "1.1.0",
    "shot_fidelity_version" : "2",
    "xy_fidelity_version" : "2"
  },
  "match_week" : 3,
  "competition_stage" : {
    "id" : 1,
    "name" : "Regular Season"
  },
  "stadium" : {
    "id" : 166,
    "name" : "Roazhon Park",
    "country" : {
      "id" : 78,
      "name" : "France"
    }
  },
  "referee" : {
    "id" : 1626,
    "name" : "Melissa Paola Borjas Pastrana",
    "country" : {
      "id" : 101,
      "name" : "Honduras"
    }
  }
}, {
  "match_id" : 22984,
  "match_date" : "2019-06-17",
  "kick_off" : "18:00:00.000",
  "competition" : {
    "competition_id" : 72,
    "country_name" : "International",
    "competition_name" : "Women's World Cup"
  },
  "season" : {
    "season_id" : 30,
    "season_name" : "2019"
  },
  "home_team" : {
    "home_team_id" : 1216,
    "home_team_name" : "South Africa Women's",
    "home_team_gender" : "female",
    "home_team_group" : "B",
    "country" : {
      "id" : 211,
      "name" : "South Africa"
    },
    "managers" : [ {
      "id" : 3925,
      "name" : "Desiree Ellis",
      "nickname" : null,
      "dob" : "1963-03-14",
      "country" : {
        "id" : 211,
        "name" : "South Africa"
      }
    } ]
  },
  "away_team" : {
    "away_team_id" : 857,
    "away_team_name" : "Germany Women's",
    "away_team_gender" : "female",
    "away_team_group" : "B",
    "country" : {
      "id" : 85,
      "name" : "Germany"
    },
    "managers" : [ {
      "id" : 53,
      "name" : "Martina Voss-Tecklenburg",
      "nickname" : null,
      "dob" : "1967-12-22",
      "country" : {
        "id" : 85,
        "name" : "Germany"
      }
    } ]
  },
  "home_score" : 0,
  "away_score" : 4,
  "match_status" : "available",
  "match_status_360" : "scheduled",
  "last_updated" : "2023-07-24T21:45:26.048337",
  "last_updated_360" : "2021-06-13T16:17:31.694",
  "metadata" : {
    "data_version" : "1.1.0",
    "shot_fidelity_version" : "2",
    "xy_fidelity_version" : "2"
  },
  "match_week" : 3,
  "competition_stage" : {
    "id" : 1,
    "name" : "Regular Season"
  },
  "stadium" : {
    "id" : 165,
    "name" : "Stade de la Mosson ",
    "country" : {
      "id" : 78,
      "name" : "France"
    }
  },
  "referee" : {
    "id" : 971,
    "name" : "Sandra Braz Bastos",
    "country" : {
      "id" : 183,
      "name" : "Portugal"
    }
  }
}, {
  "match_id" : 68338,
  "match_date" : "2019-06-19",
  "kick_off" : "21:00:00.000",
  "competition" : {
    "competition_id" : 72,
    "country_name" : "International",
    "competition_name" : "Women's World Cup"
  },
  "season" : {
    "season_id" : 30,
    "season_name" : "2019"
  },
  "home_team" : {
    "home_team_id" : 866,
    "home_team_name" : "Scotland Women's",
    "home_team_gender" : "female",
    "home_team_group" : "D",
    "country" : {
      "id" : 201,
      "name" : "Scotland"
    },
    "managers" : [ {
      "id" : 3445,
      "name" : "Michelle \"Shelley\" Kerr",
      "nickname" : "Shelley Kerr",
      "dob" : "1969-10-15",
      "country" : {
        "id" : 201,
        "name" : "Scotland"
      }
    } ]
  },
  "away_team" : {
    "away_team_id" : 1204,
    "away_team_name" : "Argentina Women's",
    "away_team_gender" : "female",
    "away_team_group" : "D",
    "country" : {
      "id" : 11,
      "name" : "Argentina"
    },
    "managers" : [ {
      "id" : 3447,
      "name" : "José Carlos Borrello",
      "nickname" : null,
      "dob" : "1955-09-12",
      "country" : {
        "id" : 11,
        "name" : "Argentina"
      }
    } ]
  },
  "home_score" : 3,
  "away_score" : 3,
  "match_status" : "available",
  "match_status_360" : "scheduled",
  "last_updated" : "2023-07-24T21:39:45.551805",
  "last_updated_360" : "2021-06-13T16:17:31.694",
  "metadata" : {
    "data_version" : "1.1.0",
    "shot_fidelity_version" : "2",
    "xy_fidelity_version" : "2"
  },
  "match_week" : 3,
  "competition_stage" : {
    "id" : 1,
    "name" : "Regular Season"
  },
  "stadium" : {
    "id" : 154,
    "name" : "Parc des Princes ",
    "country" : {
      "id" : 78,
      "name" : "France"
    }
  },
  "referee" : {
    "id" : 1951,
    "name" : "Ok Ri-Hyang",
    "country" : {
      "id" : 120,
      "name" : "Korea (North)"
    }
  }
}, {
  "match_id" : 68343,
  "match_date" : "2019-06-20",
  "kick_off" : "21:00:00.000",
  "competition" : {
    "competition_id" : 72,
    "country_name" : "International",
    "competition_name" : "Women's World Cup"
  },
  "season" : {
    "season_id" : 30,
    "season_name" : "2019"
  },
  "home_team" : {
    "home_team_id" : 1107,
    "home_team_name" : "Thailand Women's",
    "home_team_gender" : "female",
    "home_team_group" : "F",
    "country" : {
      "id" : 226,
      "name" : "Thailand"
    },
    "managers" : [ {
      "id" : 4390,
      "name" : "Nuengrutai Srathongvian",
      "nickname" : null,
      "dob" : "1972-01-01",
      "country" : {
        "id" : 226,
        "name" : "Thailand"
      }
    } ]
  },
  "away_team" : {
    "away_team_id" : 1209,
    "away_team_name" : "Chile Women's",
    "away_team_gender" : "female",
    "away_team_group" : "F",
    "country" : {
      "id" : 45,
      "name" : "Chile"
    },
    "managers" : [ {
      "id" : 4389,
      "name" : "José Antonio Letelier Henríquez",
      "nickname" : "José Letelier",
      "dob" : "1966-05-23",
      "country" : {
        "id" : 45,
        "name" : "Chile"
      }
    } ]
  },
  "home_score" : 0,
  "away_score" : 2,
  "match_status" : "available",
  "match_status_360" : "scheduled",
  "last_updated" : "2023-07-24T21:42:46.453848",
  "last_updated_360" : "2021-06-13T16:17:31.694",
  "metadata" : {
    "data_version" : "1.1.0",
    "shot_fidelity_version" : "2",
    "xy_fidelity_version" : "2"
  },
  "match_week" : 3,
  "competition_stage" : {
    "id" : 1,
    "name" : "Regular Season"
  },
  "stadium" : {
    "id" : 166,
    "name" : "Roazhon Park",
    "country" : {
      "id" : 78,
      "name" : "France"
    }
  }
}, {
  "match_id" : 68362,
  "match_date" : "2019-06-23",
  "kick_off" : "17:30:00.000",
  "competition" : {
    "competition_id" : 72,
    "country_name" : "International",
    "competition_name" : "Women's World Cup"
  },
  "season" : {
    "season_id" : 30,
    "season_name" : "2019"
  },
  "home_team" : {
    "home_team_id" : 865,
    "home_team_name" : "England Women's",
    "home_team_gender" : "female",
    "home_team_group" : "D",
    "country" : {
      "id" : 68,
      "name" : "England"
    },
    "managers" : [ {
      "id" : 3464,
      "name" : "Phil Neville",
      "nickname" : null,
      "dob" : "1977-01-21",
      "country" : {
        "id" : 68,
        "name" : "England"
      }
    } ]
  },
  "away_team" : {
    "away_team_id" : 1208,
    "away_team_name" : "Cameroon Women's",
    "away_team_gender" : "female",
    "away_team_group" : "E",
    "country" : {
      "id" : 39,
      "name" : "Cameroon"
    },
    "managers" : [ {
      "id" : 4350,
      "name" : "Alain Djeumfa",
      "nickname" : null,
      "dob" : "1972-07-30",
      "country" : {
        "id" : 39,
        "name" : "Cameroon"
      }
    } ]
  },
  "home_score" : 3,
  "away_score" : 0,
  "match_status" : "available",
  "match_status_360" : "scheduled",
  "last_updated" : "2023-07-24T21:43:42.859527",
  "last_updated_360" : "2021-06-13T16:17:31.694",
  "metadata" : {
    "data_version" : "1.1.0",
    "shot_fidelity_version" : "2",
    "xy_fidelity_version" : "2"
  },
  "match_week" : 4,
  "competition_stage" : {
    "id" : 33,
    "name" : "Round of 16"
  },
  "stadium" : {
    "id" : 231,
    "name" : "Stade du Hainaut",
    "country" : {
      "id" : 78,
      "name" : "France"
    }
  }
}, {
  "match_id" : 69191,
  "match_date" : "2019-06-25",
  "kick_off" : "18:00:00.000",
  "competition" : {
    "competition_id" : 72,
    "country_name" : "International",
    "competition_name" : "Women's World Cup"
  },
  "season" : {
    "season_id" : 30,
    "season_name" : "2019"
  },
  "home_team" : {
    "home_team_id" : 855,
    "home_team_name" : "Italy Women's",
    "home_team_gender" : "female",
    "home_team_group" : "C",
    "country" : {
      "id" : 112,
      "name" : "Italy"
    },
    "managers" : [ {
      "id" : 4085,
      "name" : "Milena Bertolini",
      "nickname" : null,
      "dob" : "1966-06-24",
      "country" : {
        "id" : 112,
        "name" : "Italy"
      }
    } ]
  },
  "away_team" : {
    "away_team_id" : 1207,
    "away_team_name" : "China PR Women's",
    "away_team_gender" : "female",
    "away_team_group" : "B",
    "country" : {
      "id" : 46,
      "name" : "China"
    },
    "managers" : [ {
      "id" : 3955,
      "name" : "Xiuquan Jia",
      "nickname" : "Jia Xiuquan",
      "dob" : "1963-11-09",
      "country" : {
        "id" : 46,
        "name" : "China"
      }
    } ]
  },
  "home_score" : 2,
  "away_score" : 0,
  "match_status" : "available",
  "match_status_360" : "scheduled",
  "last_updated" : "2023-07-24T21:47:13.414218",
  "last_updated_360" : "2021-06-13T16:17:31.694",
  "metadata" : {
    "data_version" : "1.1.0",
    "shot_fidelity_version" : "2",
    "xy_fidelity_version" : "2"
  },
  "match_week" : 4,
  "competition_stage" : {
    "id" : 33,
    "name" : "Round of 16"
  },
  "stadium" : {
    "id" : 165,
    "name" : "Stade de la Mosson ",
    "country" : {
      "id" : 78,
      "name" : "France"
    }
  }
}, {
  "match_id" : 69188,
  "match_date" : "2019-06-25",
  "kick_off" : "21:00:00.000",
  "competition" : {
    "competition_id" : 72,
    "country_name" : "International",
    "competition_name" : "Women's World Cup"
  },
  "season" : {
    "season_id" : 30,
    "season_name" : "2019"
  },
  "home_team" : {
    "home_team_id" : 851,
    "home_team_name" : "Netherlands Women's",
    "home_team_gender" : "female",
    "home_team_group" : "E",
    "country" : {
      "id" : 160,
      "name" : "Netherlands"
    },
    "managers" : [ {
      "id" : 45,
      "name" : "Sarina Glotzbach-Wiegman",
      "nickname" : "Sarina Wiegman",
      "dob" : "1969-10-26",
      "country" : {
        "id" : 160,
        "name" : "Netherlands"
      }
    } ]
  },
  "away_team" : {
    "away_team_id" : 1210,
    "away_team_name" : "Japan Women's",
    "away_team_gender" : "female",
    "away_team_group" : "D",
    "country" : {
      "id" : 114,
      "name" : "Japan"
    },
    "managers" : [ {
      "id" : 4043,
      "name" : "Asako Takemoto Takakura",
      "nickname" : "Asako Takakura",
      "dob" : "1968-04-19",
      "country" : {
        "id" : 114,
        "name" : "Japan"
      }
    } ]
  },
  "home_score" : 2,
  "away_score" : 1,
  "match_status" : "available",
  "match_status_360" : "scheduled",
  "last_updated" : "2023-07-24T21:46:18.506748",
  "last_updated_360" : "2021-06-13T16:17:31.694",
  "metadata" : {
    "data_version" : "1.1.0",
    "shot_fidelity_version" : "2",
    "xy_fidelity_version" : "2"
  },
  "match_week" : 4,
  "competition_stage" : {
    "id" : 33,
    "name" : "Round of 16"
  },
  "stadium" : {
    "id" : 166,
    "name" : "Roazhon Park",
    "country" : {
      "id" : 78,
      "name" : "France"
    }
  },
  "referee" : {
    "id" : 1626,
    "name" : "Melissa Paola Borjas Pastrana",
    "country" : {
      "id" : 101,
      "name" : "Honduras"
    }
  }
}, {
  "match_id" : 69199,
  "match_date" : "2019-06-27",
  "kick_off" : "21:00:00.000",
  "competition" : {
    "competition_id" : 72,
    "country_name" : "International",
    "competition_name" : "Women's World Cup"
  },
  "season" : {
    "season_id" : 30,
    "season_name" : "2019"
  },
  "home_team" : {
    "home_team_id" : 852,
    "home_team_name" : "Norway Women's",
    "home_team_gender" : "female",
    "home_team_group" : "A",
    "country" : {
      "id" : 171,
      "name" : "Norway"
    },
    "managers" : [ {
      "id" : 764,
      "name" : "Martin Sjögren",
      "nickname" : null,
      "dob" : "1977-04-27",
      "country" : {
        "id" : 220,
        "name" : "Sweden"
      }
    } ]
  },
  "away_team" : {
    "away_team_id" : 865,
    "away_team_name" : "England Women's",
    "away_team_gender" : "female",
    "away_team_group" : "D",
    "country" : {
      "id" : 68,
      "name" : "England"
    },
    "managers" : [ {
      "id" : 3464,
      "name" : "Phil Neville",
      "nickname" : null,
      "dob" : "1977-01-21",
      "country" : {
        "id" : 68,
        "name" : "England"
      }
    } ]
  },
  "home_score" : 0,
  "away_score" : 3,
  "match_status" : "available",
  "match_status_360" : "scheduled",
  "last_updated" : "2023-07-24T21:48:06.945119",
  "last_updated_360" : "2021-06-13T16:17:31.694",
  "metadata" : {
    "data_version" : "1.1.0",
    "shot_fidelity_version" : "2",
    "xy_fidelity_version" : "2"
  },
  "match_week" : 5,
  "competition_stage" : {
    "id" : 1,
    "name" : "Regular Season"
  },
  "stadium" : {
    "id" : 230,
    "name" : "Stade Océane",
    "country" : {
      "id" : 78,
      "name" : "France"
    }
  },
  "referee" : {
    "id" : 1638,
    "name" : "Lucila Venegas Montes",
    "country" : {
      "id" : 147,
      "name" : "Mexico"
    }
  }
}, {
  "match_id" : 69258,
  "match_date" : "2019-07-02",
  "kick_off" : "21:00:00.000",
  "competition" : {
    "competition_id" : 72,
    "country_name" : "International",
    "competition_name" : "Women's World Cup"
  },
  "season" : {
    "season_id" : 30,
    "season_name" : "2019"
  },
  "home_team" : {
    "home_team_id" : 865,
    "home_team_name" : "England Women's",
    "home_team_gender" : "female",
    "home_team_group" : null,
    "country" : {
      "id" : 68,
      "name" : "England"
    },
    "managers" : [ {
      "id" : 3464,
      "name" : "Phil Neville",
      "nickname" : null,
      "dob" : "1977-01-21",
      "country" : {
        "id" : 68,
        "name" : "England"
      }
    } ]
  },
  "away_team" : {
    "away_team_id" : 1214,
    "away_team_name" : "United States Women's",
    "away_team_gender" : "female",
    "away_team_group" : null,
    "country" : {
      "id" : 241,
      "name" : "United States of America"
    },
    "managers" : [ {
      "id" : 2975,
      "name" : "Jillian Ellis",
      "nickname" : null,
      "dob" : "1966-09-06",
      "country" : {
        "id" : 241,
        "name" : "United States of America"
      }
    } ]
  },
  "home_score" : 1,
  "away_score" : 2,
  "match_status" : "available",
  "match_status_360" : "scheduled",
  "last_updated" : "2023-07-27T10:32:52.092920",
  "last_updated_360" : "2021-06-13T16:17:31.694",
  "metadata" : {
    "data_version" : "1.1.0",
    "shot_fidelity_version" : "2",
    "xy_fidelity_version" : "2"
  },
  "match_week" : 6,
  "competition_stage" : {
    "id" : 15,
    "name" : "Semi-finals"
  },
  "stadium" : {
    "id" : 193,
    "name" : "Groupama Stadium",
    "country" : {
      "id" : 78,
      "name" : "France"
    }
  }
}, {
  "match_id" : 69284,
  "match_date" : "2019-07-03",
  "kick_off" : "21:00:00.000",
  "competition" : {
    "competition_id" : 72,
    "country_name" : "International",
    "competition_name" : "Women's World Cup"
  },
  "season" : {
    "season_id" : 30,
    "season_name" : "2019"
  },
  "home_team" : {
    "home_team_id" : 851,
    "home_team_name" : "Netherlands Women's",
    "home_team_gender" : "female",
    "home_team_group" : null,
    "country" : {
      "id" : 160,
      "name" : "Netherlands"
    },
    "managers" : [ {
      "id" : 45,
      "name" : "Sarina Glotzbach-Wiegman",
      "nickname" : "Sarina Wiegman",
      "dob" : "1969-10-26",
      "country" : {
        "id" : 160,
        "name" : "Netherlands"
      }
    } ]
  },
  "away_team" : {
    "away_team_id" : 858,
    "away_team_name" : "Sweden Women's",
    "away_team_gender" : "female",
    "away_team_group" : null,
    "country" : {
      "id" : 220,
      "name" : "Sweden"
    },
    "managers" : [ {
      "id" : 3016,
      "name" : "Peter Gerhardsson",
      "nickname" : null,
      "dob" : "1959-08-22",
      "country" : {
        "id" : 220,
        "name" : "Sweden"
      }
    } ]
  },
  "home_score" : 1,
  "away_score" : 0,
  "match_status" : "available",
  "match_status_360" : "scheduled",
  "last_updated" : "2023-07-24T21:53:19.994655",
  "last_updated_360" : "2021-06-13T16:17:31.694",
  "metadata" : {
    "data_version" : "1.1.0",
    "shot_fidelity_version" : "2",
    "xy_fidelity_version" : "2"
  },
  "match_week" : 6,
  "competition_stage" : {
    "id" : 15,
    "name" : "Semi-finals"
  },
  "stadium" : {
    "id" : 193,
    "name" : "Groupama Stadium",
    "country" : {
      "id" : 78,
      "name" : "France"
    }
  },
  "referee" : {
    "id" : 1627,
    "name" : "Marie-Soleil Beaudoin",
    "country" : {
      "id" : 40,
      "name" : "Canada"
    }
  }
}, {
  "match_id" : 69205,
  "match_date" : "2019-06-29",
  "kick_off" : "15:00:00.000",
  "competition" : {
    "competition_id" : 72,
    "country_name" : "International",
    "competition_name" : "Women's World Cup"
  },
  "season" : {
    "season_id" : 30,
    "season_name" : "2019"
  },
  "home_team" : {
    "home_team_id" : 855,
    "home_team_name" : "Italy Women's",
    "home_team_gender" : "female",
    "home_team_group" : "C",
    "country" : {
      "id" : 112,
      "name" : "Italy"
    },
    "managers" : [ {
      "id" : 4085,
      "name" : "Milena Bertolini",
      "nickname" : null,
      "dob" : "1966-06-24",
      "country" : {
        "id" : 112,
        "name" : "Italy"
      }
    } ]
  },
  "away_team" : {
    "away_team_id" : 851,
    "away_team_name" : "Netherlands Women's",
    "away_team_gender" : "female",
    "away_team_group" : "E",
    "country" : {
      "id" : 160,
      "name" : "Netherlands"
    },
    "managers" : [ {
      "id" : 45,
      "name" : "Sarina Glotzbach-Wiegman",
      "nickname" : "Sarina Wiegman",
      "dob" : "1969-10-26",
      "country" : {
        "id" : 160,
        "name" : "Netherlands"
      }
    } ]
  },
  "home_score" : 0,
  "away_score" : 2,
  "match_status" : "available",
  "match_status_360" : "scheduled",
  "last_updated" : "2023-07-24T21:50:29.191689",
  "last_updated_360" : "2021-06-13T16:17:31.694",
  "metadata" : {
    "data_version" : "1.1.0",
    "shot_fidelity_version" : "2",
    "xy_fidelity_version" : "2"
  },
  "match_week" : 5,
  "competition_stage" : {
    "id" : 1,
    "name" : "Regular Season"
  },
  "stadium" : {
    "id" : 231,
    "name" : "Stade du Hainaut",
    "country" : {
      "id" : 78,
      "name" : "France"
    }
  },
  "referee" : {
    "id" : 1632,
    "name" : "Claudia Umpiérrez",
    "country" : {
      "id" : 242,
      "name" : "Uruguay"
    }
  }
}, {
  "match_id" : 69161,
  "match_date" : "2019-06-24",
  "kick_off" : "18:00:00.000",
  "competition" : {
    "competition_id" : 72,
    "country_name" : "International",
    "competition_name" : "Women's World Cup"
  },
  "season" : {
    "season_id" : 30,
    "season_name" : "2019"
  },
  "home_team" : {
    "home_team_id" : 863,
    "home_team_name" : "Spain Women's",
    "home_team_gender" : "female",
    "home_team_group" : "B",
    "country" : {
      "id" : 214,
      "name" : "Spain"
    },
    "managers" : [ {
      "id" : 418,
      "name" : "Jorge Vilda",
      "nickname" : null,
      "dob" : "1981-07-07",
      "country" : {
        "id" : 214,
        "name" : "Spain"
      }
    } ]
  },
  "away_team" : {
    "away_team_id" : 1214,
    "away_team_name" : "United States Women's",
    "away_team_gender" : "female",
    "away_team_group" : "F",
    "country" : {
      "id" : 241,
      "name" : "United States of America"
    },
    "managers" : [ {
      "id" : 2975,
      "name" : "Jillian Ellis",
      "nickname" : null,
      "dob" : "1966-09-06",
      "country" : {
        "id" : 241,
        "name" : "United States of America"
      }
    } ]
  },
  "home_score" : 1,
  "away_score" : 2,
  "match_status" : "available",
  "match_status_360" : "scheduled",
  "last_updated" : "2023-07-24T21:45:21.256779",
  "last_updated_360" : "2021-06-13T16:17:31.694",
  "metadata" : {
    "data_version" : "1.1.0",
    "shot_fidelity_version" : "2",
    "xy_fidelity_version" : "2"
  },
  "match_week" : 4,
  "competition_stage" : {
    "id" : 33,
    "name" : "Round of 16"
  },
  "stadium" : {
    "id" : 232,
    "name" : "Stade Auguste-Delaune II ",
    "country" : {
      "id" : 78,
      "name" : "France"
    }
  },
  "referee" : {
    "id" : 721,
    "name" : "Katalin Kulcsar",
    "country" : {
      "id" : 103,
      "name" : "Hungary"
    }
  }
} ]