[ {
  "match_id" : 9880,
  "match_date" : "2018-04-14",
  "kick_off" : "16:15:00.000",
  "competition" : {
    "competition_id" : 11,
    "country_name" : "Spain",
    "competition_name" : "La Liga"
  },
  "season" : {
    "season_id" : 1,
    "season_name" : "2017/2018"
  },
  "home_team" : {
    "home_team_id" : 217,
    "home_team_name" : "Barcelona",
    "home_team_gender" : "male",
    "home_team_group" : null,
    "country" : {
      "id" : 214,
      "name" : "Spain"
    },
    "managers" : [ {
      "id" : 227,
      "name" : "Ernesto Valverde Tejedor",
      "nickname" : "Ernesto Valverde",
      "dob" : "1964-02-09",
      "country" : {
        "id" : 214,
        "name" : "Spain"
      }
    } ]
  },
  "away_team" : {
    "away_team_id" : 207,
    "away_team_name" : "Valencia",
    "away_team_gender" : "male",
    "away_team_group" : null,
    "country" : {
      "id" : 214,
      "name" : "Spain"
    },
    "managers" : [ {
      "id" : 211,
      "name" : "Marcelino García Toral",
      "nickname" : "Marcelino",
      "dob" : "1965-08-14",
      "country" : {
        "id" : 214,
        "name" : "Spain"
      }
    } ]
  },
  "home_score" : 2,
  "away_score" : 1,
  "match_status" : "available",
  "match_status_360" : "scheduled",
  "last_updated" : "2023-02-08T17:23:53.901920",
  "last_updated_360" : "2021-06-13T16:17:31.694",
  "metadata" : {
    "data_version" : "1.1.0",
    "shot_fidelity_version" : "2",
    "xy_fidelity_version" : "2"
  },
  "match_week" : 32,
  "competition_stage" : {
    "id" : 1,
    "name" : "Regular Season"
  },
  "stadium" : {
    "id" : 342,
    "name" : "Spotify Camp Nou",
    "country" : {
      "id" : 214,
      "name" : "Spain"
    }
  },
  "referee" : {
    "id" : 2728,
    "name" : "Carlos del Cerro Grande",
    "country" : {
      "id" : 214,
      "name" : "Spain"
    }
  }
}, {
  "match_id" : 9912,
  "match_date" : "2018-04-29",
  "kick_off" : "20:45:00.000",
  "competition" : {
    "competition_id" : 11,
    "country_name" : "Spain",
    "competition_name" : "La Liga"
  },
  "season" : {
    "season_id" : 1,
    "season_name" : "2017/2018"
  },
  "home_team" : {
    "home_team_id" : 219,
    "home_team_name" : "RC Deportivo La Coruña",
    "home_team_gender" : "male",
    "home_team_group" : null,
    "country" : {
      "id" : 214,
      "name" : "Spain"
    },
    "managers" : [ {
      "id" : 371,
      "name" : "Clarence Seedorf",
      "nickname" : null,
      "dob" : "1976-04-01",
      "country" : {
        "id" : 160,
        "name" : "Netherlands"
      }
    } ]
  },
  "away_team" : {
    "away_team_id" : 217,
    "away_team_name" : "Barcelona",
    "away_team_gender" : "male",
    "away_team_group" : null,
    "country" : {
      "id" : 214,
      "name" : "Spain"
    },
    "managers" : [ {
      "id" : 227,
      "name" : "Ernesto Valverde Tejedor",
      "nickname" : "Ernesto Valverde",
      "dob" : "1964-02-09",
      "country" : {
        "id" : 214,
        "name" : "Spain"
      }
    } ]
  },
  "home_score" : 2,
  "away_score" : 4,
  "match_status" : "available",
  "match_status_360" : "scheduled",
  "last_updated" : "2022-12-05T14:42:44.641092",
  "last_updated_360" : "2021-06-13T16:17:31.694",
  "metadata" : {
    "data_version" : "1.1.0",
    "shot_fidelity_version" : "2",
    "xy_fidelity_version" : "2"
  },
  "match_week" : 35,
  "competition_stage" : {
    "id" : 1,
    "name" : "Regular Season"
  },
  "stadium" : {
    "id" : 4658,
    "name" : "Estadio Abanca-Riazor",
    "country" : {
      "id" : 214,
      "name" : "Spain"
    }
  },
  "referee" : {
    "id" : 2602,
    "name" : "Ricardo De Burgos Bengoetxea",
    "country" : {
      "id" : 214,
      "name" : "Spain"
    }
  }
}, {
  "match_id" : 9924,
  "match_date" : "2018-05-06",
  "kick_off" : "20:45:00.000",
  "competition" : {
    "competition_id" : 11,
    "country_name" : "Spain",
    "competition_name" : "La Liga"
  },
  "season" : {
    "season_id" : 1,
    "season_name" : "2017/2018"
  },
  "home_team" : {
    "home_team_id" : 217,
    "home_team_name" : "Barcelona",
    "home_team_gender" : "male",
    "home_team_group" : null,
    "country" : {
      "id" : 214,
      "name" : "Spain"
    },
    "managers" : [ {
      "id" : 227,
      "name" : "Ernesto Valverde Tejedor",
      "nickname" : "Ernesto Valverde",
      "dob" : "1964-02-09",
      "country" : {
        "id" : 214,
        "name" : "Spain"
      }
    } ]
  },
  "away_team" : {
    "away_team_id" : 220,
    "away_team_name" : "Real Madrid",
    "away_team_gender" : "male",
    "away_team_group" : null,
    "country" : {
      "id" : 214,
      "name" : "Spain"
    },
    "managers" : [ {
      "id" : 56,
      "name" : "Zinédine Zidane",
      "nickname" : null,
      "dob" : "1972-06-23",
      "country" : {
        "id" : 78,
        "name" : "France"
      }
    } ]
  },
  "home_score" : 2,
  "away_score" : 2,
  "match_status" : "available",
  "match_status_360" : "scheduled",
  "last_updated" : "2022-12-01T03:25:12.063586",
  "last_updated_360" : "2021-06-13T16:17:31.694",
  "metadata" : {
    "data_version" : "1.1.0",
    "shot_fidelity_version" : "2",
    "xy_fidelity_version" : "2"
  },
  "match_week" : 36,
  "competition_stage" : {
    "id" : 1,
    "name" : "Regular Season"
  },
  "stadium" : {
    "id" : 342,
    "name" : "Spotify Camp Nou",
    "country" : {
      "id" : 214,
      "name" : "Spain"
    }
  },
  "referee" : {
    "id" : 2608,
    "name" : "Alejandro José Hernández Hernández",
    "country" : {
      "id" : 214,
      "name" : "Spain"
    }
  }
}, {
  "match_id" : 9855,
  "match_date" : "2018-03-18",
  "kick_off" : "16:15:00.000",
  "competition" : {
    "competition_id" : 11,
    "country_name" : "Spain",
    "competition_name" : "La Liga"
  },
  "season" : {
    "season_id" : 1,
    "season_name" : "2017/2018"
  },
  "home_team" : {
    "home_team_id" : 217,
    "home_team_name" : "Barcelona",
    "home_team_gender" : "male",
    "home_team_group" : null,
    "country" : {
      "id" : 214,
      "name" : "Spain"
    },
    "managers" : [ {
      "id" : 227,
      "name" : "Ernesto Valverde Tejedor",
      "nickname" : "Ernesto Valverde",
      "dob" : "1964-02-09",
      "country" : {
        "id" : 214,
        "name" : "Spain"
      }
    } ]
  },
  "away_team" : {
    "away_team_id" : 215,
    "away_team_name" : "Athletic Club",
    "away_team_gender" : "male",
    "away_team_group" : null,
    "country" : {
      "id" : 214,
      "name" : "Spain"
    },
    "managers" : [ {
      "id" : 210,
      "name" : "José Ángel Ziganda Lacunza",
      "nickname" : "Cuco Ziganda",
      "dob" : "1966-10-01",
      "country" : {
        "id" : 214,
        "name" : "Spain"
      }
    } ]
  },
  "home_score" : 2,
  "away_score" : 0,
  "match_status" : "available",
  "match_status_360" : "scheduled",
  "last_updated" : "2022-12-01T02:33:31.178193",
  "last_updated_360" : "2021-06-13T16:17:31.694",
  "metadata" : {
    "data_version" : "1.1.0",
    "shot_fidelity_version" : "2",
    "xy_fidelity_version" : "2"
  },
  "match_week" : 29,
  "competition_stage" : {
    "id" : 1,
    "name" : "Regular Season"
  },
  "stadium" : {
    "id" : 342,
    "name" : "Spotify Camp Nou",
    "country" : {
      "id" : 214,
      "name" : "Spain"
    }
  },
  "referee" : {
    "id" : 2575,
    "name" : "Santiago Jaime Latre",
    "country" : {
      "id" : 214,
      "name" : "Spain"
    }
  }
}, {
  "match_id" : 9827,
  "match_date" : "2018-03-01",
  "kick_off" : "21:00:00.000",
  "competition" : {
    "competition_id" : 11,
    "country_name" : "Spain",
    "competition_name" : "La Liga"
  },
  "season" : {
    "season_id" : 1,
    "season_name" : "2017/2018"
  },
  "home_team" : {
    "home_team_id" : 208,
    "home_team_name" : "Las Palmas",
    "home_team_gender" : "male",
    "home_team_group" : null,
    "country" : {
      "id" : 214,
      "name" : "Spain"
    },
    "managers" : [ {
      "id" : 220,
      "name" : "Francisco Jémez Martín",
      "nickname" : "Paco Jémez",
      "dob" : "1970-04-18",
      "country" : {
        "id" : 214,
        "name" : "Spain"
      }
    } ]
  },
  "away_team" : {
    "away_team_id" : 217,
    "away_team_name" : "Barcelona",
    "away_team_gender" : "male",
    "away_team_group" : null,
    "country" : {
      "id" : 214,
      "name" : "Spain"
    },
    "managers" : [ {
      "id" : 227,
      "name" : "Ernesto Valverde Tejedor",
      "nickname" : "Ernesto Valverde",
      "dob" : "1964-02-09",
      "country" : {
        "id" : 214,
        "name" : "Spain"
      }
    } ]
  },
  "home_score" : 1,
  "away_score" : 1,
  "match_status" : "available",
  "match_status_360" : "scheduled",
  "last_updated" : "2022-08-04T17:18:06.540844",
  "last_updated_360" : "2021-06-13T16:17:31.694",
  "metadata" : {
    "data_version" : "1.1.0",
    "shot_fidelity_version" : "2",
    "xy_fidelity_version" : "2"
  },
  "match_week" : 26,
  "competition_stage" : {
    "id" : 1,
    "name" : "Regular Season"
  },
  "stadium" : {
    "id" : 357,
    "name" : "Estadio de Gran Canaria",
    "country" : {
      "id" : 214,
      "name" : "Spain"
    }
  },
  "referee" : {
    "id" : 180,
    "name" : "Antonio Miguel Mateu Lahoz",
    "country" : {
      "id" : 214,
      "name" : "Spain"
    }
  }
}, {
  "match_id" : 9799,
  "match_date" : "2018-02-17",
  "kick_off" : "16:15:00.000",
  "competition" : {
    "competition_id" : 11,
    "country_name" : "Spain",
    "competition_name" : "La Liga"
  },
  "season" : {
    "season_id" : 1,
    "season_name" : "2017/2018"
  },
  "home_team" : {
    "home_team_id" : 322,
    "home_team_name" : "Eibar",
    "home_team_gender" : "male",
    "home_team_group" : null,
    "country" : {
      "id" : 214,
      "name" : "Spain"
    },
    "managers" : [ {
      "id" : 221,
      "name" : "José Luis Mendilibar Etxebarria",
      "nickname" : "José Luis Mendilibar",
      "dob" : "1961-03-14",
      "country" : {
        "id" : 214,
        "name" : "Spain"
      }
    } ]
  },
  "away_team" : {
    "away_team_id" : 217,
    "away_team_name" : "Barcelona",
    "away_team_gender" : "male",
    "away_team_group" : null,
    "country" : {
      "id" : 214,
      "name" : "Spain"
    },
    "managers" : [ {
      "id" : 227,
      "name" : "Ernesto Valverde Tejedor",
      "nickname" : "Ernesto Valverde",
      "dob" : "1964-02-09",
      "country" : {
        "id" : 214,
        "name" : "Spain"
      }
    } ]
  },
  "home_score" : 0,
  "away_score" : 2,
  "match_status" : "available",
  "match_status_360" : "scheduled",
  "last_updated" : "2022-12-01T01:41:38.350571",
  "last_updated_360" : "2021-06-13T16:17:31.694",
  "metadata" : {
    "data_version" : "1.1.0",
    "shot_fidelity_version" : "2",
    "xy_fidelity_version" : "2"
  },
  "match_week" : 24,
  "competition_stage" : {
    "id" : 1,
    "name" : "Regular Season"
  },
  "stadium" : {
    "id" : 347,
    "name" : "Estadio Municipal de Ipurúa",
    "country" : {
      "id" : 214,
      "name" : "Spain"
    }
  },
  "referee" : {
    "id" : 2608,
    "name" : "Alejandro José Hernández Hernández",
    "country" : {
      "id" : 214,
      "name" : "Spain"
    }
  }
}, {
  "match_id" : 9636,
  "match_date" : "2017-10-01",
  "kick_off" : "16:15:00.000",
  "competition" : {
    "competition_id" : 11,
    "country_name" : "Spain",
    "competition_name" : "La Liga"
  },
  "season" : {
    "season_id" : 1,
    "season_name" : "2017/2018"
  },
  "home_team" : {
    "home_team_id" : 217,
    "home_team_name" : "Barcelona",
    "home_team_gender" : "male",
    "home_team_group" : null,
    "country" : {
      "id" : 214,
      "name" : "Spain"
    },
    "managers" : [ {
      "id" : 227,
      "name" : "Ernesto Valverde Tejedor",
      "nickname" : "Ernesto Valverde",
      "dob" : "1964-02-09",
      "country" : {
        "id" : 214,
        "name" : "Spain"
      }
    } ]
  },
  "away_team" : {
    "away_team_id" : 208,
    "away_team_name" : "Las Palmas",
    "away_team_gender" : "male",
    "away_team_group" : null,
    "country" : {
      "id" : 214,
      "name" : "Spain"
    },
    "managers" : [ {
      "id" : 618,
      "name" : "Francisco Martín Ayestarán Barandiarán",
      "nickname" : "Pako Ayestarán",
      "dob" : "1963-02-05",
      "country" : {
        "id" : 214,
        "name" : "Spain"
      }
    } ]
  },
  "home_score" : 3,
  "away_score" : 0,
  "match_status" : "available",
  "match_status_360" : "scheduled",
  "last_updated" : "2022-02-04T22:31:59.619211",
  "last_updated_360" : "2021-06-13T16:17:31.694",
  "metadata" : {
    "data_version" : "1.1.0",
    "shot_fidelity_version" : "2",
    "xy_fidelity_version" : "2"
  },
  "match_week" : 7,
  "competition_stage" : {
    "id" : 1,
    "name" : "Regular Season"
  },
  "stadium" : {
    "id" : 342,
    "name" : "Spotify Camp Nou",
    "country" : {
      "id" : 214,
      "name" : "Spain"
    }
  },
  "referee" : {
    "id" : 2609,
    "name" : "José Luis Munuera Montero",
    "country" : {
      "id" : 214,
      "name" : "Spain"
    }
  }
}, {
  "match_id" : 9609,
  "match_date" : "2017-09-19",
  "kick_off" : "22:00:00.000",
  "competition" : {
    "competition_id" : 11,
    "country_name" : "Spain",
    "competition_name" : "La Liga"
  },
  "season" : {
    "season_id" : 1,
    "season_name" : "2017/2018"
  },
  "home_team" : {
    "home_team_id" : 217,
    "home_team_name" : "Barcelona",
    "home_team_gender" : "male",
    "home_team_group" : null,
    "country" : {
      "id" : 214,
      "name" : "Spain"
    },
    "managers" : [ {
      "id" : 227,
      "name" : "Ernesto Valverde Tejedor",
      "nickname" : "Ernesto Valverde",
      "dob" : "1964-02-09",
      "country" : {
        "id" : 214,
        "name" : "Spain"
      }
    } ]
  },
  "away_team" : {
    "away_team_id" : 322,
    "away_team_name" : "Eibar",
    "away_team_gender" : "male",
    "away_team_group" : null,
    "country" : {
      "id" : 214,
      "name" : "Spain"
    },
    "managers" : [ {
      "id" : 221,
      "name" : "José Luis Mendilibar Etxebarria",
      "nickname" : "José Luis Mendilibar",
      "dob" : "1961-03-14",
      "country" : {
        "id" : 214,
        "name" : "Spain"
      }
    } ]
  },
  "home_score" : 6,
  "away_score" : 1,
  "match_status" : "available",
  "match_status_360" : "scheduled",
  "last_updated" : "2022-02-04T14:40:31.817331",
  "last_updated_360" : "2021-06-13T16:17:31.694",
  "metadata" : {
    "data_version" : "1.1.0",
    "shot_fidelity_version" : "2",
    "xy_fidelity_version" : "2"
  },
  "match_week" : 5,
  "competition_stage" : {
    "id" : 1,
    "name" : "Regular Season"
  },
  "stadium" : {
    "id" : 342,
    "name" : "Spotify Camp Nou",
    "country" : {
      "id" : 214,
      "name" : "Spain"
    }
  },
  "referee" : {
    "id" : 2608,
    "name" : "Alejandro José Hernández Hernández",
    "country" : {
      "id" : 214,
      "name" : "Spain"
    }
  }
}, {
  "match_id" : 9575,
  "match_date" : "2017-08-20",
  "kick_off" : "20:15:00.000",
  "competition" : {
    "competition_id" : 11,
    "country_name" : "Spain",
    "competition_name" : "La Liga"
  },
  "season" : {
    "season_id" : 1,
    "season_name" : "2017/2018"
  },
  "home_team" : {
    "home_team_id" : 217,
    "home_team_name" : "Barcelona",
    "home_team_gender" : "male",
    "home_team_group" : null,
    "country" : {
      "id" : 214,
      "name" : "Spain"
    },
    "managers" : [ {
      "id" : 227,
      "name" : "Ernesto Valverde Tejedor",
      "nickname" : "Ernesto Valverde",
      "dob" : "1964-02-09",
      "country" : {
        "id" : 214,
        "name" : "Spain"
      }
    } ]
  },
  "away_team" : {
    "away_team_id" : 218,
    "away_team_name" : "Real Betis",
    "away_team_gender" : "male",
    "away_team_group" : null,
    "country" : {
      "id" : 214,
      "name" : "Spain"
    },
    "managers" : [ {
      "id" : 238,
      "name" : "Enrique Setién Solar",
      "nickname" : "Quique Setién",
      "dob" : "1958-09-27",
      "country" : {
        "id" : 214,
        "name" : "Spain"
      }
    } ]
  },
  "home_score" : 2,
  "away_score" : 0,
  "match_status" : "available",
  "match_status_360" : "scheduled",
  "last_updated" : "2020-07-29T05:00",
  "last_updated_360" : "2021-06-13T16:17:31.694",
  "metadata" : {
    "data_version" : "1.1.0",
    "shot_fidelity_version" : "2"
  },
  "match_week" : 1,
  "competition_stage" : {
    "id" : 1,
    "name" : "Regular Season"
  },
  "stadium" : {
    "id" : 342,
    "name" : "Spotify Camp Nou",
    "country" : {
      "id" : 214,
      "name" : "Spain"
    }
  },
  "referee" : {
    "id" : 2624,
    "name" : "Daniel Jesús Trujillo Suárez",
    "country" : {
      "id" : 214,
      "name" : "Spain"
    }
  }
}, {
  "match_id" : 9928,
  "match_date" : "2018-05-09",
  "kick_off" : "20:00:00.000",
  "competition" : {
    "competition_id" : 11,
    "country_name" : "Spain",
    "competition_name" : "La Liga"
  },
  "season" : {
    "season_id" : 1,
    "season_name" : "2017/2018"
  },
  "home_team" : {
    "home_team_id" : 217,
    "home_team_name" : "Barcelona",
    "home_team_gender" : "male",
    "home_team_group" : null,
    "country" : {
      "id" : 214,
      "name" : "Spain"
    },
    "managers" : [ {
      "id" : 227,
      "name" : "Ernesto Valverde Tejedor",
      "nickname" : "Ernesto Valverde",
      "dob" : "1964-02-09",
      "country" : {
        "id" : 214,
        "name" : "Spain"
      }
    } ]
  },
  "away_team" : {
    "away_team_id" : 222,
    "away_team_name" : "Villarreal",
    "away_team_gender" : "male",
    "away_team_group" : null,
    "country" : {
      "id" : 214,
      "name" : "Spain"
    },
    "managers" : [ {
      "id" : 182,
      "name" : "Javier Calleja Revilla",
      "nickname" : "Javi Calleja",
      "dob" : "1978-05-12",
      "country" : {
        "id" : 214,
        "name" : "Spain"
      }
    } ]
  },
  "home_score" : 5,
  "away_score" : 1,
  "match_status" : "available",
  "match_status_360" : "scheduled",
  "last_updated" : "2020-07-29T05:00",
  "last_updated_360" : "2021-06-13T16:17:31.694",
  "metadata" : {
    "data_version" : "1.1.0",
    "shot_fidelity_version" : "2"
  },
  "match_week" : 34,
  "competition_stage" : {
    "id" : 1,
    "name" : "Regular Season"
  },
  "stadium" : {
    "id" : 342,
    "name" : "Spotify Camp Nou",
    "country" : {
      "id" : 214,
      "name" : "Spain"
    }
  }
}, {
  "match_id" : 9736,
  "match_date" : "2017-12-23",
  "kick_off" : "13:00:00.000",
  "competition" : {
    "competition_id" : 11,
    "country_name" : "Spain",
    "competition_name" : "La Liga"
  },
  "season" : {
    "season_id" : 1,
    "season_name" : "2017/2018"
  },
  "home_team" : {
    "home_team_id" : 220,
    "home_team_name" : "Real Madrid",
    "home_team_gender" : "male",
    "home_team_group" : null,
    "country" : {
      "id" : 214,
      "name" : "Spain"
    },
    "managers" : [ {
      "id" : 56,
      "name" : "Zinédine Zidane",
      "nickname" : null,
      "dob" : "1972-06-23",
      "country" : {
        "id" : 78,
        "name" : "France"
      }
    } ]
  },
  "away_team" : {
    "away_team_id" : 217,
    "away_team_name" : "Barcelona",
    "away_team_gender" : "male",
    "away_team_group" : null,
    "country" : {
      "id" : 214,
      "name" : "Spain"
    },
    "managers" : [ {
      "id" : 227,
      "name" : "Ernesto Valverde Tejedor",
      "nickname" : "Ernesto Valverde",
      "dob" : "1964-02-09",
      "country" : {
        "id" : 214,
        "name" : "Spain"
      }
    } ]
  },
  "home_score" : 0,
  "away_score" : 3,
  "match_status" : "available",
  "match_status_360" : "scheduled",
  "last_updated" : "2020-07-29T05:00",
  "last_updated_360" : "2021-06-13T16:17:31.694",
  "metadata" : {
    "data_version" : "1.1.0",
    "shot_fidelity_version" : "2"
  },
  "match_week" : 17,
  "competition_stage" : {
    "id" : 1,
    "name" : "Regular Season"
  },
  "stadium" : {
    "id" : 353,
    "name" : "Estadio Santiago Bernabéu",
    "country" : {
      "id" : 214,
      "name" : "Spain"
    }
  }
}, {
  "match_id" : 9742,
  "match_date" : "2018-01-07",
  "kick_off" : "16:15:00.000",
  "competition" : {
    "competition_id" : 11,
    "country_name" : "Spain",
    "competition_name" : "La Liga"
  },
  "season" : {
    "season_id" : 1,
    "season_name" : "2017/2018"
  },
  "home_team" : {
    "home_team_id" : 217,
    "home_team_name" : "Barcelona",
    "home_team_gender" : "male",
    "home_team_group" : null,
    "country" : {
      "id" : 214,
      "name" : "Spain"
    },
    "managers" : [ {
      "id" : 227,
      "name" : "Ernesto Valverde Tejedor",
      "nickname" : "Ernesto Valverde",
      "dob" : "1964-02-09",
      "country" : {
        "id" : 214,
        "name" : "Spain"
      }
    } ]
  },
  "away_team" : {
    "away_team_id" : 221,
    "away_team_name" : "Levante UD",
    "away_team_gender" : "male",
    "away_team_group" : null,
    "country" : {
      "id" : 214,
      "name" : "Spain"
    },
    "managers" : [ {
      "id" : 2,
      "name" : "Juan Ramón López Muñiz",
      "nickname" : "Juan Muñiz",
      "dob" : "1968-11-02",
      "country" : {
        "id" : 214,
        "name" : "Spain"
      }
    } ]
  },
  "home_score" : 3,
  "away_score" : 0,
  "match_status" : "available",
  "match_status_360" : "scheduled",
  "last_updated" : "2022-06-18T19:26:24.300460",
  "last_updated_360" : "2021-06-13T16:17:31.694",
  "metadata" : {
    "data_version" : "1.1.0",
    "shot_fidelity_version" : "2",
    "xy_fidelity_version" : "2"
  },
  "match_week" : 18,
  "competition_stage" : {
    "id" : 1,
    "name" : "Regular Season"
  },
  "stadium" : {
    "id" : 342,
    "name" : "Spotify Camp Nou",
    "country" : {
      "id" : 214,
      "name" : "Spain"
    }
  }
}, {
  "match_id" : 9765,
  "match_date" : "2018-01-21",
  "kick_off" : "20:45:00.000",
  "competition" : {
    "competition_id" : 11,
    "country_name" : "Spain",
    "competition_name" : "La Liga"
  },
  "season" : {
    "season_id" : 1,
    "season_name" : "2017/2018"
  },
  "home_team" : {
    "home_team_id" : 218,
    "home_team_name" : "Real Betis",
    "home_team_gender" : "male",
    "home_team_group" : null,
    "country" : {
      "id" : 214,
      "name" : "Spain"
    },
    "managers" : [ {
      "id" : 620,
      "name" : "Eder Sarabia Armesto",
      "nickname" : "Eder Sarabia",
      "dob" : "1981-01-12",
      "country" : {
        "id" : 214,
        "name" : "Spain"
      }
    }, {
      "id" : 238,
      "name" : "Enrique Setién Solar",
      "nickname" : "Quique Setién",
      "dob" : "1958-09-27",
      "country" : {
        "id" : 214,
        "name" : "Spain"
      }
    } ]
  },
  "away_team" : {
    "away_team_id" : 217,
    "away_team_name" : "Barcelona",
    "away_team_gender" : "male",
    "away_team_group" : null,
    "country" : {
      "id" : 214,
      "name" : "Spain"
    },
    "managers" : [ {
      "id" : 227,
      "name" : "Ernesto Valverde Tejedor",
      "nickname" : "Ernesto Valverde",
      "dob" : "1964-02-09",
      "country" : {
        "id" : 214,
        "name" : "Spain"
      }
    } ]
  },
  "home_score" : 0,
  "away_score" : 5,
  "match_status" : "available",
  "match_status_360" : "scheduled",
  "last_updated" : "2020-07-29T05:00",
  "last_updated_360" : "2021-06-13T16:17:31.694",
  "metadata" : {
    "data_version" : "1.1.0",
    "shot_fidelity_version" : "2"
  },
  "match_week" : 20,
  "competition_stage" : {
    "id" : 1,
    "name" : "Regular Season"
  },
  "stadium" : {
    "id" : 352,
    "name" : "Estadio Benito Villamarín",
    "country" : {
      "id" : 214,
      "name" : "Spain"
    }
  }
}, {
  "match_id" : 9661,
  "match_date" : "2017-10-28",
  "kick_off" : "20:45:00.000",
  "competition" : {
    "competition_id" : 11,
    "country_name" : "Spain",
    "competition_name" : "La Liga"
  },
  "season" : {
    "season_id" : 1,
    "season_name" : "2017/2018"
  },
  "home_team" : {
    "home_team_id" : 215,
    "home_team_name" : "Athletic Club",
    "home_team_gender" : "male",
    "home_team_group" : null,
    "country" : {
      "id" : 214,
      "name" : "Spain"
    },
    "managers" : [ {
      "id" : 210,
      "name" : "José Ángel Ziganda Lacunza",
      "nickname" : "Cuco Ziganda",
      "dob" : "1966-10-01",
      "country" : {
        "id" : 214,
        "name" : "Spain"
      }
    } ]
  },
  "away_team" : {
    "away_team_id" : 217,
    "away_team_name" : "Barcelona",
    "away_team_gender" : "male",
    "away_team_group" : null,
    "country" : {
      "id" : 214,
      "name" : "Spain"
    },
    "managers" : [ {
      "id" : 227,
      "name" : "Ernesto Valverde Tejedor",
      "nickname" : "Ernesto Valverde",
      "dob" : "1964-02-09",
      "country" : {
        "id" : 214,
        "name" : "Spain"
      }
    } ]
  },
  "home_score" : 0,
  "away_score" : 2,
  "match_status" : "available",
  "match_status_360" : "scheduled",
  "last_updated" : "2022-02-10T21:47:49.678101",
  "last_updated_360" : "2021-06-13T16:17:31.694",
  "metadata" : {
    "data_version" : "1.1.0",
    "shot_fidelity_version" : "2",
    "xy_fidelity_version" : "2"
  },
  "match_week" : 10,
  "competition_stage" : {
    "id" : 1,
    "name" : "Regular Season"
  },
  "stadium" : {
    "id" : 345,
    "name" : "San Mamés Barria",
    "country" : {
      "id" : 214,
      "name" : "Spain"
    }
  },
  "referee" : {
    "id" : 2434,
    "name" : "Juan Martínez Munuera",
    "country" : {
      "id" : 214,
      "name" : "Spain"
    }
  }
}, {
  "match_id" : 9592,
  "match_date" : "2017-09-09",
  "kick_off" : "20:45:00.000",
  "competition" : {
    "competition_id" : 11,
    "country_name" : "Spain",
    "competition_name" : "La Liga"
  },
  "season" : {
    "season_id" : 1,
    "season_name" : "2017/2018"
  },
  "home_team" : {
    "home_team_id" : 217,
    "home_team_name" : "Barcelona",
    "home_team_gender" : "male",
    "home_team_group" : null,
    "country" : {
      "id" : 214,
      "name" : "Spain"
    },
    "managers" : [ {
      "id" : 227,
      "name" : "Ernesto Valverde Tejedor",
      "nickname" : "Ernesto Valverde",
      "dob" : "1964-02-09",
      "country" : {
        "id" : 214,
        "name" : "Spain"
      }
    } ]
  },
  "away_team" : {
    "away_team_id" : 214,
    "away_team_name" : "Espanyol",
    "away_team_gender" : "male",
    "away_team_group" : null,
    "country" : {
      "id" : 214,
      "name" : "Spain"
    },
    "managers" : [ {
      "id" : 236,
      "name" : "Enrique Sánchez Flores",
      "nickname" : "Quique Sánchez Flores",
      "dob" : "1965-02-05",
      "country" : {
        "id" : 214,
        "name" : "Spain"
      }
    } ]
  },
  "home_score" : 5,
  "away_score" : 0,
  "match_status" : "available",
  "match_status_360" : "scheduled",
  "last_updated" : "2020-07-29T05:00",
  "last_updated_360" : "2021-06-13T16:17:31.694",
  "metadata" : {
    "data_version" : "1.1.0",
    "shot_fidelity_version" : "2"
  },
  "match_week" : 3,
  "competition_stage" : {
    "id" : 1,
    "name" : "Regular Season"
  },
  "stadium" : {
    "id" : 342,
    "name" : "Spotify Camp Nou",
    "country" : {
      "id" : 214,
      "name" : "Spain"
    }
  },
  "referee" : {
    "id" : 183,
    "name" : "Jesús Gil Manzano",
    "country" : {
      "id" : 214,
      "name" : "Spain"
    }
  }
}, {
  "match_id" : 9870,
  "match_date" : "2018-04-07",
  "kick_off" : "20:45:00.000",
  "competition" : {
    "competition_id" : 11,
    "country_name" : "Spain",
    "competition_name" : "La Liga"
  },
  "season" : {
    "season_id" : 1,
    "season_name" : "2017/2018"
  },
  "home_team" : {
    "home_team_id" : 217,
    "home_team_name" : "Barcelona",
    "home_team_gender" : "male",
    "home_team_group" : null,
    "country" : {
      "id" : 214,
      "name" : "Spain"
    },
    "managers" : [ {
      "id" : 227,
      "name" : "Ernesto Valverde Tejedor",
      "nickname" : "Ernesto Valverde",
      "dob" : "1964-02-09",
      "country" : {
        "id" : 214,
        "name" : "Spain"
      }
    } ]
  },
  "away_team" : {
    "away_team_id" : 205,
    "away_team_name" : "Leganés",
    "away_team_gender" : "male",
    "away_team_group" : null,
    "country" : {
      "id" : 214,
      "name" : "Spain"
    },
    "managers" : [ {
      "id" : 84,
      "name" : "Asier Garitano Aguirrezábal",
      "nickname" : "Asier Garitano",
      "dob" : "1969-12-06",
      "country" : {
        "id" : 214,
        "name" : "Spain"
      }
    } ]
  },
  "home_score" : 3,
  "away_score" : 1,
  "match_status" : "available",
  "match_status_360" : "scheduled",
  "last_updated" : "2023-02-28T07:25:15.903248",
  "last_updated_360" : "2021-06-13T16:17:31.694",
  "metadata" : {
    "data_version" : "1.1.0",
    "shot_fidelity_version" : "2",
    "xy_fidelity_version" : "2"
  },
  "match_week" : 31,
  "competition_stage" : {
    "id" : 1,
    "name" : "Regular Season"
  },
  "stadium" : {
    "id" : 342,
    "name" : "Spotify Camp Nou",
    "country" : {
      "id" : 214,
      "name" : "Spain"
    }
  },
  "referee" : {
    "id" : 2602,
    "name" : "Ricardo De Burgos Bengoetxea",
    "country" : {
      "id" : 214,
      "name" : "Spain"
    }
  }
}, {
  "match_id" : 9783,
  "match_date" : "2018-02-04",
  "kick_off" : "16:15:00.000",
  "competition" : {
    "competition_id" : 11,
    "country_name" : "Spain",
    "competition_name" : "La Liga"
  },
  "season" : {
    "season_id" : 1,
    "season_name" : "2017/2018"
  },
  "home_team" : {
    "home_team_id" : 214,
    "home_team_name" : "Espanyol",
    "home_team_gender" : "male",
    "home_team_group" : null,
    "country" : {
      "id" : 214,
      "name" : "Spain"
    },
    "managers" : [ {
      "id" : 236,
      "name" : "Enrique Sánchez Flores",
      "nickname" : "Quique Sánchez Flores",
      "dob" : "1965-02-05",
      "country" : {
        "id" : 214,
        "name" : "Spain"
      }
    } ]
  },
  "away_team" : {
    "away_team_id" : 217,
    "away_team_name" : "Barcelona",
    "away_team_gender" : "male",
    "away_team_group" : null,
    "country" : {
      "id" : 214,
      "name" : "Spain"
    },
    "managers" : [ {
      "id" : 227,
      "name" : "Ernesto Valverde Tejedor",
      "nickname" : "Ernesto Valverde",
      "dob" : "1964-02-09",
      "country" : {
        "id" : 214,
        "name" : "Spain"
      }
    } ]
  },
  "home_score" : 1,
  "away_score" : 1,
  "match_status" : "available",
  "match_status_360" : "scheduled",
  "last_updated" : "2022-12-01T01:27:40.607637",
  "last_updated_360" : "2021-06-13T16:17:31.694",
  "metadata" : {
    "data_version" : "1.1.0",
    "shot_fidelity_version" : "2",
    "xy_fidelity_version" : "2"
  },
  "match_week" : 22,
  "competition_stage" : {
    "id" : 1,
    "name" : "Regular Season"
  },
  "stadium" : {
    "id" : 351,
    "name" : "RCDE Stadium",
    "country" : {
      "id" : 214,
      "name" : "Spain"
    }
  },
  "referee" : {
    "id" : 183,
    "name" : "Jesús Gil Manzano",
    "country" : {
      "id" : 214,
      "name" : "Spain"
    }
  }
}, {
  "match_id" : 9700,
  "match_date" : "2017-12-02",
  "kick_off" : "13:00:00.000",
  "competition" : {
    "competition_id" : 11,
    "country_name" : "Spain",
    "competition_name" : "La Liga"
  },
  "season" : {
    "season_id" : 1,
    "season_name" : "2017/2018"
  },
  "home_team" : {
    "home_team_id" : 217,
    "home_team_name" : "Barcelona",
    "home_team_gender" : "male",
    "home_team_group" : null,
    "country" : {
      "id" : 214,
      "name" : "Spain"
    },
    "managers" : [ {
      "id" : 227,
      "name" : "Ernesto Valverde Tejedor",
      "nickname" : "Ernesto Valverde",
      "dob" : "1964-02-09",
      "country" : {
        "id" : 214,
        "name" : "Spain"
      }
    } ]
  },
  "away_team" : {
    "away_team_id" : 209,
    "away_team_name" : "Celta Vigo",
    "away_team_gender" : "male",
    "away_team_group" : null,
    "country" : {
      "id" : 214,
      "name" : "Spain"
    },
    "managers" : [ {
      "id" : 208,
      "name" : "Juan Carlos Unzué Labiano",
      "nickname" : "Juan Carlos Unzué",
      "dob" : "1967-04-22",
      "country" : {
        "id" : 214,
        "name" : "Spain"
      }
    } ]
  },
  "home_score" : 2,
  "away_score" : 2,
  "match_status" : "available",
  "match_status_360" : "scheduled",
  "last_updated" : "2022-12-01T00:56:01.522299",
  "last_updated_360" : "2021-06-13T16:17:31.694",
  "metadata" : {
    "data_version" : "1.1.0",
    "shot_fidelity_version" : "2",
    "xy_fidelity_version" : "2"
  },
  "match_week" : 14,
  "competition_stage" : {
    "id" : 1,
    "name" : "Regular Season"
  },
  "stadium" : {
    "id" : 342,
    "name" : "Spotify Camp Nou",
    "country" : {
      "id" : 214,
      "name" : "Spain"
    }
  }
}, {
  "match_id" : 9860,
  "match_date" : "2018-03-31",
  "kick_off" : "20:45:00.000",
  "competition" : {
    "competition_id" : 11,
    "country_name" : "Spain",
    "competition_name" : "La Liga"
  },
  "season" : {
    "season_id" : 1,
    "season_name" : "2017/2018"
  },
  "home_team" : {
    "home_team_id" : 213,
    "home_team_name" : "Sevilla",
    "home_team_gender" : "male",
    "home_team_group" : null,
    "country" : {
      "id" : 214,
      "name" : "Spain"
    },
    "managers" : [ {
      "id" : 232,
      "name" : "Vincenzo Montella",
      "nickname" : null,
      "dob" : "1974-06-18",
      "country" : {
        "id" : 112,
        "name" : "Italy"
      }
    } ]
  },
  "away_team" : {
    "away_team_id" : 217,
    "away_team_name" : "Barcelona",
    "away_team_gender" : "male",
    "away_team_group" : null,
    "country" : {
      "id" : 214,
      "name" : "Spain"
    },
    "managers" : [ {
      "id" : 227,
      "name" : "Ernesto Valverde Tejedor",
      "nickname" : "Ernesto Valverde",
      "dob" : "1964-02-09",
      "country" : {
        "id" : 214,
        "name" : "Spain"
      }
    } ]
  },
  "home_score" : 2,
  "away_score" : 2,
  "match_status" : "available",
  "match_status_360" : "scheduled",
  "last_updated" : "2022-12-01T02:37:52.910806",
  "last_updated_360" : "2021-06-13T16:17:31.694",
  "metadata" : {
    "data_version" : "1.1.0",
    "shot_fidelity_version" : "2",
    "xy_fidelity_version" : "2"
  },
  "match_week" : 30,
  "competition_stage" : {
    "id" : 1,
    "name" : "Regular Season"
  },
  "stadium" : {
    "id" : 349,
    "name" : "Estadio Ramón Sánchez Pizjuán",
    "country" : {
      "id" : 214,
      "name" : "Spain"
    }
  },
  "referee" : {
    "id" : 211,
    "name" : "José Luis González González",
    "country" : {
      "id" : 214,
      "name" : "Spain"
    }
  }
}, {
  "match_id" : 9695,
  "match_date" : "2017-11-26",
  "kick_off" : "20:45:00.000",
  "competition" : {
    "competition_id" : 11,
    "country_name" : "Spain",
    "competition_name" : "La Liga"
  },
  "season" : {
    "season_id" : 1,
    "season_name" : "2017/2018"
  },
  "home_team" : {
    "home_team_id" : 207,
    "home_team_name" : "Valencia",
    "home_team_gender" : "male",
    "home_team_group" : null,
    "country" : {
      "id" : 214,
      "name" : "Spain"
    },
    "managers" : [ {
      "id" : 507,
      "name" : "Juan Rubén Uría Corral",
      "nickname" : "Rubén Uría",
      "dob" : "1968-01-30",
      "country" : {
        "id" : 214,
        "name" : "Spain"
      }
    }, {
      "id" : 211,
      "name" : "Marcelino García Toral",
      "nickname" : "Marcelino",
      "dob" : "1965-08-14",
      "country" : {
        "id" : 214,
        "name" : "Spain"
      }
    } ]
  },
  "away_team" : {
    "away_team_id" : 217,
    "away_team_name" : "Barcelona",
    "away_team_gender" : "male",
    "away_team_group" : null,
    "country" : {
      "id" : 214,
      "name" : "Spain"
    },
    "managers" : [ {
      "id" : 227,
      "name" : "Ernesto Valverde Tejedor",
      "nickname" : "Ernesto Valverde",
      "dob" : "1964-02-09",
      "country" : {
        "id" : 214,
        "name" : "Spain"
      }
    } ]
  },
  "home_score" : 1,
  "away_score" : 1,
  "match_status" : "available",
  "match_status_360" : "scheduled",
  "last_updated" : "2022-02-10T22:24:55.514083",
  "last_updated_360" : "2021-06-13T16:17:31.694",
  "metadata" : {
    "data_version" : "1.1.0",
    "shot_fidelity_version" : "2",
    "xy_fidelity_version" : "2"
  },
  "match_week" : 13,
  "competition_stage" : {
    "id" : 1,
    "name" : "Regular Season"
  },
  "stadium" : {
    "id" : 344,
    "name" : "Estadio de Mestalla",
    "country" : {
      "id" : 214,
      "name" : "Spain"
    }
  },
  "referee" : {
    "id" : 218,
    "name" : "Ignacio Iglesias Villanueva",
    "country" : {
      "id" : 214,
      "name" : "Spain"
    }
  }
}, {
  "match_id" : 9794,
  "match_date" : "2018-02-11",
  "kick_off" : "16:15:00.000",
  "competition" : {
    "competition_id" : 11,
    "country_name" : "Spain",
    "competition_name" : "La Liga"
  },
  "season" : {
    "season_id" : 1,
    "season_name" : "2017/2018"
  },
  "home_team" : {
    "home_team_id" : 217,
    "home_team_name" : "Barcelona",
    "home_team_gender" : "male",
    "home_team_group" : null,
    "country" : {
      "id" : 214,
      "name" : "Spain"
    },
    "managers" : [ {
      "id" : 227,
      "name" : "Ernesto Valverde Tejedor",
      "nickname" : "Ernesto Valverde",
      "dob" : "1964-02-09",
      "country" : {
        "id" : 214,
        "name" : "Spain"
      }
    } ]
  },
  "away_team" : {
    "away_team_id" : 216,
    "away_team_name" : "Getafe",
    "away_team_gender" : "male",
    "away_team_group" : null,
    "country" : {
      "id" : 214,
      "name" : "Spain"
    },
    "managers" : [ {
      "id" : 228,
      "name" : "José Bordalás Jiménez",
      "nickname" : "Pepe Bordalás",
      "dob" : "1964-03-05",
      "country" : {
        "id" : 214,
        "name" : "Spain"
      }
    } ]
  },
  "home_score" : 0,
  "away_score" : 0,
  "match_status" : "available",
  "match_status_360" : "scheduled",
  "last_updated" : "2022-12-01T01:37:21.292561",
  "last_updated_360" : "2021-06-13T16:17:31.694",
  "metadata" : {
    "data_version" : "1.1.0",
    "shot_fidelity_version" : "2",
    "xy_fidelity_version" : "2"
  },
  "match_week" : 23,
  "competition_stage" : {
    "id" : 1,
    "name" : "Regular Season"
  },
  "stadium" : {
    "id" : 342,
    "name" : "Spotify Camp Nou",
    "country" : {
      "id" : 214,
      "name" : "Spain"
    }
  },
  "referee" : {
    "id" : 222,
    "name" : "David Fernández Borbalan",
    "country" : {
      "id" : 214,
      "name" : "Spain"
    }
  }
}, {
  "match_id" : 9717,
  "match_date" : "2017-12-10",
  "kick_off" : "20:45:00.000",
  "competition" : {
    "competition_id" : 11,
    "country_name" : "Spain",
    "competition_name" : "La Liga"
  },
  "season" : {
    "season_id" : 1,
    "season_name" : "2017/2018"
  },
  "home_team" : {
    "home_team_id" : 222,
    "home_team_name" : "Villarreal",
    "home_team_gender" : "male",
    "home_team_group" : null,
    "country" : {
      "id" : 214,
      "name" : "Spain"
    },
    "managers" : [ {
      "id" : 182,
      "name" : "Javier Calleja Revilla",
      "nickname" : "Javi Calleja",
      "dob" : "1978-05-12",
      "country" : {
        "id" : 214,
        "name" : "Spain"
      }
    } ]
  },
  "away_team" : {
    "away_team_id" : 217,
    "away_team_name" : "Barcelona",
    "away_team_gender" : "male",
    "away_team_group" : null,
    "country" : {
      "id" : 214,
      "name" : "Spain"
    },
    "managers" : [ {
      "id" : 227,
      "name" : "Ernesto Valverde Tejedor",
      "nickname" : "Ernesto Valverde",
      "dob" : "1964-02-09",
      "country" : {
        "id" : 214,
        "name" : "Spain"
      }
    } ]
  },
  "home_score" : 0,
  "away_score" : 2,
  "match_status" : "available",
  "match_status_360" : "scheduled",
  "last_updated" : "2022-03-30T23:12:28.894213",
  "last_updated_360" : "2021-06-13T16:17:31.694",
  "metadata" : {
    "data_version" : "1.1.0",
    "shot_fidelity_version" : "2",
    "xy_fidelity_version" : "2"
  },
  "match_week" : 15,
  "competition_stage" : {
    "id" : 1,
    "name" : "Regular Season"
  },
  "stadium" : {
    "id" : 361,
    "name" : "Estadio de la Cerámica",
    "country" : {
      "id" : 214,
      "name" : "Spain"
    }
  }
}, {
  "match_id" : 9673,
  "match_date" : "2017-11-04",
  "kick_off" : "20:45:00.000",
  "competition" : {
    "competition_id" : 11,
    "country_name" : "Spain",
    "competition_name" : "La Liga"
  },
  "season" : {
    "season_id" : 1,
    "season_name" : "2017/2018"
  },
  "home_team" : {
    "home_team_id" : 217,
    "home_team_name" : "Barcelona",
    "home_team_gender" : "male",
    "home_team_group" : null,
    "country" : {
      "id" : 214,
      "name" : "Spain"
    },
    "managers" : [ {
      "id" : 227,
      "name" : "Ernesto Valverde Tejedor",
      "nickname" : "Ernesto Valverde",
      "dob" : "1964-02-09",
      "country" : {
        "id" : 214,
        "name" : "Spain"
      }
    } ]
  },
  "away_team" : {
    "away_team_id" : 213,
    "away_team_name" : "Sevilla",
    "away_team_gender" : "male",
    "away_team_group" : null,
    "country" : {
      "id" : 214,
      "name" : "Spain"
    },
    "managers" : [ {
      "id" : 385,
      "name" : "Manuel Eduardo Berizzo",
      "nickname" : "Eduardo Berizzo",
      "dob" : "1969-11-13",
      "country" : {
        "id" : 11,
        "name" : "Argentina"
      }
    } ]
  },
  "home_score" : 2,
  "away_score" : 1,
  "match_status" : "available",
  "match_status_360" : "scheduled",
  "last_updated" : "2022-05-08T17:33:48.241122",
  "last_updated_360" : "2021-06-13T16:17:31.694",
  "metadata" : {
    "data_version" : "1.1.0",
    "shot_fidelity_version" : "2",
    "xy_fidelity_version" : "2"
  },
  "match_week" : 11,
  "competition_stage" : {
    "id" : 1,
    "name" : "Regular Season"
  },
  "stadium" : {
    "id" : 342,
    "name" : "Spotify Camp Nou",
    "country" : {
      "id" : 214,
      "name" : "Spain"
    }
  },
  "referee" : {
    "id" : 211,
    "name" : "José Luis González González",
    "country" : {
      "id" : 214,
      "name" : "Spain"
    }
  }
}, {
  "match_id" : 9650,
  "match_date" : "2017-10-21",
  "kick_off" : "20:45:00.000",
  "competition" : {
    "competition_id" : 11,
    "country_name" : "Spain",
    "competition_name" : "La Liga"
  },
  "season" : {
    "season_id" : 1,
    "season_name" : "2017/2018"
  },
  "home_team" : {
    "home_team_id" : 217,
    "home_team_name" : "Barcelona",
    "home_team_gender" : "male",
    "home_team_group" : null,
    "country" : {
      "id" : 214,
      "name" : "Spain"
    },
    "managers" : [ {
      "id" : 227,
      "name" : "Ernesto Valverde Tejedor",
      "nickname" : "Ernesto Valverde",
      "dob" : "1964-02-09",
      "country" : {
        "id" : 214,
        "name" : "Spain"
      }
    } ]
  },
  "away_team" : {
    "away_team_id" : 223,
    "away_team_name" : "Málaga",
    "away_team_gender" : "male",
    "away_team_group" : null,
    "country" : {
      "id" : 214,
      "name" : "Spain"
    },
    "managers" : [ {
      "id" : 505,
      "name" : "José Miguel González Martín del Campo",
      "nickname" : "Míchel",
      "dob" : "1963-03-23",
      "country" : {
        "id" : 214,
        "name" : "Spain"
      }
    } ]
  },
  "home_score" : 2,
  "away_score" : 0,
  "match_status" : "available",
  "match_status_360" : "scheduled",
  "last_updated" : "2022-02-10T20:56:01.885373",
  "last_updated_360" : "2021-06-13T16:17:31.694",
  "metadata" : {
    "data_version" : "1.1.0",
    "shot_fidelity_version" : "2",
    "xy_fidelity_version" : "2"
  },
  "match_week" : 9,
  "competition_stage" : {
    "id" : 1,
    "name" : "Regular Season"
  },
  "stadium" : {
    "id" : 342,
    "name" : "Spotify Camp Nou",
    "country" : {
      "id" : 214,
      "name" : "Spain"
    }
  }
}, {
  "match_id" : 9620,
  "match_date" : "2017-09-23",
  "kick_off" : "20:45:00.000",
  "competition" : {
    "competition_id" : 11,
    "country_name" : "Spain",
    "competition_name" : "La Liga"
  },
  "season" : {
    "season_id" : 1,
    "season_name" : "2017/2018"
  },
  "home_team" : {
    "home_team_id" : 211,
    "home_team_name" : "Girona",
    "home_team_gender" : "male",
    "home_team_group" : null,
    "country" : {
      "id" : 214,
      "name" : "Spain"
    },
    "managers" : [ {
      "id" : 234,
      "name" : "Pablo Javier Machín Díez",
      "nickname" : "Pablo Machín",
      "dob" : "1975-04-07",
      "country" : {
        "id" : 214,
        "name" : "Spain"
      }
    } ]
  },
  "away_team" : {
    "away_team_id" : 217,
    "away_team_name" : "Barcelona",
    "away_team_gender" : "male",
    "away_team_group" : null,
    "country" : {
      "id" : 214,
      "name" : "Spain"
    },
    "managers" : [ {
      "id" : 227,
      "name" : "Ernesto Valverde Tejedor",
      "nickname" : "Ernesto Valverde",
      "dob" : "1964-02-09",
      "country" : {
        "id" : 214,
        "name" : "Spain"
      }
    } ]
  },
  "home_score" : 0,
  "away_score" : 3,
  "match_status" : "available",
  "match_status_360" : "scheduled",
  "last_updated" : "2022-03-30T20:28:12.616241",
  "last_updated_360" : "2021-06-13T16:17:31.694",
  "metadata" : {
    "data_version" : "1.1.0",
    "shot_fidelity_version" : "2",
    "xy_fidelity_version" : "2"
  },
  "match_week" : 6,
  "competition_stage" : {
    "id" : 1,
    "name" : "Regular Season"
  },
  "stadium" : {
    "id" : 343,
    "name" : "Estadi Municipal de Montilivi",
    "country" : {
      "id" : 214,
      "name" : "Spain"
    }
  },
  "referee" : {
    "id" : 2625,
    "name" : "José María Sánchez Martínez",
    "country" : {
      "id" : 214,
      "name" : "Spain"
    }
  }
}, {
  "match_id" : 9837,
  "match_date" : "2018-03-04",
  "kick_off" : "16:15:00.000",
  "competition" : {
    "competition_id" : 11,
    "country_name" : "Spain",
    "competition_name" : "La Liga"
  },
  "season" : {
    "season_id" : 1,
    "season_name" : "2017/2018"
  },
  "home_team" : {
    "home_team_id" : 217,
    "home_team_name" : "Barcelona",
    "home_team_gender" : "male",
    "home_team_group" : null,
    "country" : {
      "id" : 214,
      "name" : "Spain"
    },
    "managers" : [ {
      "id" : 227,
      "name" : "Ernesto Valverde Tejedor",
      "nickname" : "Ernesto Valverde",
      "dob" : "1964-02-09",
      "country" : {
        "id" : 214,
        "name" : "Spain"
      }
    } ]
  },
  "away_team" : {
    "away_team_id" : 212,
    "away_team_name" : "Atlético Madrid",
    "away_team_gender" : "male",
    "away_team_group" : null,
    "country" : {
      "id" : 214,
      "name" : "Spain"
    },
    "managers" : [ {
      "id" : 230,
      "name" : "Diego Pablo Simeone",
      "nickname" : "Diego Simeone",
      "dob" : "1970-04-28",
      "country" : {
        "id" : 11,
        "name" : "Argentina"
      }
    } ]
  },
  "home_score" : 1,
  "away_score" : 0,
  "match_status" : "available",
  "match_status_360" : "scheduled",
  "last_updated" : "2022-12-01T02:14:30.480502",
  "last_updated_360" : "2021-06-13T16:17:31.694",
  "metadata" : {
    "data_version" : "1.1.0",
    "shot_fidelity_version" : "2",
    "xy_fidelity_version" : "2"
  },
  "match_week" : 27,
  "competition_stage" : {
    "id" : 1,
    "name" : "Regular Season"
  },
  "stadium" : {
    "id" : 342,
    "name" : "Spotify Camp Nou",
    "country" : {
      "id" : 214,
      "name" : "Spain"
    }
  },
  "referee" : {
    "id" : 183,
    "name" : "Jesús Gil Manzano",
    "country" : {
      "id" : 214,
      "name" : "Spain"
    }
  }
}, {
  "match_id" : 9811,
  "match_date" : "2018-02-24",
  "kick_off" : "20:45:00.000",
  "competition" : {
    "competition_id" : 11,
    "country_name" : "Spain",
    "competition_name" : "La Liga"
  },
  "season" : {
    "season_id" : 1,
    "season_name" : "2017/2018"
  },
  "home_team" : {
    "home_team_id" : 217,
    "home_team_name" : "Barcelona",
    "home_team_gender" : "male",
    "home_team_group" : null,
    "country" : {
      "id" : 214,
      "name" : "Spain"
    },
    "managers" : [ {
      "id" : 227,
      "name" : "Ernesto Valverde Tejedor",
      "nickname" : "Ernesto Valverde",
      "dob" : "1964-02-09",
      "country" : {
        "id" : 214,
        "name" : "Spain"
      }
    } ]
  },
  "away_team" : {
    "away_team_id" : 211,
    "away_team_name" : "Girona",
    "away_team_gender" : "male",
    "away_team_group" : null,
    "country" : {
      "id" : 214,
      "name" : "Spain"
    },
    "managers" : [ {
      "id" : 234,
      "name" : "Pablo Javier Machín Díez",
      "nickname" : "Pablo Machín",
      "dob" : "1975-04-07",
      "country" : {
        "id" : 214,
        "name" : "Spain"
      }
    } ]
  },
  "home_score" : 6,
  "away_score" : 1,
  "match_status" : "available",
  "match_status_360" : "scheduled",
  "last_updated" : "2022-12-01T01:52:10.346111",
  "last_updated_360" : "2021-06-13T16:17:31.694",
  "metadata" : {
    "data_version" : "1.1.0",
    "shot_fidelity_version" : "2",
    "xy_fidelity_version" : "2"
  },
  "match_week" : 25,
  "competition_stage" : {
    "id" : 1,
    "name" : "Regular Season"
  },
  "stadium" : {
    "id" : 342,
    "name" : "Spotify Camp Nou",
    "country" : {
      "id" : 214,
      "name" : "Spain"
    }
  }
}, {
  "match_id" : 9642,
  "match_date" : "2017-10-14",
  "kick_off" : "20:45:00.000",
  "competition" : {
    "competition_id" : 11,
    "country_name" : "Spain",
    "competition_name" : "La Liga"
  },
  "season" : {
    "season_id" : 1,
    "season_name" : "2017/2018"
  },
  "home_team" : {
    "home_team_id" : 212,
    "home_team_name" : "Atlético Madrid",
    "home_team_gender" : "male",
    "home_team_group" : null,
    "country" : {
      "id" : 214,
      "name" : "Spain"
    },
    "managers" : [ {
      "id" : 230,
      "name" : "Diego Pablo Simeone",
      "nickname" : "Diego Simeone",
      "dob" : "1970-04-28",
      "country" : {
        "id" : 11,
        "name" : "Argentina"
      }
    } ]
  },
  "away_team" : {
    "away_team_id" : 217,
    "away_team_name" : "Barcelona",
    "away_team_gender" : "male",
    "away_team_group" : null,
    "country" : {
      "id" : 214,
      "name" : "Spain"
    },
    "managers" : [ {
      "id" : 227,
      "name" : "Ernesto Valverde Tejedor",
      "nickname" : "Ernesto Valverde",
      "dob" : "1964-02-09",
      "country" : {
        "id" : 214,
        "name" : "Spain"
      }
    } ]
  },
  "home_score" : 1,
  "away_score" : 1,
  "match_status" : "available",
  "match_status_360" : "scheduled",
  "last_updated" : "2022-02-04T22:48:33.627118",
  "last_updated_360" : "2021-06-13T16:17:31.694",
  "metadata" : {
    "data_version" : "1.1.0",
    "shot_fidelity_version" : "2",
    "xy_fidelity_version" : "2"
  },
  "match_week" : 8,
  "competition_stage" : {
    "id" : 1,
    "name" : "Regular Season"
  },
  "stadium" : {
    "id" : 4654,
    "name" : "\tEstádio Cívitas Metropolitano",
    "country" : {
      "id" : 214,
      "name" : "Spain"
    }
  },
  "referee" : {
    "id" : 180,
    "name" : "Antonio Miguel Mateu Lahoz",
    "country" : {
      "id" : 214,
      "name" : "Spain"
    }
  }
}, {
  "match_id" : 9774,
  "match_date" : "2018-01-28",
  "kick_off" : "20:45:00.000",
  "competition" : {
    "competition_id" : 11,
    "country_name" : "Spain",
    "competition_name" : "La Liga"
  },
  "season" : {
    "season_id" : 1,
    "season_name" : "2017/2018"
  },
  "home_team" : {
    "home_team_id" : 217,
    "home_team_name" : "Barcelona",
    "home_team_gender" : "male",
    "home_team_group" : null,
    "country" : {
      "id" : 214,
      "name" : "Spain"
    },
    "managers" : [ {
      "id" : 227,
      "name" : "Ernesto Valverde Tejedor",
      "nickname" : "Ernesto Valverde",
      "dob" : "1964-02-09",
      "country" : {
        "id" : 214,
        "name" : "Spain"
      }
    } ]
  },
  "away_team" : {
    "away_team_id" : 206,
    "away_team_name" : "Deportivo Alavés",
    "away_team_gender" : "male",
    "away_team_group" : null,
    "country" : {
      "id" : 214,
      "name" : "Spain"
    },
    "managers" : [ {
      "id" : 187,
      "name" : "Abelardo Fernández Antuña",
      "nickname" : "Abelardo",
      "dob" : "1970-04-19",
      "country" : {
        "id" : 214,
        "name" : "Spain"
      }
    } ]
  },
  "home_score" : 2,
  "away_score" : 1,
  "match_status" : "available",
  "match_status_360" : "scheduled",
  "last_updated" : "2022-12-01T01:18:40.194063",
  "last_updated_360" : "2021-06-13T16:17:31.694",
  "metadata" : {
    "data_version" : "1.1.0",
    "shot_fidelity_version" : "2",
    "xy_fidelity_version" : "2"
  },
  "match_week" : 21,
  "competition_stage" : {
    "id" : 1,
    "name" : "Regular Season"
  },
  "stadium" : {
    "id" : 342,
    "name" : "Spotify Camp Nou",
    "country" : {
      "id" : 214,
      "name" : "Spain"
    }
  },
  "referee" : {
    "id" : 218,
    "name" : "Ignacio Iglesias Villanueva",
    "country" : {
      "id" : 214,
      "name" : "Spain"
    }
  }
}, {
  "match_id" : 9602,
  "match_date" : "2017-09-16",
  "kick_off" : "16:15:00.000",
  "competition" : {
    "competition_id" : 11,
    "country_name" : "Spain",
    "competition_name" : "La Liga"
  },
  "season" : {
    "season_id" : 1,
    "season_name" : "2017/2018"
  },
  "home_team" : {
    "home_team_id" : 216,
    "home_team_name" : "Getafe",
    "home_team_gender" : "male",
    "home_team_group" : null,
    "country" : {
      "id" : 214,
      "name" : "Spain"
    },
    "managers" : [ {
      "id" : 228,
      "name" : "José Bordalás Jiménez",
      "nickname" : "Pepe Bordalás",
      "dob" : "1964-03-05",
      "country" : {
        "id" : 214,
        "name" : "Spain"
      }
    } ]
  },
  "away_team" : {
    "away_team_id" : 217,
    "away_team_name" : "Barcelona",
    "away_team_gender" : "male",
    "away_team_group" : null,
    "country" : {
      "id" : 214,
      "name" : "Spain"
    },
    "managers" : [ {
      "id" : 227,
      "name" : "Ernesto Valverde Tejedor",
      "nickname" : "Ernesto Valverde",
      "dob" : "1964-02-09",
      "country" : {
        "id" : 214,
        "name" : "Spain"
      }
    } ]
  },
  "home_score" : 1,
  "away_score" : 2,
  "match_status" : "available",
  "match_status_360" : "scheduled",
  "last_updated" : "2022-02-04T13:57:30.602817",
  "last_updated_360" : "2021-06-13T16:17:31.694",
  "metadata" : {
    "data_version" : "1.1.0",
    "shot_fidelity_version" : "2",
    "xy_fidelity_version" : "2"
  },
  "match_week" : 4,
  "competition_stage" : {
    "id" : 1,
    "name" : "Regular Season"
  },
  "stadium" : {
    "id" : 354,
    "name" : "Coliseum Alfonso Pérez",
    "country" : {
      "id" : 214,
      "name" : "Spain"
    }
  },
  "referee" : {
    "id" : 222,
    "name" : "David Fernández Borbalan",
    "country" : {
      "id" : 214,
      "name" : "Spain"
    }
  }
}, {
  "match_id" : 9948,
  "match_date" : "2018-05-20",
  "kick_off" : "20:45:00.000",
  "competition" : {
    "competition_id" : 11,
    "country_name" : "Spain",
    "competition_name" : "La Liga"
  },
  "season" : {
    "season_id" : 1,
    "season_name" : "2017/2018"
  },
  "home_team" : {
    "home_team_id" : 217,
    "home_team_name" : "Barcelona",
    "home_team_gender" : "male",
    "home_team_group" : null,
    "country" : {
      "id" : 214,
      "name" : "Spain"
    },
    "managers" : [ {
      "id" : 227,
      "name" : "Ernesto Valverde Tejedor",
      "nickname" : "Ernesto Valverde",
      "dob" : "1964-02-09",
      "country" : {
        "id" : 214,
        "name" : "Spain"
      }
    } ]
  },
  "away_team" : {
    "away_team_id" : 210,
    "away_team_name" : "Real Sociedad",
    "away_team_gender" : "male",
    "away_team_group" : null,
    "country" : {
      "id" : 214,
      "name" : "Spain"
    },
    "managers" : [ {
      "id" : 85,
      "name" : "Imanol Alguacil Barrenetxea",
      "nickname" : "Imanol Alguacil",
      "dob" : "1971-07-04",
      "country" : {
        "id" : 214,
        "name" : "Spain"
      }
    } ]
  },
  "home_score" : 1,
  "away_score" : 0,
  "match_status" : "available",
  "match_status_360" : "scheduled",
  "last_updated" : "2022-12-05T14:51:46.221392",
  "last_updated_360" : "2021-06-13T16:17:31.694",
  "metadata" : {
    "data_version" : "1.1.0",
    "shot_fidelity_version" : "2",
    "xy_fidelity_version" : "2"
  },
  "match_week" : 38,
  "competition_stage" : {
    "id" : 1,
    "name" : "Regular Season"
  },
  "stadium" : {
    "id" : 342,
    "name" : "Spotify Camp Nou",
    "country" : {
      "id" : 214,
      "name" : "Spain"
    }
  },
  "referee" : {
    "id" : 2609,
    "name" : "José Luis Munuera Montero",
    "country" : {
      "id" : 214,
      "name" : "Spain"
    }
  }
}, {
  "match_id" : 9682,
  "match_date" : "2017-11-18",
  "kick_off" : "16:15:00.000",
  "competition" : {
    "competition_id" : 11,
    "country_name" : "Spain",
    "competition_name" : "La Liga"
  },
  "season" : {
    "season_id" : 1,
    "season_name" : "2017/2018"
  },
  "home_team" : {
    "home_team_id" : 205,
    "home_team_name" : "Leganés",
    "home_team_gender" : "male",
    "home_team_group" : null,
    "country" : {
      "id" : 214,
      "name" : "Spain"
    },
    "managers" : [ {
      "id" : 84,
      "name" : "Asier Garitano Aguirrezábal",
      "nickname" : "Asier Garitano",
      "dob" : "1969-12-06",
      "country" : {
        "id" : 214,
        "name" : "Spain"
      }
    } ]
  },
  "away_team" : {
    "away_team_id" : 217,
    "away_team_name" : "Barcelona",
    "away_team_gender" : "male",
    "away_team_group" : null,
    "country" : {
      "id" : 214,
      "name" : "Spain"
    },
    "managers" : [ {
      "id" : 227,
      "name" : "Ernesto Valverde Tejedor",
      "nickname" : "Ernesto Valverde",
      "dob" : "1964-02-09",
      "country" : {
        "id" : 214,
        "name" : "Spain"
      }
    } ]
  },
  "home_score" : 0,
  "away_score" : 3,
  "match_status" : "available",
  "match_status_360" : "scheduled",
  "last_updated" : "2022-08-13T21:30:13.962297",
  "last_updated_360" : "2021-06-13T16:17:31.694",
  "metadata" : {
    "data_version" : "1.1.0",
    "shot_fidelity_version" : "2",
    "xy_fidelity_version" : "2"
  },
  "match_week" : 12,
  "competition_stage" : {
    "id" : 1,
    "name" : "Regular Season"
  },
  "stadium" : {
    "id" : 355,
    "name" : "Estadio Municipal de Butarque",
    "country" : {
      "id" : 214,
      "name" : "Spain"
    }
  },
  "referee" : {
    "id" : 221,
    "name" : "Alberto Undiano Mallenco",
    "country" : {
      "id" : 214,
      "name" : "Spain"
    }
  }
}, {
  "match_id" : 9581,
  "match_date" : "2017-08-26",
  "kick_off" : "18:15:00.000",
  "competition" : {
    "competition_id" : 11,
    "country_name" : "Spain",
    "competition_name" : "La Liga"
  },
  "season" : {
    "season_id" : 1,
    "season_name" : "2017/2018"
  },
  "home_team" : {
    "home_team_id" : 206,
    "home_team_name" : "Deportivo Alavés",
    "home_team_gender" : "male",
    "home_team_group" : null,
    "country" : {
      "id" : 214,
      "name" : "Spain"
    },
    "managers" : [ {
      "id" : 511,
      "name" : "Luis Francisco Zubeldía",
      "nickname" : "Luis Zubeldía",
      "dob" : "1981-01-13",
      "country" : {
        "id" : 11,
        "name" : "Argentina"
      }
    } ]
  },
  "away_team" : {
    "away_team_id" : 217,
    "away_team_name" : "Barcelona",
    "away_team_gender" : "male",
    "away_team_group" : null,
    "country" : {
      "id" : 214,
      "name" : "Spain"
    },
    "managers" : [ {
      "id" : 227,
      "name" : "Ernesto Valverde Tejedor",
      "nickname" : "Ernesto Valverde",
      "dob" : "1964-02-09",
      "country" : {
        "id" : 214,
        "name" : "Spain"
      }
    } ]
  },
  "home_score" : 0,
  "away_score" : 2,
  "match_status" : "available",
  "match_status_360" : "scheduled",
  "last_updated" : "2022-02-04T12:35:34.095010",
  "last_updated_360" : "2021-06-13T16:17:31.694",
  "metadata" : {
    "data_version" : "1.1.0",
    "shot_fidelity_version" : "2",
    "xy_fidelity_version" : "2"
  },
  "match_week" : 2,
  "competition_stage" : {
    "id" : 1,
    "name" : "Regular Season"
  },
  "stadium" : {
    "id" : 348,
    "name" : "Estadio de Mendizorroza",
    "country" : {
      "id" : 214,
      "name" : "Spain"
    }
  },
  "referee" : {
    "id" : 2728,
    "name" : "Carlos del Cerro Grande",
    "country" : {
      "id" : 214,
      "name" : "Spain"
    }
  }
}, {
  "match_id" : 9726,
  "match_date" : "2017-12-17",
  "kick_off" : "20:45:00.000",
  "competition" : {
    "competition_id" : 11,
    "country_name" : "Spain",
    "competition_name" : "La Liga"
  },
  "season" : {
    "season_id" : 1,
    "season_name" : "2017/2018"
  },
  "home_team" : {
    "home_team_id" : 217,
    "home_team_name" : "Barcelona",
    "home_team_gender" : "male",
    "home_team_group" : null,
    "country" : {
      "id" : 214,
      "name" : "Spain"
    },
    "managers" : [ {
      "id" : 227,
      "name" : "Ernesto Valverde Tejedor",
      "nickname" : "Ernesto Valverde",
      "dob" : "1964-02-09",
      "country" : {
        "id" : 214,
        "name" : "Spain"
      }
    } ]
  },
  "away_team" : {
    "away_team_id" : 219,
    "away_team_name" : "RC Deportivo La Coruña",
    "away_team_gender" : "male",
    "away_team_group" : null,
    "country" : {
      "id" : 214,
      "name" : "Spain"
    },
    "managers" : [ {
      "id" : 235,
      "name" : "Cristóbal Parralo Aguilera",
      "nickname" : "Cristóbal Parralo",
      "dob" : "1967-08-21",
      "country" : {
        "id" : 214,
        "name" : "Spain"
      }
    } ]
  },
  "home_score" : 4,
  "away_score" : 0,
  "match_status" : "available",
  "match_status_360" : "scheduled",
  "last_updated" : "2022-05-08T19:11:07.806019",
  "last_updated_360" : "2021-06-13T16:17:31.694",
  "metadata" : {
    "data_version" : "1.1.0",
    "shot_fidelity_version" : "2",
    "xy_fidelity_version" : "2"
  },
  "match_week" : 16,
  "competition_stage" : {
    "id" : 1,
    "name" : "Regular Season"
  },
  "stadium" : {
    "id" : 342,
    "name" : "Spotify Camp Nou",
    "country" : {
      "id" : 214,
      "name" : "Spain"
    }
  },
  "referee" : {
    "id" : 180,
    "name" : "Antonio Miguel Mateu Lahoz",
    "country" : {
      "id" : 214,
      "name" : "Spain"
    }
  }
}, {
  "match_id" : 9754,
  "match_date" : "2018-01-14",
  "kick_off" : "20:45:00.000",
  "competition" : {
    "competition_id" : 11,
    "country_name" : "Spain",
    "competition_name" : "La Liga"
  },
  "season" : {
    "season_id" : 1,
    "season_name" : "2017/2018"
  },
  "home_team" : {
    "home_team_id" : 210,
    "home_team_name" : "Real Sociedad",
    "home_team_gender" : "male",
    "home_team_group" : null,
    "country" : {
      "id" : 214,
      "name" : "Spain"
    },
    "managers" : [ {
      "id" : 229,
      "name" : "Eusebio Sacristán Mena",
      "nickname" : "Eusebio Sacristán",
      "dob" : "1964-04-13",
      "country" : {
        "id" : 214,
        "name" : "Spain"
      }
    } ]
  },
  "away_team" : {
    "away_team_id" : 217,
    "away_team_name" : "Barcelona",
    "away_team_gender" : "male",
    "away_team_group" : null,
    "country" : {
      "id" : 214,
      "name" : "Spain"
    },
    "managers" : [ {
      "id" : 227,
      "name" : "Ernesto Valverde Tejedor",
      "nickname" : "Ernesto Valverde",
      "dob" : "1964-02-09",
      "country" : {
        "id" : 214,
        "name" : "Spain"
      }
    } ]
  },
  "home_score" : 2,
  "away_score" : 4,
  "match_status" : "available",
  "match_status_360" : "scheduled",
  "last_updated" : "2020-07-29T05:00",
  "last_updated_360" : "2021-06-13T16:17:31.694",
  "metadata" : {
    "data_version" : "1.1.0",
    "shot_fidelity_version" : "2"
  },
  "match_week" : 19,
  "competition_stage" : {
    "id" : 1,
    "name" : "Regular Season"
  },
  "stadium" : {
    "id" : 5043,
    "name" : "Reale Arena",
    "country" : {
      "id" : 214,
      "name" : "Spain"
    }
  },
  "referee" : {
    "id" : 211,
    "name" : "José Luis González González",
    "country" : {
      "id" : 214,
      "name" : "Spain"
    }
  }
}, {
  "match_id" : 9889,
  "match_date" : "2018-04-17",
  "kick_off" : "21:00:00.000",
  "competition" : {
    "competition_id" : 11,
    "country_name" : "Spain",
    "competition_name" : "La Liga"
  },
  "season" : {
    "season_id" : 1,
    "season_name" : "2017/2018"
  },
  "home_team" : {
    "home_team_id" : 209,
    "home_team_name" : "Celta Vigo",
    "home_team_gender" : "male",
    "home_team_group" : null,
    "country" : {
      "id" : 214,
      "name" : "Spain"
    },
    "managers" : [ {
      "id" : 208,
      "name" : "Juan Carlos Unzué Labiano",
      "nickname" : "Juan Carlos Unzué",
      "dob" : "1967-04-22",
      "country" : {
        "id" : 214,
        "name" : "Spain"
      }
    } ]
  },
  "away_team" : {
    "away_team_id" : 217,
    "away_team_name" : "Barcelona",
    "away_team_gender" : "male",
    "away_team_group" : null,
    "country" : {
      "id" : 214,
      "name" : "Spain"
    },
    "managers" : [ {
      "id" : 227,
      "name" : "Ernesto Valverde Tejedor",
      "nickname" : "Ernesto Valverde",
      "dob" : "1964-02-09",
      "country" : {
        "id" : 214,
        "name" : "Spain"
      }
    } ]
  },
  "home_score" : 2,
  "away_score" : 2,
  "match_status" : "available",
  "match_status_360" : "scheduled",
  "last_updated" : "2020-07-29T05:00",
  "last_updated_360" : "2021-06-13T16:17:31.694",
  "metadata" : {
    "data_version" : "1.1.0",
    "shot_fidelity_version" : "2"
  },
  "match_week" : 33,
  "competition_stage" : {
    "id" : 1,
    "name" : "Regular Season"
  },
  "stadium" : {
    "id" : 653,
    "name" : "Abanca-Balaídos",
    "country" : {
      "id" : 214,
      "name" : "Spain"
    }
  },
  "referee" : {
    "id" : 222,
    "name" : "David Fernández Borbalan",
    "country" : {
      "id" : 214,
      "name" : "Spain"
    }
  }
} ]