[ {
  "match_id" : 69328,
  "match_date" : "2012-02-19",
  "kick_off" : "21:30:00.000",
  "competition" : {
    "competition_id" : 11,
    "country_name" : "Spain",
    "competition_name" : "La Liga"
  },
  "season" : {
    "season_id" : 23,
    "season_name" : "2011/2012"
  },
  "home_team" : {
    "home_team_id" : 217,
    "home_team_name" : "Barcelona",
    "home_team_gender" : "male",
    "home_team_group" : null,
    "country" : {
      "id" : 214,
      "name" : "Spain"
    },
    "managers" : [ {
      "id" : 36,
      "name" : "Josep Guardiola i Sala",
      "nickname" : "Pep Guardiola",
      "dob" : "1971-01-18",
      "country" : {
        "id" : 214,
        "name" : "Spain"
      }
    } ]
  },
  "away_team" : {
    "away_team_id" : 207,
    "away_team_name" : "Valencia",
    "away_team_gender" : "male",
    "away_team_group" : null,
    "country" : {
      "id" : 214,
      "name" : "Spain"
    },
    "managers" : [ {
      "id" : 21,
      "name" : "Unai Emery Etxegoien",
      "nickname" : "Unai Emery",
      "dob" : "1971-11-03",
      "country" : {
        "id" : 214,
        "name" : "Spain"
      }
    } ]
  },
  "home_score" : 5,
  "away_score" : 1,
  "match_status" : "available",
  "match_status_360" : "scheduled",
  "last_updated" : "2020-07-29T05:00",
  "last_updated_360" : "2021-06-13T16:17:31.694",
  "metadata" : {
    "data_version" : "1.1.0",
    "shot_fidelity_version" : "2",
    "xy_fidelity_version" : "2"
  },
  "match_week" : 24,
  "competition_stage" : {
    "id" : 1,
    "name" : "Regular Season"
  },
  "stadium" : {
    "id" : 342,
    "name" : "Spotify Camp Nou",
    "country" : {
      "id" : 214,
      "name" : "Spain"
    }
  },
  "referee" : {
    "id" : 1004,
    "name" : "Turienzo",
    "country" : {
      "id" : 214,
      "name" : "Spain"
    }
  }
}, {
  "match_id" : 69329,
  "match_date" : "2011-10-22",
  "kick_off" : "22:00:00.000",
  "competition" : {
    "competition_id" : 11,
    "country_name" : "Spain",
    "competition_name" : "La Liga"
  },
  "season" : {
    "season_id" : 23,
    "season_name" : "2011/2012"
  },
  "home_team" : {
    "home_team_id" : 217,
    "home_team_name" : "Barcelona",
    "home_team_gender" : "male",
    "home_team_group" : null,
    "country" : {
      "id" : 214,
      "name" : "Spain"
    },
    "managers" : [ {
      "id" : 36,
      "name" : "Josep Guardiola i Sala",
      "nickname" : "Pep Guardiola",
      "dob" : "1971-01-18",
      "country" : {
        "id" : 214,
        "name" : "Spain"
      }
    } ]
  },
  "away_team" : {
    "away_team_id" : 213,
    "away_team_name" : "Sevilla",
    "away_team_gender" : "male",
    "away_team_group" : null,
    "country" : {
      "id" : 214,
      "name" : "Spain"
    },
    "managers" : [ {
      "id" : 211,
      "name" : "Marcelino García Toral",
      "nickname" : "Marcelino",
      "dob" : "1965-08-14",
      "country" : {
        "id" : 214,
        "name" : "Spain"
      }
    } ]
  },
  "home_score" : 0,
  "away_score" : 0,
  "match_status" : "available",
  "match_status_360" : "scheduled",
  "last_updated" : "2020-07-29T05:00",
  "last_updated_360" : "2021-06-13T16:17:31.694",
  "metadata" : {
    "data_version" : "1.1.0",
    "shot_fidelity_version" : "2",
    "xy_fidelity_version" : "2"
  },
  "match_week" : 9,
  "competition_stage" : {
    "id" : 1,
    "name" : "Regular Season"
  },
  "stadium" : {
    "id" : 342,
    "name" : "Spotify Camp Nou",
    "country" : {
      "id" : 214,
      "name" : "Spain"
    }
  },
  "referee" : {
    "id" : 999,
    "name" : "Eduardo Iturralde Gonzalez",
    "country" : {
      "id" : 214,
      "name" : "Spain"
    }
  }
}, {
  "match_id" : 70219,
  "match_date" : "2012-04-07",
  "kick_off" : "20:00:00.000",
  "competition" : {
    "competition_id" : 11,
    "country_name" : "Spain",
    "competition_name" : "La Liga"
  },
  "season" : {
    "season_id" : 23,
    "season_name" : "2011/2012"
  },
  "home_team" : {
    "home_team_id" : 395,
    "home_team_name" : "Real Zaragoza",
    "home_team_gender" : "male",
    "home_team_group" : null,
    "country" : {
      "id" : 214,
      "name" : "Spain"
    },
    "managers" : [ {
      "id" : 1621,
      "name" : "Manuel Enrique Jiménez Jiménez",
      "nickname" : "Manolo Jiménez",
      "dob" : "1964-01-26",
      "country" : {
        "id" : 214,
        "name" : "Spain"
      }
    } ]
  },
  "away_team" : {
    "away_team_id" : 217,
    "away_team_name" : "Barcelona",
    "away_team_gender" : "male",
    "away_team_group" : null,
    "country" : {
      "id" : 214,
      "name" : "Spain"
    },
    "managers" : [ {
      "id" : 36,
      "name" : "Josep Guardiola i Sala",
      "nickname" : "Pep Guardiola",
      "dob" : "1971-01-18",
      "country" : {
        "id" : 214,
        "name" : "Spain"
      }
    } ]
  },
  "home_score" : 1,
  "away_score" : 4,
  "match_status" : "available",
  "match_status_360" : "scheduled",
  "last_updated" : "2020-07-29T05:00",
  "last_updated_360" : "2021-06-13T16:17:31.694",
  "metadata" : {
    "data_version" : "1.1.0",
    "shot_fidelity_version" : "2",
    "xy_fidelity_version" : "2"
  },
  "match_week" : 32,
  "competition_stage" : {
    "id" : 1,
    "name" : "Regular Season"
  },
  "stadium" : {
    "id" : 4457,
    "name" : "Estadio de la Romareda",
    "country" : {
      "id" : 214,
      "name" : "Spain"
    }
  },
  "referee" : {
    "id" : 1004,
    "name" : "Turienzo",
    "country" : {
      "id" : 214,
      "name" : "Spain"
    }
  }
}, {
  "match_id" : 69331,
  "match_date" : "2011-11-19",
  "kick_off" : "20:00:00.000",
  "competition" : {
    "competition_id" : 11,
    "country_name" : "Spain",
    "competition_name" : "La Liga"
  },
  "season" : {
    "season_id" : 23,
    "season_name" : "2011/2012"
  },
  "home_team" : {
    "home_team_id" : 217,
    "home_team_name" : "Barcelona",
    "home_team_gender" : "male",
    "home_team_group" : null,
    "country" : {
      "id" : 214,
      "name" : "Spain"
    },
    "managers" : [ {
      "id" : 36,
      "name" : "Josep Guardiola i Sala",
      "nickname" : "Pep Guardiola",
      "dob" : "1971-01-18",
      "country" : {
        "id" : 214,
        "name" : "Spain"
      }
    } ]
  },
  "away_team" : {
    "away_team_id" : 395,
    "away_team_name" : "Real Zaragoza",
    "away_team_gender" : "male",
    "away_team_group" : null,
    "country" : {
      "id" : 214,
      "name" : "Spain"
    },
    "managers" : [ {
      "id" : 3196,
      "name" : "Javier Aguirre Onaindía",
      "nickname" : "Javier Aguirre",
      "dob" : "1958-12-01",
      "country" : {
        "id" : 147,
        "name" : "Mexico"
      }
    } ]
  },
  "home_score" : 4,
  "away_score" : 0,
  "match_status" : "available",
  "match_status_360" : "scheduled",
  "last_updated" : "2020-07-29T05:00",
  "last_updated_360" : "2021-06-13T16:17:31.694",
  "metadata" : {
    "data_version" : "1.1.0",
    "shot_fidelity_version" : "2",
    "xy_fidelity_version" : "2"
  },
  "match_week" : 13,
  "competition_stage" : {
    "id" : 1,
    "name" : "Regular Season"
  },
  "stadium" : {
    "id" : 342,
    "name" : "Spotify Camp Nou",
    "country" : {
      "id" : 214,
      "name" : "Spain"
    }
  },
  "referee" : {
    "id" : 221,
    "name" : "Alberto Undiano Mallenco",
    "country" : {
      "id" : 214,
      "name" : "Spain"
    }
  }
}, {
  "match_id" : 69337,
  "match_date" : "2012-02-26",
  "kick_off" : "21:30:00.000",
  "competition" : {
    "competition_id" : 11,
    "country_name" : "Spain",
    "competition_name" : "La Liga"
  },
  "season" : {
    "season_id" : 23,
    "season_name" : "2011/2012"
  },
  "home_team" : {
    "home_team_id" : 212,
    "home_team_name" : "Atlético Madrid",
    "home_team_gender" : "male",
    "home_team_group" : null,
    "country" : {
      "id" : 214,
      "name" : "Spain"
    },
    "managers" : [ {
      "id" : 230,
      "name" : "Diego Pablo Simeone",
      "nickname" : "Diego Simeone",
      "dob" : "1970-04-28",
      "country" : {
        "id" : 11,
        "name" : "Argentina"
      }
    } ]
  },
  "away_team" : {
    "away_team_id" : 217,
    "away_team_name" : "Barcelona",
    "away_team_gender" : "male",
    "away_team_group" : null,
    "country" : {
      "id" : 214,
      "name" : "Spain"
    },
    "managers" : [ {
      "id" : 36,
      "name" : "Josep Guardiola i Sala",
      "nickname" : "Pep Guardiola",
      "dob" : "1971-01-18",
      "country" : {
        "id" : 214,
        "name" : "Spain"
      }
    } ]
  },
  "home_score" : 1,
  "away_score" : 2,
  "match_status" : "available",
  "match_status_360" : "scheduled",
  "last_updated" : "2020-07-29T05:00",
  "last_updated_360" : "2021-06-13T16:17:31.694",
  "metadata" : {
    "data_version" : "1.1.0",
    "shot_fidelity_version" : "2",
    "xy_fidelity_version" : "2"
  },
  "match_week" : 25,
  "competition_stage" : {
    "id" : 1,
    "name" : "Regular Season"
  },
  "stadium" : {
    "id" : 625,
    "name" : "Estadio Vicente Calderón",
    "country" : {
      "id" : 214,
      "name" : "Spain"
    }
  },
  "referee" : {
    "id" : 1001,
    "name" : "Miguel Pérez",
    "country" : {
      "id" : 214,
      "name" : "Spain"
    }
  }
}, {
  "match_id" : 69322,
  "match_date" : "2012-03-11",
  "kick_off" : "18:00:00.000",
  "competition" : {
    "competition_id" : 11,
    "country_name" : "Spain",
    "competition_name" : "La Liga"
  },
  "season" : {
    "season_id" : 23,
    "season_name" : "2011/2012"
  },
  "home_team" : {
    "home_team_id" : 1217,
    "home_team_name" : "Racing Santander",
    "home_team_gender" : "male",
    "home_team_group" : null,
    "country" : {
      "id" : 214,
      "name" : "Spain"
    },
    "managers" : [ {
      "id" : 1598,
      "name" : "Álvaro Cervera Díaz",
      "nickname" : "Álvaro Cervera",
      "dob" : "1965-09-20",
      "country" : {
        "id" : 214,
        "name" : "Spain"
      }
    } ]
  },
  "away_team" : {
    "away_team_id" : 217,
    "away_team_name" : "Barcelona",
    "away_team_gender" : "male",
    "away_team_group" : null,
    "country" : {
      "id" : 214,
      "name" : "Spain"
    },
    "managers" : [ {
      "id" : 36,
      "name" : "Josep Guardiola i Sala",
      "nickname" : "Pep Guardiola",
      "dob" : "1971-01-18",
      "country" : {
        "id" : 214,
        "name" : "Spain"
      }
    } ]
  },
  "home_score" : 0,
  "away_score" : 2,
  "match_status" : "available",
  "match_status_360" : "scheduled",
  "last_updated" : "2020-07-29T05:00",
  "last_updated_360" : "2021-06-13T16:17:31.694",
  "metadata" : {
    "data_version" : "1.1.0",
    "shot_fidelity_version" : "2",
    "xy_fidelity_version" : "2"
  },
  "match_week" : 27,
  "competition_stage" : {
    "id" : 1,
    "name" : "Regular Season"
  },
  "stadium" : {
    "id" : 4636,
    "name" : "Campos de Sport de El Sardinero",
    "country" : {
      "id" : 214,
      "name" : "Spain"
    }
  }
}, {
  "match_id" : 69316,
  "match_date" : "2012-02-04",
  "kick_off" : "22:00:00.000",
  "competition" : {
    "competition_id" : 11,
    "country_name" : "Spain",
    "competition_name" : "La Liga"
  },
  "season" : {
    "season_id" : 23,
    "season_name" : "2011/2012"
  },
  "home_team" : {
    "home_team_id" : 217,
    "home_team_name" : "Barcelona",
    "home_team_gender" : "male",
    "home_team_group" : null,
    "country" : {
      "id" : 214,
      "name" : "Spain"
    },
    "managers" : [ {
      "id" : 36,
      "name" : "Josep Guardiola i Sala",
      "nickname" : "Pep Guardiola",
      "dob" : "1971-01-18",
      "country" : {
        "id" : 214,
        "name" : "Spain"
      }
    } ]
  },
  "away_team" : {
    "away_team_id" : 210,
    "away_team_name" : "Real Sociedad",
    "away_team_gender" : "male",
    "away_team_group" : null,
    "country" : {
      "id" : 214,
      "name" : "Spain"
    },
    "managers" : [ {
      "id" : 224,
      "name" : "Philippe Jacques William Montanier",
      "nickname" : null,
      "dob" : "1964-11-15",
      "country" : {
        "id" : 78,
        "name" : "France"
      }
    } ]
  },
  "home_score" : 2,
  "away_score" : 1,
  "match_status" : "available",
  "match_status_360" : "scheduled",
  "last_updated" : "2020-07-29T05:00",
  "last_updated_360" : "2021-06-13T16:17:31.694",
  "metadata" : {
    "data_version" : "1.1.0",
    "shot_fidelity_version" : "2",
    "xy_fidelity_version" : "2"
  },
  "match_week" : 22,
  "competition_stage" : {
    "id" : 1,
    "name" : "Regular Season"
  },
  "stadium" : {
    "id" : 342,
    "name" : "Spotify Camp Nou",
    "country" : {
      "id" : 214,
      "name" : "Spain"
    }
  },
  "referee" : {
    "id" : 1008,
    "name" : "Carlos Clos Gómez",
    "country" : {
      "id" : 214,
      "name" : "Spain"
    }
  }
}, {
  "match_id" : 69332,
  "match_date" : "2011-11-29",
  "kick_off" : "21:00:00.000",
  "competition" : {
    "competition_id" : 11,
    "country_name" : "Spain",
    "competition_name" : "La Liga"
  },
  "season" : {
    "season_id" : 23,
    "season_name" : "2011/2012"
  },
  "home_team" : {
    "home_team_id" : 217,
    "home_team_name" : "Barcelona",
    "home_team_gender" : "male",
    "home_team_group" : null,
    "country" : {
      "id" : 214,
      "name" : "Spain"
    },
    "managers" : [ {
      "id" : 36,
      "name" : "Josep Guardiola i Sala",
      "nickname" : "Pep Guardiola",
      "dob" : "1971-01-18",
      "country" : {
        "id" : 214,
        "name" : "Spain"
      }
    } ]
  },
  "away_team" : {
    "away_team_id" : 360,
    "away_team_name" : "Rayo Vallecano",
    "away_team_gender" : "male",
    "away_team_group" : null,
    "country" : {
      "id" : 214,
      "name" : "Spain"
    },
    "managers" : [ {
      "id" : 1617,
      "name" : "José Ramón Sandoval Huertas",
      "nickname" : "José Ramón Sandoval",
      "dob" : "1968-05-02",
      "country" : {
        "id" : 214,
        "name" : "Spain"
      }
    } ]
  },
  "home_score" : 4,
  "away_score" : 0,
  "match_status" : "available",
  "match_status_360" : "scheduled",
  "last_updated" : "2020-07-29T05:00",
  "last_updated_360" : "2021-06-13T16:17:31.694",
  "metadata" : {
    "data_version" : "1.1.0",
    "shot_fidelity_version" : "2",
    "xy_fidelity_version" : "2"
  },
  "match_week" : 17,
  "competition_stage" : {
    "id" : 1,
    "name" : "Regular Season"
  },
  "stadium" : {
    "id" : 342,
    "name" : "Spotify Camp Nou",
    "country" : {
      "id" : 214,
      "name" : "Spain"
    }
  },
  "referee" : {
    "id" : 1001,
    "name" : "Miguel Pérez",
    "country" : {
      "id" : 214,
      "name" : "Spain"
    }
  }
}, {
  "match_id" : 69335,
  "match_date" : "2012-01-22",
  "kick_off" : "18:00:00.000",
  "competition" : {
    "competition_id" : 11,
    "country_name" : "Spain",
    "competition_name" : "La Liga"
  },
  "season" : {
    "season_id" : 23,
    "season_name" : "2011/2012"
  },
  "home_team" : {
    "home_team_id" : 223,
    "home_team_name" : "Málaga",
    "home_team_gender" : "male",
    "home_team_group" : null,
    "country" : {
      "id" : 214,
      "name" : "Spain"
    },
    "managers" : [ {
      "id" : 733,
      "name" : "Manuel Luis Pellegrini Ripamonti",
      "nickname" : "Manuel Pellegrini",
      "dob" : "1953-09-16",
      "country" : {
        "id" : 45,
        "name" : "Chile"
      }
    } ]
  },
  "away_team" : {
    "away_team_id" : 217,
    "away_team_name" : "Barcelona",
    "away_team_gender" : "male",
    "away_team_group" : null,
    "country" : {
      "id" : 214,
      "name" : "Spain"
    },
    "managers" : [ {
      "id" : 36,
      "name" : "Josep Guardiola i Sala",
      "nickname" : "Pep Guardiola",
      "dob" : "1971-01-18",
      "country" : {
        "id" : 214,
        "name" : "Spain"
      }
    } ]
  },
  "home_score" : 1,
  "away_score" : 4,
  "match_status" : "available",
  "match_status_360" : "scheduled",
  "last_updated" : "2020-07-29T05:00",
  "last_updated_360" : "2021-06-13T16:17:31.694",
  "metadata" : {
    "data_version" : "1.1.0",
    "shot_fidelity_version" : "2",
    "xy_fidelity_version" : "2"
  },
  "match_week" : 1,
  "competition_stage" : {
    "id" : 1,
    "name" : "Regular Season"
  },
  "stadium" : {
    "id" : 346,
    "name" : "Estadio La Rosaleda",
    "country" : {
      "id" : 214,
      "name" : "Spain"
    }
  },
  "referee" : {
    "id" : 221,
    "name" : "Alberto Undiano Mallenco",
    "country" : {
      "id" : 214,
      "name" : "Spain"
    }
  }
}, {
  "match_id" : 69330,
  "match_date" : "2011-11-06",
  "kick_off" : "20:00:00.000",
  "competition" : {
    "competition_id" : 11,
    "country_name" : "Spain",
    "competition_name" : "La Liga"
  },
  "season" : {
    "season_id" : 23,
    "season_name" : "2011/2012"
  },
  "home_team" : {
    "home_team_id" : 215,
    "home_team_name" : "Athletic Club",
    "home_team_gender" : "male",
    "home_team_group" : null,
    "country" : {
      "id" : 214,
      "name" : "Spain"
    },
    "managers" : [ {
      "id" : 269,
      "name" : "Marcelo Alberto Bielsa Caldera",
      "nickname" : "Marcelo Bielsa",
      "dob" : "1955-07-21",
      "country" : {
        "id" : 11,
        "name" : "Argentina"
      }
    } ]
  },
  "away_team" : {
    "away_team_id" : 217,
    "away_team_name" : "Barcelona",
    "away_team_gender" : "male",
    "away_team_group" : null,
    "country" : {
      "id" : 214,
      "name" : "Spain"
    },
    "managers" : [ {
      "id" : 36,
      "name" : "Josep Guardiola i Sala",
      "nickname" : "Pep Guardiola",
      "dob" : "1971-01-18",
      "country" : {
        "id" : 214,
        "name" : "Spain"
      }
    } ]
  },
  "home_score" : 2,
  "away_score" : 2,
  "match_status" : "available",
  "match_status_360" : "scheduled",
  "last_updated" : "2020-07-29T05:00",
  "last_updated_360" : "2021-06-13T16:17:31.694",
  "metadata" : {
    "data_version" : "1.1.0",
    "shot_fidelity_version" : "2",
    "xy_fidelity_version" : "2"
  },
  "match_week" : 12,
  "competition_stage" : {
    "id" : 1,
    "name" : "Regular Season"
  },
  "stadium" : {
    "id" : 4637,
    "name" : "Estadio San Mamés",
    "country" : {
      "id" : 214,
      "name" : "Spain"
    }
  },
  "referee" : {
    "id" : 1013,
    "name" : "José Paradas",
    "country" : {
      "id" : 214,
      "name" : "Spain"
    }
  }
}, {
  "match_id" : 69297,
  "match_date" : "2011-09-24",
  "kick_off" : "22:00:00.000",
  "competition" : {
    "competition_id" : 11,
    "country_name" : "Spain",
    "competition_name" : "La Liga"
  },
  "season" : {
    "season_id" : 23,
    "season_name" : "2011/2012"
  },
  "home_team" : {
    "home_team_id" : 217,
    "home_team_name" : "Barcelona",
    "home_team_gender" : "male",
    "home_team_group" : null,
    "country" : {
      "id" : 214,
      "name" : "Spain"
    },
    "managers" : [ {
      "id" : 36,
      "name" : "Josep Guardiola i Sala",
      "nickname" : "Pep Guardiola",
      "dob" : "1971-01-18",
      "country" : {
        "id" : 214,
        "name" : "Spain"
      }
    } ]
  },
  "away_team" : {
    "away_team_id" : 212,
    "away_team_name" : "Atlético Madrid",
    "away_team_gender" : "male",
    "away_team_group" : null,
    "country" : {
      "id" : 214,
      "name" : "Spain"
    },
    "managers" : [ {
      "id" : 4994,
      "name" : "Gregorio Manzano Ballesteros",
      "nickname" : "Gregorio Manzano",
      "dob" : "1956-03-11",
      "country" : {
        "id" : 214,
        "name" : "Spain"
      }
    } ]
  },
  "home_score" : 5,
  "away_score" : 0,
  "match_status" : "available",
  "match_status_360" : "scheduled",
  "last_updated" : "2020-07-29T05:00",
  "last_updated_360" : "2021-06-13T16:17:31.694",
  "metadata" : {
    "data_version" : "1.1.0",
    "shot_fidelity_version" : "2",
    "xy_fidelity_version" : "2"
  },
  "match_week" : 6,
  "competition_stage" : {
    "id" : 1,
    "name" : "Regular Season"
  },
  "stadium" : {
    "id" : 342,
    "name" : "Spotify Camp Nou",
    "country" : {
      "id" : 214,
      "name" : "Spain"
    }
  },
  "referee" : {
    "id" : 1012,
    "name" : "Carlos Delgado",
    "country" : {
      "id" : 214,
      "name" : "Spain"
    }
  }
}, {
  "match_id" : 69325,
  "match_date" : "2012-03-24",
  "kick_off" : "18:00:00.000",
  "competition" : {
    "competition_id" : 11,
    "country_name" : "Spain",
    "competition_name" : "La Liga"
  },
  "season" : {
    "season_id" : 23,
    "season_name" : "2011/2012"
  },
  "home_team" : {
    "home_team_id" : 1043,
    "home_team_name" : "Mallorca",
    "home_team_gender" : "male",
    "home_team_group" : null,
    "country" : {
      "id" : 214,
      "name" : "Spain"
    },
    "managers" : [ {
      "id" : 497,
      "name" : "Joaquín de Jesús Caparrós Camino",
      "nickname" : "Joaquín Caparrós",
      "dob" : "1955-10-15",
      "country" : {
        "id" : 214,
        "name" : "Spain"
      }
    } ]
  },
  "away_team" : {
    "away_team_id" : 217,
    "away_team_name" : "Barcelona",
    "away_team_gender" : "male",
    "away_team_group" : null,
    "country" : {
      "id" : 214,
      "name" : "Spain"
    },
    "managers" : [ {
      "id" : 36,
      "name" : "Josep Guardiola i Sala",
      "nickname" : "Pep Guardiola",
      "dob" : "1971-01-18",
      "country" : {
        "id" : 214,
        "name" : "Spain"
      }
    } ]
  },
  "home_score" : 0,
  "away_score" : 2,
  "match_status" : "available",
  "match_status_360" : "scheduled",
  "last_updated" : "2020-07-29T05:00",
  "last_updated_360" : "2021-06-13T16:17:31.694",
  "metadata" : {
    "data_version" : "1.1.0",
    "shot_fidelity_version" : "2",
    "xy_fidelity_version" : "2"
  },
  "match_week" : 30,
  "competition_stage" : {
    "id" : 1,
    "name" : "Regular Season"
  },
  "stadium" : {
    "id" : 4454,
    "name" : "Estadi Mallorca Son Moix",
    "country" : {
      "id" : 214,
      "name" : "Spain"
    }
  },
  "referee" : {
    "id" : 1009,
    "name" : "Miguel Ayza",
    "country" : {
      "id" : 214,
      "name" : "Spain"
    }
  }
}, {
  "match_id" : 69324,
  "match_date" : "2012-04-21",
  "kick_off" : "20:00:00.000",
  "competition" : {
    "competition_id" : 11,
    "country_name" : "Spain",
    "competition_name" : "La Liga"
  },
  "season" : {
    "season_id" : 23,
    "season_name" : "2011/2012"
  },
  "home_team" : {
    "home_team_id" : 217,
    "home_team_name" : "Barcelona",
    "home_team_gender" : "male",
    "home_team_group" : null,
    "country" : {
      "id" : 214,
      "name" : "Spain"
    },
    "managers" : [ {
      "id" : 36,
      "name" : "Josep Guardiola i Sala",
      "nickname" : "Pep Guardiola",
      "dob" : "1971-01-18",
      "country" : {
        "id" : 214,
        "name" : "Spain"
      }
    } ]
  },
  "away_team" : {
    "away_team_id" : 220,
    "away_team_name" : "Real Madrid",
    "away_team_gender" : "male",
    "away_team_group" : null,
    "country" : {
      "id" : 214,
      "name" : "Spain"
    },
    "managers" : [ {
      "id" : 383,
      "name" : "José Mario Felix dos Santos Mourinho",
      "nickname" : "José Mourinho",
      "dob" : "1963-01-26",
      "country" : {
        "id" : 183,
        "name" : "Portugal"
      }
    } ]
  },
  "home_score" : 1,
  "away_score" : 2,
  "match_status" : "available",
  "match_status_360" : "scheduled",
  "last_updated" : "2020-07-29T05:00",
  "last_updated_360" : "2021-06-13T16:17:31.694",
  "metadata" : {
    "data_version" : "1.1.0",
    "shot_fidelity_version" : "2",
    "xy_fidelity_version" : "2"
  },
  "match_week" : 35,
  "competition_stage" : {
    "id" : 1,
    "name" : "Regular Season"
  },
  "stadium" : {
    "id" : 342,
    "name" : "Spotify Camp Nou",
    "country" : {
      "id" : 214,
      "name" : "Spain"
    }
  },
  "referee" : {
    "id" : 221,
    "name" : "Alberto Undiano Mallenco",
    "country" : {
      "id" : 214,
      "name" : "Spain"
    }
  }
}, {
  "match_id" : 70225,
  "match_date" : "2012-03-20",
  "kick_off" : "21:00:00.000",
  "competition" : {
    "competition_id" : 11,
    "country_name" : "Spain",
    "competition_name" : "La Liga"
  },
  "season" : {
    "season_id" : 23,
    "season_name" : "2011/2012"
  },
  "home_team" : {
    "home_team_id" : 217,
    "home_team_name" : "Barcelona",
    "home_team_gender" : "male",
    "home_team_group" : null,
    "country" : {
      "id" : 214,
      "name" : "Spain"
    },
    "managers" : [ {
      "id" : 36,
      "name" : "Josep Guardiola i Sala",
      "nickname" : "Pep Guardiola",
      "dob" : "1971-01-18",
      "country" : {
        "id" : 214,
        "name" : "Spain"
      }
    } ]
  },
  "away_team" : {
    "away_team_id" : 1049,
    "away_team_name" : "Granada",
    "away_team_gender" : "male",
    "away_team_group" : null,
    "country" : {
      "id" : 214,
      "name" : "Spain"
    },
    "managers" : [ {
      "id" : 4988,
      "name" : "Abel Resino Gómez",
      "nickname" : null,
      "dob" : "1960-02-02",
      "country" : {
        "id" : 214,
        "name" : "Spain"
      }
    } ]
  },
  "home_score" : 5,
  "away_score" : 3,
  "match_status" : "available",
  "match_status_360" : "scheduled",
  "last_updated" : "2020-07-29T05:00",
  "last_updated_360" : "2021-06-13T16:17:31.694",
  "metadata" : {
    "data_version" : "1.1.0",
    "shot_fidelity_version" : "2",
    "xy_fidelity_version" : "2"
  },
  "match_week" : 29,
  "competition_stage" : {
    "id" : 1,
    "name" : "Regular Season"
  },
  "stadium" : {
    "id" : 342,
    "name" : "Spotify Camp Nou",
    "country" : {
      "id" : 214,
      "name" : "Spain"
    }
  },
  "referee" : {
    "id" : 1016,
    "name" : "José Teixeira",
    "country" : {
      "id" : 214,
      "name" : "Spain"
    }
  }
}, {
  "match_id" : 69293,
  "match_date" : "2011-10-15",
  "kick_off" : "20:00:00.000",
  "competition" : {
    "competition_id" : 11,
    "country_name" : "Spain",
    "competition_name" : "La Liga"
  },
  "season" : {
    "season_id" : 23,
    "season_name" : "2011/2012"
  },
  "home_team" : {
    "home_team_id" : 217,
    "home_team_name" : "Barcelona",
    "home_team_gender" : "male",
    "home_team_group" : null,
    "country" : {
      "id" : 214,
      "name" : "Spain"
    },
    "managers" : [ {
      "id" : 36,
      "name" : "Josep Guardiola i Sala",
      "nickname" : "Pep Guardiola",
      "dob" : "1971-01-18",
      "country" : {
        "id" : 214,
        "name" : "Spain"
      }
    } ]
  },
  "away_team" : {
    "away_team_id" : 1217,
    "away_team_name" : "Racing Santander",
    "away_team_gender" : "male",
    "away_team_group" : null,
    "country" : {
      "id" : 214,
      "name" : "Spain"
    },
    "managers" : [ {
      "id" : 486,
      "name" : "Héctor Raúl Cúper",
      "nickname" : "Héctor Cúper",
      "dob" : "1955-11-16",
      "country" : {
        "id" : 11,
        "name" : "Argentina"
      }
    } ]
  },
  "home_score" : 3,
  "away_score" : 0,
  "match_status" : "available",
  "match_status_360" : "scheduled",
  "last_updated" : "2020-07-29T05:00",
  "last_updated_360" : "2021-06-13T16:17:31.694",
  "metadata" : {
    "data_version" : "1.1.0",
    "shot_fidelity_version" : "2",
    "xy_fidelity_version" : "2"
  },
  "match_week" : 8,
  "competition_stage" : {
    "id" : 1,
    "name" : "Regular Season"
  },
  "stadium" : {
    "id" : 342,
    "name" : "Spotify Camp Nou",
    "country" : {
      "id" : 214,
      "name" : "Spain"
    }
  },
  "referee" : {
    "id" : 1009,
    "name" : "Miguel Ayza",
    "country" : {
      "id" : 214,
      "name" : "Spain"
    }
  }
}, {
  "match_id" : 70223,
  "match_date" : "2011-09-21",
  "kick_off" : "22:00:00.000",
  "competition" : {
    "competition_id" : 11,
    "country_name" : "Spain",
    "competition_name" : "La Liga"
  },
  "season" : {
    "season_id" : 23,
    "season_name" : "2011/2012"
  },
  "home_team" : {
    "home_team_id" : 207,
    "home_team_name" : "Valencia",
    "home_team_gender" : "male",
    "home_team_group" : null,
    "country" : {
      "id" : 214,
      "name" : "Spain"
    },
    "managers" : [ {
      "id" : 21,
      "name" : "Unai Emery Etxegoien",
      "nickname" : "Unai Emery",
      "dob" : "1971-11-03",
      "country" : {
        "id" : 214,
        "name" : "Spain"
      }
    } ]
  },
  "away_team" : {
    "away_team_id" : 217,
    "away_team_name" : "Barcelona",
    "away_team_gender" : "male",
    "away_team_group" : null,
    "country" : {
      "id" : 214,
      "name" : "Spain"
    },
    "managers" : [ {
      "id" : 36,
      "name" : "Josep Guardiola i Sala",
      "nickname" : "Pep Guardiola",
      "dob" : "1971-01-18",
      "country" : {
        "id" : 214,
        "name" : "Spain"
      }
    } ]
  },
  "home_score" : 2,
  "away_score" : 2,
  "match_status" : "available",
  "match_status_360" : "scheduled",
  "last_updated" : "2020-07-29T05:00",
  "last_updated_360" : "2021-06-13T16:17:31.694",
  "metadata" : {
    "data_version" : "1.1.0",
    "shot_fidelity_version" : "2",
    "xy_fidelity_version" : "2"
  },
  "match_week" : 5,
  "competition_stage" : {
    "id" : 1,
    "name" : "Regular Season"
  },
  "stadium" : {
    "id" : 344,
    "name" : "Estadio de Mestalla",
    "country" : {
      "id" : 214,
      "name" : "Spain"
    }
  },
  "referee" : {
    "id" : 2535,
    "name" : "Carlos Velasco Carballo",
    "country" : {
      "id" : 214,
      "name" : "Spain"
    }
  }
}, {
  "match_id" : 69333,
  "match_date" : "2011-12-03",
  "kick_off" : "20:00:00.000",
  "competition" : {
    "competition_id" : 11,
    "country_name" : "Spain",
    "competition_name" : "La Liga"
  },
  "season" : {
    "season_id" : 23,
    "season_name" : "2011/2012"
  },
  "home_team" : {
    "home_team_id" : 217,
    "home_team_name" : "Barcelona",
    "home_team_gender" : "male",
    "home_team_group" : null,
    "country" : {
      "id" : 214,
      "name" : "Spain"
    },
    "managers" : [ {
      "id" : 36,
      "name" : "Josep Guardiola i Sala",
      "nickname" : "Pep Guardiola",
      "dob" : "1971-01-18",
      "country" : {
        "id" : 214,
        "name" : "Spain"
      }
    } ]
  },
  "away_team" : {
    "away_team_id" : 221,
    "away_team_name" : "Levante UD",
    "away_team_gender" : "male",
    "away_team_group" : null,
    "country" : {
      "id" : 214,
      "name" : "Spain"
    },
    "managers" : [ {
      "id" : 4974,
      "name" : "Juan Ignacio Martínez Jiménez",
      "nickname" : "Juan Ignacio Martínez",
      "dob" : "1964-06-23",
      "country" : {
        "id" : 214,
        "name" : "Spain"
      }
    } ]
  },
  "home_score" : 5,
  "away_score" : 0,
  "match_status" : "available",
  "match_status_360" : "scheduled",
  "last_updated" : "2020-07-29T05:00",
  "last_updated_360" : "2021-06-13T16:17:31.694",
  "metadata" : {
    "data_version" : "1.1.0",
    "shot_fidelity_version" : "2",
    "xy_fidelity_version" : "2"
  },
  "match_week" : 15,
  "competition_stage" : {
    "id" : 1,
    "name" : "Regular Season"
  },
  "stadium" : {
    "id" : 342,
    "name" : "Spotify Camp Nou",
    "country" : {
      "id" : 214,
      "name" : "Spain"
    }
  },
  "referee" : {
    "id" : 1016,
    "name" : "José Teixeira",
    "country" : {
      "id" : 214,
      "name" : "Spain"
    }
  }
}, {
  "match_id" : 69264,
  "match_date" : "2011-09-10",
  "kick_off" : "18:00:00.000",
  "competition" : {
    "competition_id" : 11,
    "country_name" : "Spain",
    "competition_name" : "La Liga"
  },
  "season" : {
    "season_id" : 23,
    "season_name" : "2011/2012"
  },
  "home_team" : {
    "home_team_id" : 210,
    "home_team_name" : "Real Sociedad",
    "home_team_gender" : "male",
    "home_team_group" : null,
    "country" : {
      "id" : 214,
      "name" : "Spain"
    },
    "managers" : [ {
      "id" : 224,
      "name" : "Philippe Jacques William Montanier",
      "nickname" : null,
      "dob" : "1964-11-15",
      "country" : {
        "id" : 78,
        "name" : "France"
      }
    } ]
  },
  "away_team" : {
    "away_team_id" : 217,
    "away_team_name" : "Barcelona",
    "away_team_gender" : "male",
    "away_team_group" : null,
    "country" : {
      "id" : 214,
      "name" : "Spain"
    },
    "managers" : [ {
      "id" : 36,
      "name" : "Josep Guardiola i Sala",
      "nickname" : "Pep Guardiola",
      "dob" : "1971-01-18",
      "country" : {
        "id" : 214,
        "name" : "Spain"
      }
    } ]
  },
  "home_score" : 2,
  "away_score" : 2,
  "match_status" : "available",
  "match_status_360" : "scheduled",
  "last_updated" : "2020-07-29T05:00",
  "last_updated_360" : "2021-06-13T16:17:31.694",
  "metadata" : {
    "data_version" : "1.1.0",
    "shot_fidelity_version" : "2",
    "xy_fidelity_version" : "2"
  },
  "match_week" : 3,
  "competition_stage" : {
    "id" : 1,
    "name" : "Regular Season"
  },
  "stadium" : {
    "id" : 5043,
    "name" : "Reale Arena",
    "country" : {
      "id" : 214,
      "name" : "Spain"
    }
  },
  "referee" : {
    "id" : 180,
    "name" : "Antonio Miguel Mateu Lahoz",
    "country" : {
      "id" : 214,
      "name" : "Spain"
    }
  }
}, {
  "match_id" : 69343,
  "match_date" : "2012-04-10",
  "kick_off" : "21:00:00.000",
  "competition" : {
    "competition_id" : 11,
    "country_name" : "Spain",
    "competition_name" : "La Liga"
  },
  "season" : {
    "season_id" : 23,
    "season_name" : "2011/2012"
  },
  "home_team" : {
    "home_team_id" : 217,
    "home_team_name" : "Barcelona",
    "home_team_gender" : "male",
    "home_team_group" : null,
    "country" : {
      "id" : 214,
      "name" : "Spain"
    },
    "managers" : [ {
      "id" : 36,
      "name" : "Josep Guardiola i Sala",
      "nickname" : "Pep Guardiola",
      "dob" : "1971-01-18",
      "country" : {
        "id" : 214,
        "name" : "Spain"
      }
    } ]
  },
  "away_team" : {
    "away_team_id" : 216,
    "away_team_name" : "Getafe",
    "away_team_gender" : "male",
    "away_team_group" : null,
    "country" : {
      "id" : 214,
      "name" : "Spain"
    },
    "managers" : [ {
      "id" : 392,
      "name" : "Luis García Plaza",
      "nickname" : "Luis García",
      "dob" : "1972-12-01",
      "country" : {
        "id" : 214,
        "name" : "Spain"
      }
    } ]
  },
  "home_score" : 4,
  "away_score" : 0,
  "match_status" : "available",
  "match_status_360" : "scheduled",
  "last_updated" : "2020-07-29T05:00",
  "last_updated_360" : "2021-06-13T16:17:31.694",
  "metadata" : {
    "data_version" : "1.1.0",
    "shot_fidelity_version" : "2",
    "xy_fidelity_version" : "2"
  },
  "match_week" : 33,
  "competition_stage" : {
    "id" : 1,
    "name" : "Regular Season"
  },
  "stadium" : {
    "id" : 342,
    "name" : "Spotify Camp Nou",
    "country" : {
      "id" : 214,
      "name" : "Spain"
    }
  },
  "referee" : {
    "id" : 211,
    "name" : "José Luis González González",
    "country" : {
      "id" : 214,
      "name" : "Spain"
    }
  }
}, {
  "match_id" : 69340,
  "match_date" : "2012-05-02",
  "kick_off" : "20:00:00.000",
  "competition" : {
    "competition_id" : 11,
    "country_name" : "Spain",
    "competition_name" : "La Liga"
  },
  "season" : {
    "season_id" : 23,
    "season_name" : "2011/2012"
  },
  "home_team" : {
    "home_team_id" : 217,
    "home_team_name" : "Barcelona",
    "home_team_gender" : "male",
    "home_team_group" : null,
    "country" : {
      "id" : 214,
      "name" : "Spain"
    },
    "managers" : [ {
      "id" : 36,
      "name" : "Josep Guardiola i Sala",
      "nickname" : "Pep Guardiola",
      "dob" : "1971-01-18",
      "country" : {
        "id" : 214,
        "name" : "Spain"
      }
    } ]
  },
  "away_team" : {
    "away_team_id" : 223,
    "away_team_name" : "Málaga",
    "away_team_gender" : "male",
    "away_team_group" : null,
    "country" : {
      "id" : 214,
      "name" : "Spain"
    },
    "managers" : [ {
      "id" : 733,
      "name" : "Manuel Luis Pellegrini Ripamonti",
      "nickname" : "Manuel Pellegrini",
      "dob" : "1953-09-16",
      "country" : {
        "id" : 45,
        "name" : "Chile"
      }
    } ]
  },
  "home_score" : 4,
  "away_score" : 1,
  "match_status" : "available",
  "match_status_360" : "scheduled",
  "last_updated" : "2020-07-29T05:00",
  "last_updated_360" : "2021-06-13T16:17:31.694",
  "metadata" : {
    "data_version" : "1.1.0",
    "shot_fidelity_version" : "2",
    "xy_fidelity_version" : "2"
  },
  "match_week" : 20,
  "competition_stage" : {
    "id" : 1,
    "name" : "Regular Season"
  },
  "stadium" : {
    "id" : 342,
    "name" : "Spotify Camp Nou",
    "country" : {
      "id" : 214,
      "name" : "Spain"
    }
  },
  "referee" : {
    "id" : 1004,
    "name" : "Turienzo",
    "country" : {
      "id" : 214,
      "name" : "Spain"
    }
  }
}, {
  "match_id" : 69265,
  "match_date" : "2011-10-02",
  "kick_off" : "20:00:00.000",
  "competition" : {
    "competition_id" : 11,
    "country_name" : "Spain",
    "competition_name" : "La Liga"
  },
  "season" : {
    "season_id" : 23,
    "season_name" : "2011/2012"
  },
  "home_team" : {
    "home_team_id" : 1041,
    "home_team_name" : "Sporting Gijón",
    "home_team_gender" : "male",
    "home_team_group" : null,
    "country" : {
      "id" : 214,
      "name" : "Spain"
    },
    "managers" : [ {
      "id" : 4959,
      "name" : "Manuel Preciado Rebolledo",
      "nickname" : "Manuel Preciado",
      "dob" : "1957-08-28",
      "country" : {
        "id" : 214,
        "name" : "Spain"
      }
    } ]
  },
  "away_team" : {
    "away_team_id" : 217,
    "away_team_name" : "Barcelona",
    "away_team_gender" : "male",
    "away_team_group" : null,
    "country" : {
      "id" : 214,
      "name" : "Spain"
    },
    "managers" : [ {
      "id" : 36,
      "name" : "Josep Guardiola i Sala",
      "nickname" : "Pep Guardiola",
      "dob" : "1971-01-18",
      "country" : {
        "id" : 214,
        "name" : "Spain"
      }
    } ]
  },
  "home_score" : 0,
  "away_score" : 1,
  "match_status" : "available",
  "match_status_360" : "scheduled",
  "last_updated" : "2020-07-29T05:00",
  "last_updated_360" : "2021-06-13T16:17:31.694",
  "metadata" : {
    "data_version" : "1.1.0",
    "shot_fidelity_version" : "2",
    "xy_fidelity_version" : "2"
  },
  "match_week" : 7,
  "competition_stage" : {
    "id" : 1,
    "name" : "Regular Season"
  },
  "stadium" : {
    "id" : 4656,
    "name" : "Estadio Municipal El Molinón",
    "country" : {
      "id" : 214,
      "name" : "Spain"
    }
  },
  "referee" : {
    "id" : 1008,
    "name" : "Carlos Clos Gómez",
    "country" : {
      "id" : 214,
      "name" : "Spain"
    }
  }
}, {
  "match_id" : 69319,
  "match_date" : "2012-05-12",
  "kick_off" : "22:00:00.000",
  "competition" : {
    "competition_id" : 11,
    "country_name" : "Spain",
    "competition_name" : "La Liga"
  },
  "season" : {
    "season_id" : 23,
    "season_name" : "2011/2012"
  },
  "home_team" : {
    "home_team_id" : 218,
    "home_team_name" : "Real Betis",
    "home_team_gender" : "male",
    "home_team_group" : null,
    "country" : {
      "id" : 214,
      "name" : "Spain"
    },
    "managers" : [ {
      "id" : 57,
      "name" : "José Mel Pérez",
      "nickname" : "Pepe Mel",
      "dob" : "1963-02-28",
      "country" : {
        "id" : 214,
        "name" : "Spain"
      }
    } ]
  },
  "away_team" : {
    "away_team_id" : 217,
    "away_team_name" : "Barcelona",
    "away_team_gender" : "male",
    "away_team_group" : null,
    "country" : {
      "id" : 214,
      "name" : "Spain"
    },
    "managers" : [ {
      "id" : 36,
      "name" : "Josep Guardiola i Sala",
      "nickname" : "Pep Guardiola",
      "dob" : "1971-01-18",
      "country" : {
        "id" : 214,
        "name" : "Spain"
      }
    } ]
  },
  "home_score" : 2,
  "away_score" : 2,
  "match_status" : "available",
  "match_status_360" : "scheduled",
  "last_updated" : "2020-07-29T05:00",
  "last_updated_360" : "2021-06-13T16:17:31.694",
  "metadata" : {
    "data_version" : "1.1.0",
    "shot_fidelity_version" : "2",
    "xy_fidelity_version" : "2"
  },
  "match_week" : 38,
  "competition_stage" : {
    "id" : 1,
    "name" : "Regular Season"
  },
  "stadium" : {
    "id" : 352,
    "name" : "Estadio Benito Villamarín",
    "country" : {
      "id" : 214,
      "name" : "Spain"
    }
  },
  "referee" : {
    "id" : 1009,
    "name" : "Miguel Ayza",
    "country" : {
      "id" : 214,
      "name" : "Spain"
    }
  }
}, {
  "match_id" : 69334,
  "match_date" : "2011-12-10",
  "kick_off" : "22:00:00.000",
  "competition" : {
    "competition_id" : 11,
    "country_name" : "Spain",
    "competition_name" : "La Liga"
  },
  "season" : {
    "season_id" : 23,
    "season_name" : "2011/2012"
  },
  "home_team" : {
    "home_team_id" : 220,
    "home_team_name" : "Real Madrid",
    "home_team_gender" : "male",
    "home_team_group" : null,
    "country" : {
      "id" : 214,
      "name" : "Spain"
    },
    "managers" : [ {
      "id" : 383,
      "name" : "José Mario Felix dos Santos Mourinho",
      "nickname" : "José Mourinho",
      "dob" : "1963-01-26",
      "country" : {
        "id" : 183,
        "name" : "Portugal"
      }
    } ]
  },
  "away_team" : {
    "away_team_id" : 217,
    "away_team_name" : "Barcelona",
    "away_team_gender" : "male",
    "away_team_group" : null,
    "country" : {
      "id" : 214,
      "name" : "Spain"
    },
    "managers" : [ {
      "id" : 36,
      "name" : "Josep Guardiola i Sala",
      "nickname" : "Pep Guardiola",
      "dob" : "1971-01-18",
      "country" : {
        "id" : 214,
        "name" : "Spain"
      }
    } ]
  },
  "home_score" : 1,
  "away_score" : 3,
  "match_status" : "available",
  "match_status_360" : "scheduled",
  "last_updated" : "2020-07-29T05:00",
  "last_updated_360" : "2021-06-13T16:17:31.694",
  "metadata" : {
    "data_version" : "1.1.0",
    "shot_fidelity_version" : "2",
    "xy_fidelity_version" : "2"
  },
  "match_week" : 16,
  "competition_stage" : {
    "id" : 1,
    "name" : "Regular Season"
  },
  "stadium" : {
    "id" : 353,
    "name" : "Estadio Santiago Bernabéu",
    "country" : {
      "id" : 214,
      "name" : "Spain"
    }
  },
  "referee" : {
    "id" : 222,
    "name" : "David Fernández Borbalan",
    "country" : {
      "id" : 214,
      "name" : "Spain"
    }
  }
}, {
  "match_id" : 69327,
  "match_date" : "2012-01-15",
  "kick_off" : "21:30:00.000",
  "competition" : {
    "competition_id" : 11,
    "country_name" : "Spain",
    "competition_name" : "La Liga"
  },
  "season" : {
    "season_id" : 23,
    "season_name" : "2011/2012"
  },
  "home_team" : {
    "home_team_id" : 217,
    "home_team_name" : "Barcelona",
    "home_team_gender" : "male",
    "home_team_group" : null,
    "country" : {
      "id" : 214,
      "name" : "Spain"
    },
    "managers" : [ {
      "id" : 36,
      "name" : "Josep Guardiola i Sala",
      "nickname" : "Pep Guardiola",
      "dob" : "1971-01-18",
      "country" : {
        "id" : 214,
        "name" : "Spain"
      }
    } ]
  },
  "away_team" : {
    "away_team_id" : 218,
    "away_team_name" : "Real Betis",
    "away_team_gender" : "male",
    "away_team_group" : null,
    "country" : {
      "id" : 214,
      "name" : "Spain"
    },
    "managers" : [ {
      "id" : 57,
      "name" : "José Mel Pérez",
      "nickname" : "Pepe Mel",
      "dob" : "1963-02-28",
      "country" : {
        "id" : 214,
        "name" : "Spain"
      }
    } ]
  },
  "home_score" : 4,
  "away_score" : 2,
  "match_status" : "available",
  "match_status_360" : "scheduled",
  "last_updated" : "2020-07-29T05:00",
  "last_updated_360" : "2021-06-13T16:17:31.694",
  "metadata" : {
    "data_version" : "1.1.0",
    "shot_fidelity_version" : "2",
    "xy_fidelity_version" : "2"
  },
  "match_week" : 19,
  "competition_stage" : {
    "id" : 1,
    "name" : "Regular Season"
  },
  "stadium" : {
    "id" : 342,
    "name" : "Spotify Camp Nou",
    "country" : {
      "id" : 214,
      "name" : "Spain"
    }
  },
  "referee" : {
    "id" : 218,
    "name" : "Ignacio Iglesias Villanueva",
    "country" : {
      "id" : 214,
      "name" : "Spain"
    }
  }
}, {
  "match_id" : 69315,
  "match_date" : "2011-11-26",
  "kick_off" : "22:00:00.000",
  "competition" : {
    "competition_id" : 11,
    "country_name" : "Spain",
    "competition_name" : "La Liga"
  },
  "season" : {
    "season_id" : 23,
    "season_name" : "2011/2012"
  },
  "home_team" : {
    "home_team_id" : 216,
    "home_team_name" : "Getafe",
    "home_team_gender" : "male",
    "home_team_group" : null,
    "country" : {
      "id" : 214,
      "name" : "Spain"
    },
    "managers" : [ {
      "id" : 392,
      "name" : "Luis García Plaza",
      "nickname" : "Luis García",
      "dob" : "1972-12-01",
      "country" : {
        "id" : 214,
        "name" : "Spain"
      }
    } ]
  },
  "away_team" : {
    "away_team_id" : 217,
    "away_team_name" : "Barcelona",
    "away_team_gender" : "male",
    "away_team_group" : null,
    "country" : {
      "id" : 214,
      "name" : "Spain"
    },
    "managers" : [ {
      "id" : 36,
      "name" : "Josep Guardiola i Sala",
      "nickname" : "Pep Guardiola",
      "dob" : "1971-01-18",
      "country" : {
        "id" : 214,
        "name" : "Spain"
      }
    } ]
  },
  "home_score" : 1,
  "away_score" : 0,
  "match_status" : "available",
  "match_status_360" : "scheduled",
  "last_updated" : "2020-07-29T05:00",
  "last_updated_360" : "2021-06-13T16:17:31.694",
  "metadata" : {
    "data_version" : "1.1.0",
    "shot_fidelity_version" : "2",
    "xy_fidelity_version" : "2"
  },
  "match_week" : 14,
  "competition_stage" : {
    "id" : 1,
    "name" : "Regular Season"
  },
  "stadium" : {
    "id" : 354,
    "name" : "Coliseum Alfonso Pérez",
    "country" : {
      "id" : 214,
      "name" : "Spain"
    }
  },
  "referee" : {
    "id" : 1003,
    "name" : "Fernando Teixeira",
    "country" : {
      "id" : 214,
      "name" : "Spain"
    }
  }
}, {
  "match_id" : 69336,
  "match_date" : "2012-02-11",
  "kick_off" : "20:00:00.000",
  "competition" : {
    "competition_id" : 11,
    "country_name" : "Spain",
    "competition_name" : "La Liga"
  },
  "season" : {
    "season_id" : 23,
    "season_name" : "2011/2012"
  },
  "home_team" : {
    "home_team_id" : 422,
    "home_team_name" : "Osasuna",
    "home_team_gender" : "male",
    "home_team_group" : null,
    "country" : {
      "id" : 214,
      "name" : "Spain"
    },
    "managers" : [ {
      "id" : 221,
      "name" : "José Luis Mendilibar Etxebarria",
      "nickname" : "José Luis Mendilibar",
      "dob" : "1961-03-14",
      "country" : {
        "id" : 214,
        "name" : "Spain"
      }
    } ]
  },
  "away_team" : {
    "away_team_id" : 217,
    "away_team_name" : "Barcelona",
    "away_team_gender" : "male",
    "away_team_group" : null,
    "country" : {
      "id" : 214,
      "name" : "Spain"
    },
    "managers" : [ {
      "id" : 36,
      "name" : "Josep Guardiola i Sala",
      "nickname" : "Pep Guardiola",
      "dob" : "1971-01-18",
      "country" : {
        "id" : 214,
        "name" : "Spain"
      }
    } ]
  },
  "home_score" : 3,
  "away_score" : 2,
  "match_status" : "available",
  "match_status_360" : "scheduled",
  "last_updated" : "2020-07-29T05:00",
  "last_updated_360" : "2021-06-13T16:17:31.694",
  "metadata" : {
    "data_version" : "1.1.0",
    "shot_fidelity_version" : "2",
    "xy_fidelity_version" : "2"
  },
  "match_week" : 23,
  "competition_stage" : {
    "id" : 1,
    "name" : "Regular Season"
  },
  "stadium" : {
    "id" : 4650,
    "name" : "Estadio El Sadar",
    "country" : {
      "id" : 214,
      "name" : "Spain"
    }
  },
  "referee" : {
    "id" : 1013,
    "name" : "José Paradas",
    "country" : {
      "id" : 214,
      "name" : "Spain"
    }
  }
}, {
  "match_id" : 69326,
  "match_date" : "2012-03-17",
  "kick_off" : "20:00:00.000",
  "competition" : {
    "competition_id" : 11,
    "country_name" : "Spain",
    "competition_name" : "La Liga"
  },
  "season" : {
    "season_id" : 23,
    "season_name" : "2011/2012"
  },
  "home_team" : {
    "home_team_id" : 213,
    "home_team_name" : "Sevilla",
    "home_team_gender" : "male",
    "home_team_group" : null,
    "country" : {
      "id" : 214,
      "name" : "Spain"
    },
    "managers" : [ {
      "id" : 505,
      "name" : "José Miguel González Martín del Campo",
      "nickname" : "Míchel",
      "dob" : "1963-03-23",
      "country" : {
        "id" : 214,
        "name" : "Spain"
      }
    } ]
  },
  "away_team" : {
    "away_team_id" : 217,
    "away_team_name" : "Barcelona",
    "away_team_gender" : "male",
    "away_team_group" : null,
    "country" : {
      "id" : 214,
      "name" : "Spain"
    },
    "managers" : [ {
      "id" : 36,
      "name" : "Josep Guardiola i Sala",
      "nickname" : "Pep Guardiola",
      "dob" : "1971-01-18",
      "country" : {
        "id" : 214,
        "name" : "Spain"
      }
    } ]
  },
  "home_score" : 0,
  "away_score" : 2,
  "match_status" : "available",
  "match_status_360" : "scheduled",
  "last_updated" : "2020-07-29T05:00",
  "last_updated_360" : "2021-06-13T16:17:31.694",
  "metadata" : {
    "data_version" : "1.1.0",
    "shot_fidelity_version" : "2",
    "xy_fidelity_version" : "2"
  },
  "match_week" : 28,
  "competition_stage" : {
    "id" : 1,
    "name" : "Regular Season"
  },
  "stadium" : {
    "id" : 349,
    "name" : "Estadio Ramón Sánchez Pizjuán",
    "country" : {
      "id" : 214,
      "name" : "Spain"
    }
  },
  "referee" : {
    "id" : 211,
    "name" : "José Luis González González",
    "country" : {
      "id" : 214,
      "name" : "Spain"
    }
  }
}, {
  "match_id" : 69268,
  "match_date" : "2011-08-29",
  "kick_off" : "21:00:00.000",
  "competition" : {
    "competition_id" : 11,
    "country_name" : "Spain",
    "competition_name" : "La Liga"
  },
  "season" : {
    "season_id" : 23,
    "season_name" : "2011/2012"
  },
  "home_team" : {
    "home_team_id" : 217,
    "home_team_name" : "Barcelona",
    "home_team_gender" : "male",
    "home_team_group" : null,
    "country" : {
      "id" : 214,
      "name" : "Spain"
    },
    "managers" : [ {
      "id" : 36,
      "name" : "Josep Guardiola i Sala",
      "nickname" : "Pep Guardiola",
      "dob" : "1971-01-18",
      "country" : {
        "id" : 214,
        "name" : "Spain"
      }
    } ]
  },
  "away_team" : {
    "away_team_id" : 222,
    "away_team_name" : "Villarreal",
    "away_team_gender" : "male",
    "away_team_group" : null,
    "country" : {
      "id" : 214,
      "name" : "Spain"
    },
    "managers" : [ {
      "id" : 4201,
      "name" : "Juan Carlos Garrido Fernández",
      "nickname" : "Juan Garrido",
      "dob" : "1969-03-29",
      "country" : {
        "id" : 214,
        "name" : "Spain"
      }
    } ]
  },
  "home_score" : 5,
  "away_score" : 0,
  "match_status" : "available",
  "match_status_360" : "scheduled",
  "last_updated" : "2020-07-29T05:00",
  "last_updated_360" : "2021-06-13T16:17:31.694",
  "metadata" : {
    "data_version" : "1.1.0",
    "shot_fidelity_version" : "2",
    "xy_fidelity_version" : "2"
  },
  "match_week" : 2,
  "competition_stage" : {
    "id" : 1,
    "name" : "Regular Season"
  },
  "stadium" : {
    "id" : 342,
    "name" : "Spotify Camp Nou",
    "country" : {
      "id" : 214,
      "name" : "Spain"
    }
  },
  "referee" : {
    "id" : 1004,
    "name" : "Turienzo",
    "country" : {
      "id" : 214,
      "name" : "Spain"
    }
  }
}, {
  "match_id" : 69320,
  "match_date" : "2012-05-05",
  "kick_off" : "21:00:00.000",
  "competition" : {
    "competition_id" : 11,
    "country_name" : "Spain",
    "competition_name" : "La Liga"
  },
  "season" : {
    "season_id" : 23,
    "season_name" : "2011/2012"
  },
  "home_team" : {
    "home_team_id" : 217,
    "home_team_name" : "Barcelona",
    "home_team_gender" : "male",
    "home_team_group" : null,
    "country" : {
      "id" : 214,
      "name" : "Spain"
    },
    "managers" : [ {
      "id" : 36,
      "name" : "Josep Guardiola i Sala",
      "nickname" : "Pep Guardiola",
      "dob" : "1971-01-18",
      "country" : {
        "id" : 214,
        "name" : "Spain"
      }
    } ]
  },
  "away_team" : {
    "away_team_id" : 214,
    "away_team_name" : "Espanyol",
    "away_team_gender" : "male",
    "away_team_group" : null,
    "country" : {
      "id" : 214,
      "name" : "Spain"
    },
    "managers" : [ {
      "id" : 81,
      "name" : "Mauricio Roberto Pochettino Trossero",
      "nickname" : "Mauricio Pochettino",
      "dob" : "1972-03-02",
      "country" : {
        "id" : 11,
        "name" : "Argentina"
      }
    } ]
  },
  "home_score" : 4,
  "away_score" : 0,
  "match_status" : "available",
  "match_status_360" : "scheduled",
  "last_updated" : "2020-07-29T05:00",
  "last_updated_360" : "2021-06-13T16:17:31.694",
  "metadata" : {
    "data_version" : "1.1.0",
    "shot_fidelity_version" : "2",
    "xy_fidelity_version" : "2"
  },
  "match_week" : 37,
  "competition_stage" : {
    "id" : 1,
    "name" : "Regular Season"
  },
  "stadium" : {
    "id" : 342,
    "name" : "Spotify Camp Nou",
    "country" : {
      "id" : 214,
      "name" : "Spain"
    }
  },
  "referee" : {
    "id" : 1003,
    "name" : "Fernando Teixeira",
    "country" : {
      "id" : 214,
      "name" : "Spain"
    }
  }
}, {
  "match_id" : 69312,
  "match_date" : "2012-01-08",
  "kick_off" : "21:30:00.000",
  "competition" : {
    "competition_id" : 11,
    "country_name" : "Spain",
    "competition_name" : "La Liga"
  },
  "season" : {
    "season_id" : 23,
    "season_name" : "2011/2012"
  },
  "home_team" : {
    "home_team_id" : 214,
    "home_team_name" : "Espanyol",
    "home_team_gender" : "male",
    "home_team_group" : null,
    "country" : {
      "id" : 214,
      "name" : "Spain"
    },
    "managers" : [ {
      "id" : 81,
      "name" : "Mauricio Roberto Pochettino Trossero",
      "nickname" : "Mauricio Pochettino",
      "dob" : "1972-03-02",
      "country" : {
        "id" : 11,
        "name" : "Argentina"
      }
    } ]
  },
  "away_team" : {
    "away_team_id" : 217,
    "away_team_name" : "Barcelona",
    "away_team_gender" : "male",
    "away_team_group" : null,
    "country" : {
      "id" : 214,
      "name" : "Spain"
    },
    "managers" : [ {
      "id" : 36,
      "name" : "Josep Guardiola i Sala",
      "nickname" : "Pep Guardiola",
      "dob" : "1971-01-18",
      "country" : {
        "id" : 214,
        "name" : "Spain"
      }
    } ]
  },
  "home_score" : 1,
  "away_score" : 1,
  "match_status" : "available",
  "match_status_360" : "scheduled",
  "last_updated" : "2020-07-29T05:00",
  "last_updated_360" : "2021-06-13T16:17:31.694",
  "metadata" : {
    "data_version" : "1.1.0",
    "shot_fidelity_version" : "2",
    "xy_fidelity_version" : "2"
  },
  "match_week" : 18,
  "competition_stage" : {
    "id" : 1,
    "name" : "Regular Season"
  },
  "stadium" : {
    "id" : 351,
    "name" : "RCDE Stadium",
    "country" : {
      "id" : 214,
      "name" : "Spain"
    }
  },
  "referee" : {
    "id" : 1004,
    "name" : "Turienzo",
    "country" : {
      "id" : 214,
      "name" : "Spain"
    }
  }
}, {
  "match_id" : 69314,
  "match_date" : "2011-10-29",
  "kick_off" : "20:00:00.000",
  "competition" : {
    "competition_id" : 11,
    "country_name" : "Spain",
    "competition_name" : "La Liga"
  },
  "season" : {
    "season_id" : 23,
    "season_name" : "2011/2012"
  },
  "home_team" : {
    "home_team_id" : 217,
    "home_team_name" : "Barcelona",
    "home_team_gender" : "male",
    "home_team_group" : null,
    "country" : {
      "id" : 214,
      "name" : "Spain"
    },
    "managers" : [ {
      "id" : 36,
      "name" : "Josep Guardiola i Sala",
      "nickname" : "Pep Guardiola",
      "dob" : "1971-01-18",
      "country" : {
        "id" : 214,
        "name" : "Spain"
      }
    } ]
  },
  "away_team" : {
    "away_team_id" : 1043,
    "away_team_name" : "Mallorca",
    "away_team_gender" : "male",
    "away_team_group" : null,
    "country" : {
      "id" : 214,
      "name" : "Spain"
    },
    "managers" : [ {
      "id" : 497,
      "name" : "Joaquín de Jesús Caparrós Camino",
      "nickname" : "Joaquín Caparrós",
      "dob" : "1955-10-15",
      "country" : {
        "id" : 214,
        "name" : "Spain"
      }
    } ]
  },
  "home_score" : 5,
  "away_score" : 0,
  "match_status" : "available",
  "match_status_360" : "scheduled",
  "last_updated" : "2020-07-29T05:00",
  "last_updated_360" : "2021-06-13T16:17:31.694",
  "metadata" : {
    "data_version" : "1.1.0",
    "shot_fidelity_version" : "2",
    "xy_fidelity_version" : "2"
  },
  "match_week" : 11,
  "competition_stage" : {
    "id" : 1,
    "name" : "Regular Season"
  },
  "stadium" : {
    "id" : 342,
    "name" : "Spotify Camp Nou",
    "country" : {
      "id" : 214,
      "name" : "Spain"
    }
  },
  "referee" : {
    "id" : 1015,
    "name" : "Pedro Jesús Pérez Montero",
    "country" : {
      "id" : 214,
      "name" : "Spain"
    }
  }
}, {
  "match_id" : 69318,
  "match_date" : "2011-10-25",
  "kick_off" : "20:00:00.000",
  "competition" : {
    "competition_id" : 11,
    "country_name" : "Spain",
    "competition_name" : "La Liga"
  },
  "season" : {
    "season_id" : 23,
    "season_name" : "2011/2012"
  },
  "home_team" : {
    "home_team_id" : 1049,
    "home_team_name" : "Granada",
    "home_team_gender" : "male",
    "home_team_group" : null,
    "country" : {
      "id" : 214,
      "name" : "Spain"
    },
    "managers" : [ {
      "id" : 5048,
      "name" : "Fabriciano González Penelas",
      "nickname" : "Fabri",
      "dob" : "1955-04-25",
      "country" : {
        "id" : 214,
        "name" : "Spain"
      }
    } ]
  },
  "away_team" : {
    "away_team_id" : 217,
    "away_team_name" : "Barcelona",
    "away_team_gender" : "male",
    "away_team_group" : null,
    "country" : {
      "id" : 214,
      "name" : "Spain"
    },
    "managers" : [ {
      "id" : 36,
      "name" : "Josep Guardiola i Sala",
      "nickname" : "Pep Guardiola",
      "dob" : "1971-01-18",
      "country" : {
        "id" : 214,
        "name" : "Spain"
      }
    } ]
  },
  "home_score" : 0,
  "away_score" : 1,
  "match_status" : "available",
  "match_status_360" : "scheduled",
  "last_updated" : "2020-07-29T05:00",
  "last_updated_360" : "2021-06-13T16:17:31.694",
  "metadata" : {
    "data_version" : "1.1.0",
    "shot_fidelity_version" : "2",
    "xy_fidelity_version" : "2"
  },
  "match_week" : 10,
  "competition_stage" : {
    "id" : 1,
    "name" : "Regular Season"
  },
  "stadium" : {
    "id" : 4667,
    "name" : "Estadio Nuevo Los Cármenes",
    "country" : {
      "id" : 214,
      "name" : "Spain"
    }
  },
  "referee" : {
    "id" : 997,
    "name" : "César Muñiz",
    "country" : {
      "id" : 214,
      "name" : "Spain"
    }
  }
}, {
  "match_id" : 69338,
  "match_date" : "2012-01-28",
  "kick_off" : "22:00:00.000",
  "competition" : {
    "competition_id" : 11,
    "country_name" : "Spain",
    "competition_name" : "La Liga"
  },
  "season" : {
    "season_id" : 23,
    "season_name" : "2011/2012"
  },
  "home_team" : {
    "home_team_id" : 222,
    "home_team_name" : "Villarreal",
    "home_team_gender" : "male",
    "home_team_group" : null,
    "country" : {
      "id" : 214,
      "name" : "Spain"
    },
    "managers" : [ {
      "id" : 5050,
      "name" : "José Francisco Molina Jiménez ",
      "nickname" : "José Molina",
      "dob" : "1970-08-08",
      "country" : {
        "id" : 214,
        "name" : "Spain"
      }
    } ]
  },
  "away_team" : {
    "away_team_id" : 217,
    "away_team_name" : "Barcelona",
    "away_team_gender" : "male",
    "away_team_group" : null,
    "country" : {
      "id" : 214,
      "name" : "Spain"
    },
    "managers" : [ {
      "id" : 36,
      "name" : "Josep Guardiola i Sala",
      "nickname" : "Pep Guardiola",
      "dob" : "1971-01-18",
      "country" : {
        "id" : 214,
        "name" : "Spain"
      }
    } ]
  },
  "home_score" : 0,
  "away_score" : 0,
  "match_status" : "available",
  "match_status_360" : "scheduled",
  "last_updated" : "2020-07-29T05:00",
  "last_updated_360" : "2021-06-13T16:17:31.694",
  "metadata" : {
    "data_version" : "1.1.0",
    "shot_fidelity_version" : "2",
    "xy_fidelity_version" : "2"
  },
  "match_week" : 21,
  "competition_stage" : {
    "id" : 1,
    "name" : "Regular Season"
  },
  "stadium" : {
    "id" : 361,
    "name" : "Estadio de la Cerámica",
    "country" : {
      "id" : 214,
      "name" : "Spain"
    }
  },
  "referee" : {
    "id" : 1016,
    "name" : "José Teixeira",
    "country" : {
      "id" : 214,
      "name" : "Spain"
    }
  }
}, {
  "match_id" : 70220,
  "match_date" : "2011-09-17",
  "kick_off" : "20:00:00.000",
  "competition" : {
    "competition_id" : 11,
    "country_name" : "Spain",
    "competition_name" : "La Liga"
  },
  "season" : {
    "season_id" : 23,
    "season_name" : "2011/2012"
  },
  "home_team" : {
    "home_team_id" : 217,
    "home_team_name" : "Barcelona",
    "home_team_gender" : "male",
    "home_team_group" : null,
    "country" : {
      "id" : 214,
      "name" : "Spain"
    },
    "managers" : [ {
      "id" : 36,
      "name" : "Josep Guardiola i Sala",
      "nickname" : "Pep Guardiola",
      "dob" : "1971-01-18",
      "country" : {
        "id" : 214,
        "name" : "Spain"
      }
    } ]
  },
  "away_team" : {
    "away_team_id" : 422,
    "away_team_name" : "Osasuna",
    "away_team_gender" : "male",
    "away_team_group" : null,
    "country" : {
      "id" : 214,
      "name" : "Spain"
    },
    "managers" : [ {
      "id" : 221,
      "name" : "José Luis Mendilibar Etxebarria",
      "nickname" : "José Luis Mendilibar",
      "dob" : "1961-03-14",
      "country" : {
        "id" : 214,
        "name" : "Spain"
      }
    } ]
  },
  "home_score" : 8,
  "away_score" : 0,
  "match_status" : "available",
  "match_status_360" : "scheduled",
  "last_updated" : "2020-07-29T05:00",
  "last_updated_360" : "2021-06-13T16:17:31.694",
  "metadata" : {
    "data_version" : "1.1.0",
    "shot_fidelity_version" : "2",
    "xy_fidelity_version" : "2"
  },
  "match_week" : 4,
  "competition_stage" : {
    "id" : 1,
    "name" : "Regular Season"
  },
  "stadium" : {
    "id" : 342,
    "name" : "Spotify Camp Nou",
    "country" : {
      "id" : 214,
      "name" : "Spain"
    }
  },
  "referee" : {
    "id" : 997,
    "name" : "César Muñiz",
    "country" : {
      "id" : 214,
      "name" : "Spain"
    }
  }
}, {
  "match_id" : 70224,
  "match_date" : "2012-04-29",
  "kick_off" : "21:30:00.000",
  "competition" : {
    "competition_id" : 11,
    "country_name" : "Spain",
    "competition_name" : "La Liga"
  },
  "season" : {
    "season_id" : 23,
    "season_name" : "2011/2012"
  },
  "home_team" : {
    "home_team_id" : 360,
    "home_team_name" : "Rayo Vallecano",
    "home_team_gender" : "male",
    "home_team_group" : null,
    "country" : {
      "id" : 214,
      "name" : "Spain"
    },
    "managers" : [ {
      "id" : 1617,
      "name" : "José Ramón Sandoval Huertas",
      "nickname" : "José Ramón Sandoval",
      "dob" : "1968-05-02",
      "country" : {
        "id" : 214,
        "name" : "Spain"
      }
    } ]
  },
  "away_team" : {
    "away_team_id" : 217,
    "away_team_name" : "Barcelona",
    "away_team_gender" : "male",
    "away_team_group" : null,
    "country" : {
      "id" : 214,
      "name" : "Spain"
    },
    "managers" : [ {
      "id" : 36,
      "name" : "Josep Guardiola i Sala",
      "nickname" : "Pep Guardiola",
      "dob" : "1971-01-18",
      "country" : {
        "id" : 214,
        "name" : "Spain"
      }
    } ]
  },
  "home_score" : 0,
  "away_score" : 7,
  "match_status" : "available",
  "match_status_360" : "scheduled",
  "last_updated" : "2022-12-01T14:10:17.791769",
  "last_updated_360" : "2021-06-13T16:17:31.694",
  "metadata" : {
    "data_version" : "1.1.0",
    "shot_fidelity_version" : "2",
    "xy_fidelity_version" : "2"
  },
  "match_week" : 36,
  "competition_stage" : {
    "id" : 1,
    "name" : "Regular Season"
  },
  "stadium" : {
    "id" : 4640,
    "name" : "Estadio de Vallecas",
    "country" : {
      "id" : 214,
      "name" : "Spain"
    }
  },
  "referee" : {
    "id" : 1012,
    "name" : "Carlos Delgado",
    "country" : {
      "id" : 214,
      "name" : "Spain"
    }
  }
}, {
  "match_id" : 70221,
  "match_date" : "2012-04-14",
  "kick_off" : "22:00:00.000",
  "competition" : {
    "competition_id" : 11,
    "country_name" : "Spain",
    "competition_name" : "La Liga"
  },
  "season" : {
    "season_id" : 23,
    "season_name" : "2011/2012"
  },
  "home_team" : {
    "home_team_id" : 221,
    "home_team_name" : "Levante UD",
    "home_team_gender" : "male",
    "home_team_group" : null,
    "country" : {
      "id" : 214,
      "name" : "Spain"
    },
    "managers" : [ {
      "id" : 4974,
      "name" : "Juan Ignacio Martínez Jiménez",
      "nickname" : "Juan Ignacio Martínez",
      "dob" : "1964-06-23",
      "country" : {
        "id" : 214,
        "name" : "Spain"
      }
    } ]
  },
  "away_team" : {
    "away_team_id" : 217,
    "away_team_name" : "Barcelona",
    "away_team_gender" : "male",
    "away_team_group" : null,
    "country" : {
      "id" : 214,
      "name" : "Spain"
    },
    "managers" : [ {
      "id" : 36,
      "name" : "Josep Guardiola i Sala",
      "nickname" : "Pep Guardiola",
      "dob" : "1971-01-18",
      "country" : {
        "id" : 214,
        "name" : "Spain"
      }
    } ]
  },
  "home_score" : 1,
  "away_score" : 2,
  "match_status" : "available",
  "match_status_360" : "scheduled",
  "last_updated" : "2020-07-29T05:00",
  "last_updated_360" : "2021-06-13T16:17:31.694",
  "metadata" : {
    "data_version" : "1.1.0",
    "shot_fidelity_version" : "2",
    "xy_fidelity_version" : "2"
  },
  "match_week" : 34,
  "competition_stage" : {
    "id" : 1,
    "name" : "Regular Season"
  },
  "stadium" : {
    "id" : 350,
    "name" : "Estadio Ciudad de Valencia",
    "country" : {
      "id" : 214,
      "name" : "Spain"
    }
  },
  "referee" : {
    "id" : 1016,
    "name" : "José Teixeira",
    "country" : {
      "id" : 214,
      "name" : "Spain"
    }
  }
}, {
  "match_id" : 69323,
  "match_date" : "2012-03-31",
  "kick_off" : "22:00:00.000",
  "competition" : {
    "competition_id" : 11,
    "country_name" : "Spain",
    "competition_name" : "La Liga"
  },
  "season" : {
    "season_id" : 23,
    "season_name" : "2011/2012"
  },
  "home_team" : {
    "home_team_id" : 217,
    "home_team_name" : "Barcelona",
    "home_team_gender" : "male",
    "home_team_group" : null,
    "country" : {
      "id" : 214,
      "name" : "Spain"
    },
    "managers" : [ {
      "id" : 36,
      "name" : "Josep Guardiola i Sala",
      "nickname" : "Pep Guardiola",
      "dob" : "1971-01-18",
      "country" : {
        "id" : 214,
        "name" : "Spain"
      }
    } ]
  },
  "away_team" : {
    "away_team_id" : 215,
    "away_team_name" : "Athletic Club",
    "away_team_gender" : "male",
    "away_team_group" : null,
    "country" : {
      "id" : 214,
      "name" : "Spain"
    },
    "managers" : [ {
      "id" : 269,
      "name" : "Marcelo Alberto Bielsa Caldera",
      "nickname" : "Marcelo Bielsa",
      "dob" : "1955-07-21",
      "country" : {
        "id" : 11,
        "name" : "Argentina"
      }
    } ]
  },
  "home_score" : 2,
  "away_score" : 0,
  "match_status" : "available",
  "match_status_360" : "scheduled",
  "last_updated" : "2020-07-29T05:00",
  "last_updated_360" : "2021-06-13T16:17:31.694",
  "metadata" : {
    "data_version" : "1.1.0",
    "shot_fidelity_version" : "2",
    "xy_fidelity_version" : "2"
  },
  "match_week" : 31,
  "competition_stage" : {
    "id" : 1,
    "name" : "Regular Season"
  },
  "stadium" : {
    "id" : 342,
    "name" : "Spotify Camp Nou",
    "country" : {
      "id" : 214,
      "name" : "Spain"
    }
  },
  "referee" : {
    "id" : 180,
    "name" : "Antonio Miguel Mateu Lahoz",
    "country" : {
      "id" : 214,
      "name" : "Spain"
    }
  }
} ]