[ {
  "match_id" : 267183,
  "match_date" : "2015-03-22",
  "kick_off" : "21:00:00.000",
  "competition" : {
    "competition_id" : 11,
    "country_name" : "Spain",
    "competition_name" : "La Liga"
  },
  "season" : {
    "season_id" : 26,
    "season_name" : "2014/2015"
  },
  "home_team" : {
    "home_team_id" : 217,
    "home_team_name" : "Barcelona",
    "home_team_gender" : "male",
    "home_team_group" : null,
    "country" : {
      "id" : 214,
      "name" : "Spain"
    },
    "managers" : [ {
      "id" : 793,
      "name" : "Luis Enrique Martínez García",
      "nickname" : "Luis Enrique",
      "dob" : "1970-05-08",
      "country" : {
        "id" : 214,
        "name" : "Spain"
      }
    } ]
  },
  "away_team" : {
    "away_team_id" : 220,
    "away_team_name" : "Real Madrid",
    "away_team_gender" : "male",
    "away_team_group" : null,
    "country" : {
      "id" : 214,
      "name" : "Spain"
    },
    "managers" : [ {
      "id" : 414,
      "name" : "Carlo Ancelotti",
      "nickname" : null,
      "dob" : "1959-06-10",
      "country" : {
        "id" : 112,
        "name" : "Italy"
      }
    } ]
  },
  "home_score" : 2,
  "away_score" : 1,
  "match_status" : "available",
  "match_status_360" : "scheduled",
  "last_updated" : "2022-08-14T18:11:16.045589",
  "last_updated_360" : "2021-06-13T16:17:31.694",
  "metadata" : {
    "data_version" : "1.1.0",
    "shot_fidelity_version" : "2",
    "xy_fidelity_version" : "2"
  },
  "match_week" : 28,
  "competition_stage" : {
    "id" : 1,
    "name" : "Regular Season"
  },
  "stadium" : {
    "id" : 342,
    "name" : "Spotify Camp Nou",
    "country" : {
      "id" : 214,
      "name" : "Spain"
    }
  },
  "referee" : {
    "id" : 180,
    "name" : "Antonio Miguel Mateu Lahoz",
    "country" : {
      "id" : 214,
      "name" : "Spain"
    }
  }
}, {
  "match_id" : 265835,
  "match_date" : "2014-11-22",
  "kick_off" : "20:00:00.000",
  "competition" : {
    "competition_id" : 11,
    "country_name" : "Spain",
    "competition_name" : "La Liga"
  },
  "season" : {
    "season_id" : 26,
    "season_name" : "2014/2015"
  },
  "home_team" : {
    "home_team_id" : 217,
    "home_team_name" : "Barcelona",
    "home_team_gender" : "male",
    "home_team_group" : null,
    "country" : {
      "id" : 214,
      "name" : "Spain"
    },
    "managers" : [ {
      "id" : 793,
      "name" : "Luis Enrique Martínez García",
      "nickname" : "Luis Enrique",
      "dob" : "1970-05-08",
      "country" : {
        "id" : 214,
        "name" : "Spain"
      }
    } ]
  },
  "away_team" : {
    "away_team_id" : 213,
    "away_team_name" : "Sevilla",
    "away_team_gender" : "male",
    "away_team_group" : null,
    "country" : {
      "id" : 214,
      "name" : "Spain"
    },
    "managers" : [ {
      "id" : 21,
      "name" : "Unai Emery Etxegoien",
      "nickname" : "Unai Emery",
      "dob" : "1971-11-03",
      "country" : {
        "id" : 214,
        "name" : "Spain"
      }
    } ]
  },
  "home_score" : 5,
  "away_score" : 1,
  "match_status" : "available",
  "match_status_360" : "scheduled",
  "last_updated" : "2020-07-29T05:00",
  "last_updated_360" : "2021-06-13T16:17:31.694",
  "metadata" : {
    "data_version" : "1.1.0",
    "shot_fidelity_version" : "2",
    "xy_fidelity_version" : "2"
  },
  "match_week" : 12,
  "competition_stage" : {
    "id" : 1,
    "name" : "Regular Season"
  },
  "stadium" : {
    "id" : 342,
    "name" : "Spotify Camp Nou",
    "country" : {
      "id" : 214,
      "name" : "Spain"
    }
  }
}, {
  "match_id" : 266838,
  "match_date" : "2014-09-24",
  "kick_off" : "22:00:00.000",
  "competition" : {
    "competition_id" : 11,
    "country_name" : "Spain",
    "competition_name" : "La Liga"
  },
  "season" : {
    "season_id" : 26,
    "season_name" : "2014/2015"
  },
  "home_team" : {
    "home_team_id" : 223,
    "home_team_name" : "Málaga",
    "home_team_gender" : "male",
    "home_team_group" : null,
    "country" : {
      "id" : 214,
      "name" : "Spain"
    },
    "managers" : [ {
      "id" : 188,
      "name" : "Javier Gracia Carlos",
      "nickname" : "Javi Gracia",
      "dob" : "1970-05-01",
      "country" : {
        "id" : 214,
        "name" : "Spain"
      }
    } ]
  },
  "away_team" : {
    "away_team_id" : 217,
    "away_team_name" : "Barcelona",
    "away_team_gender" : "male",
    "away_team_group" : null,
    "country" : {
      "id" : 214,
      "name" : "Spain"
    },
    "managers" : [ {
      "id" : 793,
      "name" : "Luis Enrique Martínez García",
      "nickname" : "Luis Enrique",
      "dob" : "1970-05-08",
      "country" : {
        "id" : 214,
        "name" : "Spain"
      }
    } ]
  },
  "home_score" : 0,
  "away_score" : 0,
  "match_status" : "available",
  "match_status_360" : "scheduled",
  "last_updated" : "2020-07-29T05:00",
  "last_updated_360" : "2021-06-13T16:17:31.694",
  "metadata" : {
    "data_version" : "1.1.0",
    "shot_fidelity_version" : "2",
    "xy_fidelity_version" : "2"
  },
  "match_week" : 5,
  "competition_stage" : {
    "id" : 1,
    "name" : "Regular Season"
  },
  "stadium" : {
    "id" : 346,
    "name" : "Estadio La Rosaleda",
    "country" : {
      "id" : 214,
      "name" : "Spain"
    }
  }
}, {
  "match_id" : 265963,
  "match_date" : "2015-04-28",
  "kick_off" : "20:00:00.000",
  "competition" : {
    "competition_id" : 11,
    "country_name" : "Spain",
    "competition_name" : "La Liga"
  },
  "season" : {
    "season_id" : 26,
    "season_name" : "2014/2015"
  },
  "home_team" : {
    "home_team_id" : 217,
    "home_team_name" : "Barcelona",
    "home_team_gender" : "male",
    "home_team_group" : null,
    "country" : {
      "id" : 214,
      "name" : "Spain"
    },
    "managers" : [ {
      "id" : 793,
      "name" : "Luis Enrique Martínez García",
      "nickname" : "Luis Enrique",
      "dob" : "1970-05-08",
      "country" : {
        "id" : 214,
        "name" : "Spain"
      }
    } ]
  },
  "away_team" : {
    "away_team_id" : 216,
    "away_team_name" : "Getafe",
    "away_team_gender" : "male",
    "away_team_group" : null,
    "country" : {
      "id" : 214,
      "name" : "Spain"
    },
    "managers" : [ {
      "id" : 6277,
      "name" : "Pablo Franco Martín",
      "nickname" : "Pablo Franco",
      "dob" : "1973-10-16",
      "country" : {
        "id" : 214,
        "name" : "Spain"
      }
    } ]
  },
  "home_score" : 6,
  "away_score" : 0,
  "match_status" : "available",
  "match_status_360" : "scheduled",
  "last_updated" : "2022-08-14T18:34:52.948014",
  "last_updated_360" : "2021-06-13T16:17:31.694",
  "metadata" : {
    "data_version" : "1.1.0",
    "shot_fidelity_version" : "2",
    "xy_fidelity_version" : "2"
  },
  "match_week" : 34,
  "competition_stage" : {
    "id" : 1,
    "name" : "Regular Season"
  },
  "stadium" : {
    "id" : 342,
    "name" : "Spotify Camp Nou",
    "country" : {
      "id" : 214,
      "name" : "Spain"
    }
  },
  "referee" : {
    "id" : 222,
    "name" : "David Fernández Borbalan",
    "country" : {
      "id" : 214,
      "name" : "Spain"
    }
  }
}, {
  "match_id" : 266117,
  "match_date" : "2014-09-27",
  "kick_off" : "18:00:00.000",
  "competition" : {
    "competition_id" : 11,
    "country_name" : "Spain",
    "competition_name" : "La Liga"
  },
  "season" : {
    "season_id" : 26,
    "season_name" : "2014/2015"
  },
  "home_team" : {
    "home_team_id" : 217,
    "home_team_name" : "Barcelona",
    "home_team_gender" : "male",
    "home_team_group" : null,
    "country" : {
      "id" : 214,
      "name" : "Spain"
    },
    "managers" : [ {
      "id" : 793,
      "name" : "Luis Enrique Martínez García",
      "nickname" : "Luis Enrique",
      "dob" : "1970-05-08",
      "country" : {
        "id" : 214,
        "name" : "Spain"
      }
    } ]
  },
  "away_team" : {
    "away_team_id" : 1049,
    "away_team_name" : "Granada",
    "away_team_gender" : "male",
    "away_team_group" : null,
    "country" : {
      "id" : 214,
      "name" : "Spain"
    },
    "managers" : [ {
      "id" : 497,
      "name" : "Joaquín de Jesús Caparrós Camino",
      "nickname" : "Joaquín Caparrós",
      "dob" : "1955-10-15",
      "country" : {
        "id" : 214,
        "name" : "Spain"
      }
    } ]
  },
  "home_score" : 6,
  "away_score" : 0,
  "match_status" : "available",
  "match_status_360" : "scheduled",
  "last_updated" : "2020-07-29T05:00",
  "last_updated_360" : "2021-06-13T16:17:31.694",
  "metadata" : {
    "data_version" : "1.1.0",
    "shot_fidelity_version" : "2",
    "xy_fidelity_version" : "2"
  },
  "match_week" : 6,
  "competition_stage" : {
    "id" : 1,
    "name" : "Regular Season"
  },
  "stadium" : {
    "id" : 342,
    "name" : "Spotify Camp Nou",
    "country" : {
      "id" : 214,
      "name" : "Spain"
    }
  }
}, {
  "match_id" : 266916,
  "match_date" : "2015-03-08",
  "kick_off" : "12:00:00.000",
  "competition" : {
    "competition_id" : 11,
    "country_name" : "Spain",
    "competition_name" : "La Liga"
  },
  "season" : {
    "season_id" : 26,
    "season_name" : "2014/2015"
  },
  "home_team" : {
    "home_team_id" : 217,
    "home_team_name" : "Barcelona",
    "home_team_gender" : "male",
    "home_team_group" : null,
    "country" : {
      "id" : 214,
      "name" : "Spain"
    },
    "managers" : [ {
      "id" : 793,
      "name" : "Luis Enrique Martínez García",
      "nickname" : "Luis Enrique",
      "dob" : "1970-05-08",
      "country" : {
        "id" : 214,
        "name" : "Spain"
      }
    } ]
  },
  "away_team" : {
    "away_team_id" : 360,
    "away_team_name" : "Rayo Vallecano",
    "away_team_gender" : "male",
    "away_team_group" : null,
    "country" : {
      "id" : 214,
      "name" : "Spain"
    },
    "managers" : [ {
      "id" : 220,
      "name" : "Francisco Jémez Martín",
      "nickname" : "Paco Jémez",
      "dob" : "1970-04-18",
      "country" : {
        "id" : 214,
        "name" : "Spain"
      }
    } ]
  },
  "home_score" : 6,
  "away_score" : 1,
  "match_status" : "available",
  "match_status_360" : "scheduled",
  "last_updated" : "2022-08-14T18:04:02.007235",
  "last_updated_360" : "2021-06-13T16:17:31.694",
  "metadata" : {
    "data_version" : "1.1.0",
    "shot_fidelity_version" : "2",
    "xy_fidelity_version" : "2"
  },
  "match_week" : 26,
  "competition_stage" : {
    "id" : 1,
    "name" : "Regular Season"
  },
  "stadium" : {
    "id" : 342,
    "name" : "Spotify Camp Nou",
    "country" : {
      "id" : 214,
      "name" : "Spain"
    }
  },
  "referee" : {
    "id" : 183,
    "name" : "Jesús Gil Manzano",
    "country" : {
      "id" : 214,
      "name" : "Spain"
    }
  }
}, {
  "match_id" : 267197,
  "match_date" : "2015-05-23",
  "kick_off" : "18:30:00.000",
  "competition" : {
    "competition_id" : 11,
    "country_name" : "Spain",
    "competition_name" : "La Liga"
  },
  "season" : {
    "season_id" : 26,
    "season_name" : "2014/2015"
  },
  "home_team" : {
    "home_team_id" : 217,
    "home_team_name" : "Barcelona",
    "home_team_gender" : "male",
    "home_team_group" : null,
    "country" : {
      "id" : 214,
      "name" : "Spain"
    },
    "managers" : [ {
      "id" : 793,
      "name" : "Luis Enrique Martínez García",
      "nickname" : "Luis Enrique",
      "dob" : "1970-05-08",
      "country" : {
        "id" : 214,
        "name" : "Spain"
      }
    } ]
  },
  "away_team" : {
    "away_team_id" : 219,
    "away_team_name" : "RC Deportivo La Coruña",
    "away_team_gender" : "male",
    "away_team_group" : null,
    "country" : {
      "id" : 214,
      "name" : "Spain"
    },
    "managers" : [ {
      "id" : 3157,
      "name" : "Víctor Sánchez del Amo",
      "nickname" : "Víctor Sánchez",
      "dob" : "1976-02-23",
      "country" : {
        "id" : 214,
        "name" : "Spain"
      }
    } ]
  },
  "home_score" : 2,
  "away_score" : 2,
  "match_status" : "available",
  "match_status_360" : "scheduled",
  "last_updated" : "2023-07-24T21:47:10.091170",
  "last_updated_360" : "2021-06-13T16:17:31.694",
  "metadata" : {
    "data_version" : "1.1.0",
    "shot_fidelity_version" : "2",
    "xy_fidelity_version" : "2"
  },
  "match_week" : 38,
  "competition_stage" : {
    "id" : 1,
    "name" : "Regular Season"
  },
  "stadium" : {
    "id" : 342,
    "name" : "Spotify Camp Nou",
    "country" : {
      "id" : 214,
      "name" : "Spain"
    }
  },
  "referee" : {
    "id" : 1008,
    "name" : "Carlos Clos Gómez",
    "country" : {
      "id" : 214,
      "name" : "Spain"
    }
  }
}, {
  "match_id" : 70264,
  "match_date" : "2014-12-13",
  "kick_off" : "16:00:00.000",
  "competition" : {
    "competition_id" : 11,
    "country_name" : "Spain",
    "competition_name" : "La Liga"
  },
  "season" : {
    "season_id" : 26,
    "season_name" : "2014/2015"
  },
  "home_team" : {
    "home_team_id" : 216,
    "home_team_name" : "Getafe",
    "home_team_gender" : "male",
    "home_team_group" : null,
    "country" : {
      "id" : 214,
      "name" : "Spain"
    },
    "managers" : [ {
      "id" : 4182,
      "name" : "Cosmin Marius Contra",
      "nickname" : "Cosmin Contra",
      "dob" : "1975-12-15",
      "country" : {
        "id" : 187,
        "name" : "Romania"
      }
    } ]
  },
  "away_team" : {
    "away_team_id" : 217,
    "away_team_name" : "Barcelona",
    "away_team_gender" : "male",
    "away_team_group" : null,
    "country" : {
      "id" : 214,
      "name" : "Spain"
    },
    "managers" : [ {
      "id" : 793,
      "name" : "Luis Enrique Martínez García",
      "nickname" : "Luis Enrique",
      "dob" : "1970-05-08",
      "country" : {
        "id" : 214,
        "name" : "Spain"
      }
    } ]
  },
  "home_score" : 0,
  "away_score" : 0,
  "match_status" : "available",
  "match_status_360" : "scheduled",
  "last_updated" : "2020-07-29T05:00",
  "last_updated_360" : "2021-06-13T16:17:31.694",
  "metadata" : {
    "data_version" : "1.1.0",
    "shot_fidelity_version" : "2",
    "xy_fidelity_version" : "2"
  },
  "match_week" : 15,
  "competition_stage" : {
    "id" : 1,
    "name" : "Regular Season"
  },
  "stadium" : {
    "id" : 354,
    "name" : "Coliseum Alfonso Pérez",
    "country" : {
      "id" : 214,
      "name" : "Spain"
    }
  }
}, {
  "match_id" : 70273,
  "match_date" : "2014-09-13",
  "kick_off" : "16:00:00.000",
  "competition" : {
    "competition_id" : 11,
    "country_name" : "Spain",
    "competition_name" : "La Liga"
  },
  "season" : {
    "season_id" : 26,
    "season_name" : "2014/2015"
  },
  "home_team" : {
    "home_team_id" : 217,
    "home_team_name" : "Barcelona",
    "home_team_gender" : "male",
    "home_team_group" : null,
    "country" : {
      "id" : 214,
      "name" : "Spain"
    },
    "managers" : [ {
      "id" : 793,
      "name" : "Luis Enrique Martínez García",
      "nickname" : "Luis Enrique",
      "dob" : "1970-05-08",
      "country" : {
        "id" : 214,
        "name" : "Spain"
      }
    } ]
  },
  "away_team" : {
    "away_team_id" : 215,
    "away_team_name" : "Athletic Club",
    "away_team_gender" : "male",
    "away_team_group" : null,
    "country" : {
      "id" : 214,
      "name" : "Spain"
    },
    "managers" : [ {
      "id" : 227,
      "name" : "Ernesto Valverde Tejedor",
      "nickname" : "Ernesto Valverde",
      "dob" : "1964-02-09",
      "country" : {
        "id" : 214,
        "name" : "Spain"
      }
    } ]
  },
  "home_score" : 2,
  "away_score" : 0,
  "match_status" : "available",
  "match_status_360" : "scheduled",
  "last_updated" : "2020-07-29T05:00",
  "last_updated_360" : "2021-06-13T16:17:31.694",
  "metadata" : {
    "data_version" : "1.1.0",
    "shot_fidelity_version" : "2",
    "xy_fidelity_version" : "2"
  },
  "match_week" : 3,
  "competition_stage" : {
    "id" : 1,
    "name" : "Regular Season"
  },
  "stadium" : {
    "id" : 342,
    "name" : "Spotify Camp Nou",
    "country" : {
      "id" : 214,
      "name" : "Spain"
    }
  },
  "referee" : {
    "id" : 222,
    "name" : "David Fernández Borbalan",
    "country" : {
      "id" : 214,
      "name" : "Spain"
    }
  }
}, {
  "match_id" : 267301,
  "match_date" : "2014-11-01",
  "kick_off" : "20:00:00.000",
  "competition" : {
    "competition_id" : 11,
    "country_name" : "Spain",
    "competition_name" : "La Liga"
  },
  "season" : {
    "season_id" : 26,
    "season_name" : "2014/2015"
  },
  "home_team" : {
    "home_team_id" : 217,
    "home_team_name" : "Barcelona",
    "home_team_gender" : "male",
    "home_team_group" : null,
    "country" : {
      "id" : 214,
      "name" : "Spain"
    },
    "managers" : [ {
      "id" : 793,
      "name" : "Luis Enrique Martínez García",
      "nickname" : "Luis Enrique",
      "dob" : "1970-05-08",
      "country" : {
        "id" : 214,
        "name" : "Spain"
      }
    } ]
  },
  "away_team" : {
    "away_team_id" : 209,
    "away_team_name" : "Celta Vigo",
    "away_team_gender" : "male",
    "away_team_group" : null,
    "country" : {
      "id" : 214,
      "name" : "Spain"
    },
    "managers" : [ {
      "id" : 385,
      "name" : "Manuel Eduardo Berizzo",
      "nickname" : "Eduardo Berizzo",
      "dob" : "1969-11-13",
      "country" : {
        "id" : 11,
        "name" : "Argentina"
      }
    } ]
  },
  "home_score" : 0,
  "away_score" : 1,
  "match_status" : "available",
  "match_status_360" : "scheduled",
  "last_updated" : "2020-07-29T05:00",
  "last_updated_360" : "2021-06-13T16:17:31.694",
  "metadata" : {
    "data_version" : "1.1.0",
    "shot_fidelity_version" : "2",
    "xy_fidelity_version" : "2"
  },
  "match_week" : 10,
  "competition_stage" : {
    "id" : 1,
    "name" : "Regular Season"
  },
  "stadium" : {
    "id" : 342,
    "name" : "Spotify Camp Nou",
    "country" : {
      "id" : 214,
      "name" : "Spain"
    }
  }
}, {
  "match_id" : 265896,
  "match_date" : "2014-10-18",
  "kick_off" : "20:00:00.000",
  "competition" : {
    "competition_id" : 11,
    "country_name" : "Spain",
    "competition_name" : "La Liga"
  },
  "season" : {
    "season_id" : 26,
    "season_name" : "2014/2015"
  },
  "home_team" : {
    "home_team_id" : 217,
    "home_team_name" : "Barcelona",
    "home_team_gender" : "male",
    "home_team_group" : null,
    "country" : {
      "id" : 214,
      "name" : "Spain"
    },
    "managers" : [ {
      "id" : 793,
      "name" : "Luis Enrique Martínez García",
      "nickname" : "Luis Enrique",
      "dob" : "1970-05-08",
      "country" : {
        "id" : 214,
        "name" : "Spain"
      }
    } ]
  },
  "away_team" : {
    "away_team_id" : 322,
    "away_team_name" : "Eibar",
    "away_team_gender" : "male",
    "away_team_group" : null,
    "country" : {
      "id" : 214,
      "name" : "Spain"
    },
    "managers" : [ {
      "id" : 767,
      "name" : "Gaizka Garitano Aguirre",
      "nickname" : "Gaizka Garitano",
      "dob" : "1975-07-09",
      "country" : {
        "id" : 214,
        "name" : "Spain"
      }
    } ]
  },
  "home_score" : 3,
  "away_score" : 0,
  "match_status" : "available",
  "match_status_360" : "scheduled",
  "last_updated" : "2022-08-14T17:20:55.698253",
  "last_updated_360" : "2021-06-13T16:17:31.694",
  "metadata" : {
    "data_version" : "1.1.0",
    "shot_fidelity_version" : "2",
    "xy_fidelity_version" : "2"
  },
  "match_week" : 8,
  "competition_stage" : {
    "id" : 1,
    "name" : "Regular Season"
  },
  "stadium" : {
    "id" : 342,
    "name" : "Spotify Camp Nou",
    "country" : {
      "id" : 214,
      "name" : "Spain"
    }
  },
  "referee" : {
    "id" : 1016,
    "name" : "José Teixeira",
    "country" : {
      "id" : 214,
      "name" : "Spain"
    }
  }
}, {
  "match_id" : 265866,
  "match_date" : "2015-05-02",
  "kick_off" : "16:00:00.000",
  "competition" : {
    "competition_id" : 11,
    "country_name" : "Spain",
    "competition_name" : "La Liga"
  },
  "season" : {
    "season_id" : 26,
    "season_name" : "2014/2015"
  },
  "home_team" : {
    "home_team_id" : 373,
    "home_team_name" : "Córdoba CF",
    "home_team_gender" : "male",
    "home_team_group" : null,
    "country" : {
      "id" : 214,
      "name" : "Spain"
    },
    "managers" : [ {
      "id" : 4995,
      "name" : "José Antonio Romero Morilla",
      "nickname" : "José Romero",
      "dob" : "1959-12-26",
      "country" : {
        "id" : 214,
        "name" : "Spain"
      }
    } ]
  },
  "away_team" : {
    "away_team_id" : 217,
    "away_team_name" : "Barcelona",
    "away_team_gender" : "male",
    "away_team_group" : null,
    "country" : {
      "id" : 214,
      "name" : "Spain"
    },
    "managers" : [ {
      "id" : 793,
      "name" : "Luis Enrique Martínez García",
      "nickname" : "Luis Enrique",
      "dob" : "1970-05-08",
      "country" : {
        "id" : 214,
        "name" : "Spain"
      }
    } ]
  },
  "home_score" : 0,
  "away_score" : 8,
  "match_status" : "available",
  "match_status_360" : "scheduled",
  "last_updated" : "2022-08-14T18:42:42.974719",
  "last_updated_360" : "2021-06-13T16:17:31.694",
  "metadata" : {
    "data_version" : "1.1.0",
    "shot_fidelity_version" : "2",
    "xy_fidelity_version" : "2"
  },
  "match_week" : 35,
  "competition_stage" : {
    "id" : 1,
    "name" : "Regular Season"
  },
  "stadium" : {
    "id" : 4653,
    "name" : "Estadio Nuevo Arcángel",
    "country" : {
      "id" : 214,
      "name" : "Spain"
    }
  },
  "referee" : {
    "id" : 1008,
    "name" : "Carlos Clos Gómez",
    "country" : {
      "id" : 214,
      "name" : "Spain"
    }
  }
}, {
  "match_id" : 267400,
  "match_date" : "2015-04-08",
  "kick_off" : "20:00:00.000",
  "competition" : {
    "competition_id" : 11,
    "country_name" : "Spain",
    "competition_name" : "La Liga"
  },
  "season" : {
    "season_id" : 26,
    "season_name" : "2014/2015"
  },
  "home_team" : {
    "home_team_id" : 217,
    "home_team_name" : "Barcelona",
    "home_team_gender" : "male",
    "home_team_group" : null,
    "country" : {
      "id" : 214,
      "name" : "Spain"
    }
  },
  "away_team" : {
    "away_team_id" : 403,
    "away_team_name" : "Almería",
    "away_team_gender" : "male",
    "away_team_group" : null,
    "country" : {
      "id" : 214,
      "name" : "Spain"
    }
  },
  "home_score" : 4,
  "away_score" : 0,
  "match_status" : "available",
  "match_status_360" : "scheduled",
  "last_updated" : "2023-07-24T21:48:59.157523",
  "last_updated_360" : "2021-06-13T16:17:31.694",
  "metadata" : {
    "data_version" : "1.1.0",
    "shot_fidelity_version" : "2",
    "xy_fidelity_version" : "2"
  },
  "match_week" : 30,
  "competition_stage" : {
    "id" : 1,
    "name" : "Regular Season"
  },
  "stadium" : {
    "id" : 342,
    "name" : "Spotify Camp Nou",
    "country" : {
      "id" : 214,
      "name" : "Spain"
    }
  }
}, {
  "match_id" : 266406,
  "match_date" : "2014-08-31",
  "kick_off" : "19:00:00.000",
  "competition" : {
    "competition_id" : 11,
    "country_name" : "Spain",
    "competition_name" : "La Liga"
  },
  "season" : {
    "season_id" : 26,
    "season_name" : "2014/2015"
  },
  "home_team" : {
    "home_team_id" : 222,
    "home_team_name" : "Villarreal",
    "home_team_gender" : "male",
    "home_team_group" : null,
    "country" : {
      "id" : 214,
      "name" : "Spain"
    },
    "managers" : [ {
      "id" : 211,
      "name" : "Marcelino García Toral",
      "nickname" : "Marcelino",
      "dob" : "1965-08-14",
      "country" : {
        "id" : 214,
        "name" : "Spain"
      }
    } ]
  },
  "away_team" : {
    "away_team_id" : 217,
    "away_team_name" : "Barcelona",
    "away_team_gender" : "male",
    "away_team_group" : null,
    "country" : {
      "id" : 214,
      "name" : "Spain"
    },
    "managers" : [ {
      "id" : 793,
      "name" : "Luis Enrique Martínez García",
      "nickname" : "Luis Enrique",
      "dob" : "1970-05-08",
      "country" : {
        "id" : 214,
        "name" : "Spain"
      }
    } ]
  },
  "home_score" : 0,
  "away_score" : 1,
  "match_status" : "available",
  "match_status_360" : "scheduled",
  "last_updated" : "2020-07-29T05:00",
  "last_updated_360" : "2021-06-13T16:17:31.694",
  "metadata" : {
    "data_version" : "1.1.0",
    "shot_fidelity_version" : "2",
    "xy_fidelity_version" : "2"
  },
  "match_week" : 2,
  "competition_stage" : {
    "id" : 1,
    "name" : "Regular Season"
  },
  "stadium" : {
    "id" : 361,
    "name" : "Estadio de la Cerámica",
    "country" : {
      "id" : 214,
      "name" : "Spain"
    }
  },
  "referee" : {
    "id" : 2535,
    "name" : "Carlos Velasco Carballo",
    "country" : {
      "id" : 214,
      "name" : "Spain"
    }
  }
}, {
  "match_id" : 267085,
  "match_date" : "2014-10-25",
  "kick_off" : "18:00:00.000",
  "competition" : {
    "competition_id" : 11,
    "country_name" : "Spain",
    "competition_name" : "La Liga"
  },
  "season" : {
    "season_id" : 26,
    "season_name" : "2014/2015"
  },
  "home_team" : {
    "home_team_id" : 220,
    "home_team_name" : "Real Madrid",
    "home_team_gender" : "male",
    "home_team_group" : null,
    "country" : {
      "id" : 214,
      "name" : "Spain"
    },
    "managers" : [ {
      "id" : 414,
      "name" : "Carlo Ancelotti",
      "nickname" : null,
      "dob" : "1959-06-10",
      "country" : {
        "id" : 112,
        "name" : "Italy"
      }
    } ]
  },
  "away_team" : {
    "away_team_id" : 217,
    "away_team_name" : "Barcelona",
    "away_team_gender" : "male",
    "away_team_group" : null,
    "country" : {
      "id" : 214,
      "name" : "Spain"
    },
    "managers" : [ {
      "id" : 793,
      "name" : "Luis Enrique Martínez García",
      "nickname" : "Luis Enrique",
      "dob" : "1970-05-08",
      "country" : {
        "id" : 214,
        "name" : "Spain"
      }
    } ]
  },
  "home_score" : 3,
  "away_score" : 1,
  "match_status" : "available",
  "match_status_360" : "scheduled",
  "last_updated" : "2022-08-14T17:28:42.264843",
  "last_updated_360" : "2021-06-13T16:17:31.694",
  "metadata" : {
    "data_version" : "1.1.0",
    "shot_fidelity_version" : "2",
    "xy_fidelity_version" : "2"
  },
  "match_week" : 9,
  "competition_stage" : {
    "id" : 1,
    "name" : "Regular Season"
  },
  "stadium" : {
    "id" : 353,
    "name" : "Estadio Santiago Bernabéu",
    "country" : {
      "id" : 214,
      "name" : "Spain"
    }
  },
  "referee" : {
    "id" : 183,
    "name" : "Jesús Gil Manzano",
    "country" : {
      "id" : 214,
      "name" : "Spain"
    }
  }
}, {
  "match_id" : 267561,
  "match_date" : "2014-10-04",
  "kick_off" : "18:00:00.000",
  "competition" : {
    "competition_id" : 11,
    "country_name" : "Spain",
    "competition_name" : "La Liga"
  },
  "season" : {
    "season_id" : 26,
    "season_name" : "2014/2015"
  },
  "home_team" : {
    "home_team_id" : 360,
    "home_team_name" : "Rayo Vallecano",
    "home_team_gender" : "male",
    "home_team_group" : null,
    "country" : {
      "id" : 214,
      "name" : "Spain"
    },
    "managers" : [ {
      "id" : 220,
      "name" : "Francisco Jémez Martín",
      "nickname" : "Paco Jémez",
      "dob" : "1970-04-18",
      "country" : {
        "id" : 214,
        "name" : "Spain"
      }
    } ]
  },
  "away_team" : {
    "away_team_id" : 217,
    "away_team_name" : "Barcelona",
    "away_team_gender" : "male",
    "away_team_group" : null,
    "country" : {
      "id" : 214,
      "name" : "Spain"
    },
    "managers" : [ {
      "id" : 793,
      "name" : "Luis Enrique Martínez García",
      "nickname" : "Luis Enrique",
      "dob" : "1970-05-08",
      "country" : {
        "id" : 214,
        "name" : "Spain"
      }
    } ]
  },
  "home_score" : 0,
  "away_score" : 2,
  "match_status" : "available",
  "match_status_360" : "scheduled",
  "last_updated" : "2020-07-29T05:00",
  "last_updated_360" : "2021-06-13T16:17:31.694",
  "metadata" : {
    "data_version" : "1.1.0",
    "shot_fidelity_version" : "2",
    "xy_fidelity_version" : "2"
  },
  "match_week" : 7,
  "competition_stage" : {
    "id" : 1,
    "name" : "Regular Season"
  },
  "stadium" : {
    "id" : 4640,
    "name" : "Estadio de Vallecas",
    "country" : {
      "id" : 214,
      "name" : "Spain"
    }
  },
  "referee" : {
    "id" : 180,
    "name" : "Antonio Miguel Mateu Lahoz",
    "country" : {
      "id" : 214,
      "name" : "Spain"
    }
  }
}, {
  "match_id" : 266148,
  "match_date" : "2015-02-21",
  "kick_off" : "16:00:00.000",
  "competition" : {
    "competition_id" : 11,
    "country_name" : "Spain",
    "competition_name" : "La Liga"
  },
  "season" : {
    "season_id" : 26,
    "season_name" : "2014/2015"
  },
  "home_team" : {
    "home_team_id" : 217,
    "home_team_name" : "Barcelona",
    "home_team_gender" : "male",
    "home_team_group" : null,
    "country" : {
      "id" : 214,
      "name" : "Spain"
    },
    "managers" : [ {
      "id" : 793,
      "name" : "Luis Enrique Martínez García",
      "nickname" : "Luis Enrique",
      "dob" : "1970-05-08",
      "country" : {
        "id" : 214,
        "name" : "Spain"
      }
    } ]
  },
  "away_team" : {
    "away_team_id" : 223,
    "away_team_name" : "Málaga",
    "away_team_gender" : "male",
    "away_team_group" : null,
    "country" : {
      "id" : 214,
      "name" : "Spain"
    },
    "managers" : [ {
      "id" : 188,
      "name" : "Javier Gracia Carlos",
      "nickname" : "Javi Gracia",
      "dob" : "1970-05-01",
      "country" : {
        "id" : 214,
        "name" : "Spain"
      }
    } ]
  },
  "home_score" : 0,
  "away_score" : 1,
  "match_status" : "available",
  "match_status_360" : "scheduled",
  "last_updated" : "2023-07-24T21:47:01.097628",
  "last_updated_360" : "2021-06-13T16:17:31.694",
  "metadata" : {
    "data_version" : "1.1.0",
    "shot_fidelity_version" : "2",
    "xy_fidelity_version" : "2"
  },
  "match_week" : 24,
  "competition_stage" : {
    "id" : 1,
    "name" : "Regular Season"
  },
  "stadium" : {
    "id" : 342,
    "name" : "Spotify Camp Nou",
    "country" : {
      "id" : 214,
      "name" : "Spain"
    }
  }
}, {
  "match_id" : 266045,
  "match_date" : "2015-05-09",
  "kick_off" : "18:00:00.000",
  "competition" : {
    "competition_id" : 11,
    "country_name" : "Spain",
    "competition_name" : "La Liga"
  },
  "season" : {
    "season_id" : 26,
    "season_name" : "2014/2015"
  },
  "home_team" : {
    "home_team_id" : 217,
    "home_team_name" : "Barcelona",
    "home_team_gender" : "male",
    "home_team_group" : null,
    "country" : {
      "id" : 214,
      "name" : "Spain"
    },
    "managers" : [ {
      "id" : 793,
      "name" : "Luis Enrique Martínez García",
      "nickname" : "Luis Enrique",
      "dob" : "1970-05-08",
      "country" : {
        "id" : 214,
        "name" : "Spain"
      }
    } ]
  },
  "away_team" : {
    "away_team_id" : 210,
    "away_team_name" : "Real Sociedad",
    "away_team_gender" : "male",
    "away_team_group" : null,
    "country" : {
      "id" : 214,
      "name" : "Spain"
    },
    "managers" : [ {
      "id" : 86,
      "name" : "David Moyes",
      "nickname" : null,
      "dob" : "1963-04-25",
      "country" : {
        "id" : 201,
        "name" : "Scotland"
      }
    } ]
  },
  "home_score" : 2,
  "away_score" : 0,
  "match_status" : "available",
  "match_status_360" : "scheduled",
  "last_updated" : "2022-08-14T18:49:03.341489",
  "last_updated_360" : "2021-06-13T16:17:31.694",
  "metadata" : {
    "data_version" : "1.1.0",
    "shot_fidelity_version" : "2",
    "xy_fidelity_version" : "2"
  },
  "match_week" : 36,
  "competition_stage" : {
    "id" : 1,
    "name" : "Regular Season"
  },
  "stadium" : {
    "id" : 342,
    "name" : "Spotify Camp Nou",
    "country" : {
      "id" : 214,
      "name" : "Spain"
    }
  },
  "referee" : {
    "id" : 218,
    "name" : "Ignacio Iglesias Villanueva",
    "country" : {
      "id" : 214,
      "name" : "Spain"
    }
  }
}, {
  "match_id" : 70303,
  "match_date" : "2015-01-11",
  "kick_off" : "21:00:00.000",
  "competition" : {
    "competition_id" : 11,
    "country_name" : "Spain",
    "competition_name" : "La Liga"
  },
  "season" : {
    "season_id" : 26,
    "season_name" : "2014/2015"
  },
  "home_team" : {
    "home_team_id" : 217,
    "home_team_name" : "Barcelona",
    "home_team_gender" : "male",
    "home_team_group" : null,
    "country" : {
      "id" : 214,
      "name" : "Spain"
    },
    "managers" : [ {
      "id" : 793,
      "name" : "Luis Enrique Martínez García",
      "nickname" : "Luis Enrique",
      "dob" : "1970-05-08",
      "country" : {
        "id" : 214,
        "name" : "Spain"
      }
    } ]
  },
  "away_team" : {
    "away_team_id" : 212,
    "away_team_name" : "Atlético Madrid",
    "away_team_gender" : "male",
    "away_team_group" : null,
    "country" : {
      "id" : 214,
      "name" : "Spain"
    },
    "managers" : [ {
      "id" : 230,
      "name" : "Diego Pablo Simeone",
      "nickname" : "Diego Simeone",
      "dob" : "1970-04-28",
      "country" : {
        "id" : 11,
        "name" : "Argentina"
      }
    } ]
  },
  "home_score" : 3,
  "away_score" : 1,
  "match_status" : "available",
  "match_status_360" : "scheduled",
  "last_updated" : "2023-07-24T21:45:07.990490",
  "last_updated_360" : "2021-06-13T16:17:31.694",
  "metadata" : {
    "data_version" : "1.1.0",
    "shot_fidelity_version" : "2",
    "xy_fidelity_version" : "2"
  },
  "match_week" : 18,
  "competition_stage" : {
    "id" : 1,
    "name" : "Regular Season"
  },
  "stadium" : {
    "id" : 342,
    "name" : "Spotify Camp Nou",
    "country" : {
      "id" : 214,
      "name" : "Spain"
    }
  },
  "referee" : {
    "id" : 221,
    "name" : "Alberto Undiano Mallenco",
    "country" : {
      "id" : 214,
      "name" : "Spain"
    }
  }
}, {
  "match_id" : 266240,
  "match_date" : "2015-01-04",
  "kick_off" : "21:00:00.000",
  "competition" : {
    "competition_id" : 11,
    "country_name" : "Spain",
    "competition_name" : "La Liga"
  },
  "season" : {
    "season_id" : 26,
    "season_name" : "2014/2015"
  },
  "home_team" : {
    "home_team_id" : 210,
    "home_team_name" : "Real Sociedad",
    "home_team_gender" : "male",
    "home_team_group" : null,
    "country" : {
      "id" : 214,
      "name" : "Spain"
    },
    "managers" : [ {
      "id" : 86,
      "name" : "David Moyes",
      "nickname" : null,
      "dob" : "1963-04-25",
      "country" : {
        "id" : 201,
        "name" : "Scotland"
      }
    } ]
  },
  "away_team" : {
    "away_team_id" : 217,
    "away_team_name" : "Barcelona",
    "away_team_gender" : "male",
    "away_team_group" : null,
    "country" : {
      "id" : 214,
      "name" : "Spain"
    },
    "managers" : [ {
      "id" : 793,
      "name" : "Luis Enrique Martínez García",
      "nickname" : "Luis Enrique",
      "dob" : "1970-05-08",
      "country" : {
        "id" : 214,
        "name" : "Spain"
      }
    } ]
  },
  "home_score" : 1,
  "away_score" : 0,
  "match_status" : "available",
  "match_status_360" : "scheduled",
  "last_updated" : "2023-07-24T21:49:55.914753",
  "last_updated_360" : "2021-06-13T16:17:31.694",
  "metadata" : {
    "data_version" : "1.1.0",
    "shot_fidelity_version" : "2",
    "xy_fidelity_version" : "2"
  },
  "match_week" : 17,
  "competition_stage" : {
    "id" : 1,
    "name" : "Regular Season"
  },
  "stadium" : {
    "id" : 5043,
    "name" : "Reale Arena",
    "country" : {
      "id" : 214,
      "name" : "Spain"
    }
  }
}, {
  "match_id" : 267597,
  "match_date" : "2015-02-01",
  "kick_off" : "21:00:00.000",
  "competition" : {
    "competition_id" : 11,
    "country_name" : "Spain",
    "competition_name" : "La Liga"
  },
  "season" : {
    "season_id" : 26,
    "season_name" : "2014/2015"
  },
  "home_team" : {
    "home_team_id" : 217,
    "home_team_name" : "Barcelona",
    "home_team_gender" : "male",
    "home_team_group" : null,
    "country" : {
      "id" : 214,
      "name" : "Spain"
    },
    "managers" : [ {
      "id" : 793,
      "name" : "Luis Enrique Martínez García",
      "nickname" : "Luis Enrique",
      "dob" : "1970-05-08",
      "country" : {
        "id" : 214,
        "name" : "Spain"
      }
    } ]
  },
  "away_team" : {
    "away_team_id" : 222,
    "away_team_name" : "Villarreal",
    "away_team_gender" : "male",
    "away_team_group" : null,
    "country" : {
      "id" : 214,
      "name" : "Spain"
    },
    "managers" : [ {
      "id" : 211,
      "name" : "Marcelino García Toral",
      "nickname" : "Marcelino",
      "dob" : "1965-08-14",
      "country" : {
        "id" : 214,
        "name" : "Spain"
      }
    } ]
  },
  "home_score" : 3,
  "away_score" : 2,
  "match_status" : "available",
  "match_status_360" : "scheduled",
  "last_updated" : "2022-08-14T17:57:09.908690",
  "last_updated_360" : "2021-06-13T16:17:31.694",
  "metadata" : {
    "data_version" : "1.1.0",
    "shot_fidelity_version" : "2",
    "xy_fidelity_version" : "2"
  },
  "match_week" : 21,
  "competition_stage" : {
    "id" : 1,
    "name" : "Regular Season"
  },
  "stadium" : {
    "id" : 342,
    "name" : "Spotify Camp Nou",
    "country" : {
      "id" : 214,
      "name" : "Spain"
    }
  }
}, {
  "match_id" : 266794,
  "match_date" : "2015-01-24",
  "kick_off" : "18:00:00.000",
  "competition" : {
    "competition_id" : 11,
    "country_name" : "Spain",
    "competition_name" : "La Liga"
  },
  "season" : {
    "season_id" : 26,
    "season_name" : "2014/2015"
  },
  "home_team" : {
    "home_team_id" : 1042,
    "home_team_name" : "Elche",
    "home_team_gender" : "male",
    "home_team_group" : null,
    "country" : {
      "id" : 214,
      "name" : "Spain"
    },
    "managers" : [ {
      "id" : 509,
      "name" : "Francisco Escriba Segura",
      "nickname" : "Fran Escribá",
      "dob" : "1965-05-03",
      "country" : {
        "id" : 214,
        "name" : "Spain"
      }
    } ]
  },
  "away_team" : {
    "away_team_id" : 217,
    "away_team_name" : "Barcelona",
    "away_team_gender" : "male",
    "away_team_group" : null,
    "country" : {
      "id" : 214,
      "name" : "Spain"
    },
    "managers" : [ {
      "id" : 793,
      "name" : "Luis Enrique Martínez García",
      "nickname" : "Luis Enrique",
      "dob" : "1970-05-08",
      "country" : {
        "id" : 214,
        "name" : "Spain"
      }
    } ]
  },
  "home_score" : 0,
  "away_score" : 6,
  "match_status" : "available",
  "match_status_360" : "scheduled",
  "last_updated" : "2022-08-14T17:49:59.873306",
  "last_updated_360" : "2021-06-13T16:17:31.694",
  "metadata" : {
    "data_version" : "1.1.0",
    "shot_fidelity_version" : "2",
    "xy_fidelity_version" : "2"
  },
  "match_week" : 20,
  "competition_stage" : {
    "id" : 1,
    "name" : "Regular Season"
  },
  "stadium" : {
    "id" : 4665,
    "name" : "Estadio Manuel Martínez Valero",
    "country" : {
      "id" : 214,
      "name" : "Spain"
    }
  },
  "referee" : {
    "id" : 1008,
    "name" : "Carlos Clos Gómez",
    "country" : {
      "id" : 214,
      "name" : "Spain"
    }
  }
}, {
  "match_id" : 267343,
  "match_date" : "2015-02-28",
  "kick_off" : "16:00:00.000",
  "competition" : {
    "competition_id" : 11,
    "country_name" : "Spain",
    "competition_name" : "La Liga"
  },
  "season" : {
    "season_id" : 26,
    "season_name" : "2014/2015"
  },
  "home_team" : {
    "home_team_id" : 1049,
    "home_team_name" : "Granada",
    "home_team_gender" : "male",
    "home_team_group" : null,
    "country" : {
      "id" : 214,
      "name" : "Spain"
    },
    "managers" : [ {
      "id" : 4988,
      "name" : "Abel Resino Gómez",
      "nickname" : null,
      "dob" : "1960-02-02",
      "country" : {
        "id" : 214,
        "name" : "Spain"
      }
    } ]
  },
  "away_team" : {
    "away_team_id" : 217,
    "away_team_name" : "Barcelona",
    "away_team_gender" : "male",
    "away_team_group" : null,
    "country" : {
      "id" : 214,
      "name" : "Spain"
    },
    "managers" : [ {
      "id" : 793,
      "name" : "Luis Enrique Martínez García",
      "nickname" : "Luis Enrique",
      "dob" : "1970-05-08",
      "country" : {
        "id" : 214,
        "name" : "Spain"
      }
    } ]
  },
  "home_score" : 1,
  "away_score" : 3,
  "match_status" : "available",
  "match_status_360" : "scheduled",
  "last_updated" : "2023-07-24T21:50:15.215072",
  "last_updated_360" : "2021-06-13T16:17:31.694",
  "metadata" : {
    "data_version" : "1.1.0",
    "shot_fidelity_version" : "2",
    "xy_fidelity_version" : "2"
  },
  "match_week" : 25,
  "competition_stage" : {
    "id" : 1,
    "name" : "Regular Season"
  },
  "stadium" : {
    "id" : 4667,
    "name" : "Estadio Nuevo Los Cármenes",
    "country" : {
      "id" : 214,
      "name" : "Spain"
    }
  }
}, {
  "match_id" : 266631,
  "match_date" : "2015-05-17",
  "kick_off" : "19:00:00.000",
  "competition" : {
    "competition_id" : 11,
    "country_name" : "Spain",
    "competition_name" : "La Liga"
  },
  "season" : {
    "season_id" : 26,
    "season_name" : "2014/2015"
  },
  "home_team" : {
    "home_team_id" : 212,
    "home_team_name" : "Atlético Madrid",
    "home_team_gender" : "male",
    "home_team_group" : null,
    "country" : {
      "id" : 214,
      "name" : "Spain"
    },
    "managers" : [ {
      "id" : 230,
      "name" : "Diego Pablo Simeone",
      "nickname" : "Diego Simeone",
      "dob" : "1970-04-28",
      "country" : {
        "id" : 11,
        "name" : "Argentina"
      }
    } ]
  },
  "away_team" : {
    "away_team_id" : 217,
    "away_team_name" : "Barcelona",
    "away_team_gender" : "male",
    "away_team_group" : null,
    "country" : {
      "id" : 214,
      "name" : "Spain"
    },
    "managers" : [ {
      "id" : 793,
      "name" : "Luis Enrique Martínez García",
      "nickname" : "Luis Enrique",
      "dob" : "1970-05-08",
      "country" : {
        "id" : 214,
        "name" : "Spain"
      }
    } ]
  },
  "home_score" : 0,
  "away_score" : 1,
  "match_status" : "available",
  "match_status_360" : "scheduled",
  "last_updated" : "2023-07-24T21:49:33.046670",
  "last_updated_360" : "2021-06-13T16:17:31.694",
  "metadata" : {
    "data_version" : "1.1.0",
    "shot_fidelity_version" : "2",
    "xy_fidelity_version" : "2"
  },
  "match_week" : 37,
  "competition_stage" : {
    "id" : 1,
    "name" : "Regular Season"
  },
  "stadium" : {
    "id" : 625,
    "name" : "Estadio Vicente Calderón",
    "country" : {
      "id" : 214,
      "name" : "Spain"
    }
  },
  "referee" : {
    "id" : 221,
    "name" : "Alberto Undiano Mallenco",
    "country" : {
      "id" : 214,
      "name" : "Spain"
    }
  }
}, {
  "match_id" : 266320,
  "match_date" : "2014-12-07",
  "kick_off" : "17:00:00.000",
  "competition" : {
    "competition_id" : 11,
    "country_name" : "Spain",
    "competition_name" : "La Liga"
  },
  "season" : {
    "season_id" : 26,
    "season_name" : "2014/2015"
  },
  "home_team" : {
    "home_team_id" : 217,
    "home_team_name" : "Barcelona",
    "home_team_gender" : "male",
    "home_team_group" : null,
    "country" : {
      "id" : 214,
      "name" : "Spain"
    },
    "managers" : [ {
      "id" : 793,
      "name" : "Luis Enrique Martínez García",
      "nickname" : "Luis Enrique",
      "dob" : "1970-05-08",
      "country" : {
        "id" : 214,
        "name" : "Spain"
      }
    } ]
  },
  "away_team" : {
    "away_team_id" : 214,
    "away_team_name" : "Espanyol",
    "away_team_gender" : "male",
    "away_team_group" : null,
    "country" : {
      "id" : 214,
      "name" : "Spain"
    },
    "managers" : [ {
      "id" : 576,
      "name" : "Sergio González Soriano",
      "nickname" : "Sergio",
      "dob" : "1976-11-10",
      "country" : {
        "id" : 214,
        "name" : "Spain"
      }
    } ]
  },
  "home_score" : 5,
  "away_score" : 1,
  "match_status" : "available",
  "match_status_360" : "scheduled",
  "last_updated" : "2020-07-29T05:00",
  "last_updated_360" : "2021-06-13T16:17:31.694",
  "metadata" : {
    "data_version" : "1.1.0",
    "shot_fidelity_version" : "2",
    "xy_fidelity_version" : "2"
  },
  "match_week" : 14,
  "competition_stage" : {
    "id" : 1,
    "name" : "Regular Season"
  },
  "stadium" : {
    "id" : 342,
    "name" : "Spotify Camp Nou",
    "country" : {
      "id" : 214,
      "name" : "Spain"
    }
  },
  "referee" : {
    "id" : 218,
    "name" : "Ignacio Iglesias Villanueva",
    "country" : {
      "id" : 214,
      "name" : "Spain"
    }
  }
}, {
  "match_id" : 266230,
  "match_date" : "2015-01-18",
  "kick_off" : "19:00:00.000",
  "competition" : {
    "competition_id" : 11,
    "country_name" : "Spain",
    "competition_name" : "La Liga"
  },
  "season" : {
    "season_id" : 26,
    "season_name" : "2014/2015"
  },
  "home_team" : {
    "home_team_id" : 219,
    "home_team_name" : "RC Deportivo La Coruña",
    "home_team_gender" : "male",
    "home_team_group" : null,
    "country" : {
      "id" : 214,
      "name" : "Spain"
    },
    "managers" : [ {
      "id" : 1602,
      "name" : "Victor Fernández Braulio",
      "nickname" : "Víctor Fernández",
      "dob" : "1960-11-28",
      "country" : {
        "id" : 214,
        "name" : "Spain"
      }
    } ]
  },
  "away_team" : {
    "away_team_id" : 217,
    "away_team_name" : "Barcelona",
    "away_team_gender" : "male",
    "away_team_group" : null,
    "country" : {
      "id" : 214,
      "name" : "Spain"
    },
    "managers" : [ {
      "id" : 793,
      "name" : "Luis Enrique Martínez García",
      "nickname" : "Luis Enrique",
      "dob" : "1970-05-08",
      "country" : {
        "id" : 214,
        "name" : "Spain"
      }
    } ]
  },
  "home_score" : 0,
  "away_score" : 4,
  "match_status" : "available",
  "match_status_360" : "scheduled",
  "last_updated" : "2022-08-14T17:43:47.980754",
  "last_updated_360" : "2021-06-13T16:17:31.694",
  "metadata" : {
    "data_version" : "1.1.0",
    "shot_fidelity_version" : "2",
    "xy_fidelity_version" : "2"
  },
  "match_week" : 19,
  "competition_stage" : {
    "id" : 1,
    "name" : "Regular Season"
  },
  "stadium" : {
    "id" : 4658,
    "name" : "Estadio Abanca-Riazor",
    "country" : {
      "id" : 214,
      "name" : "Spain"
    }
  }
}, {
  "match_id" : 266525,
  "match_date" : "2015-04-18",
  "kick_off" : "16:00:00.000",
  "competition" : {
    "competition_id" : 11,
    "country_name" : "Spain",
    "competition_name" : "La Liga"
  },
  "season" : {
    "season_id" : 26,
    "season_name" : "2014/2015"
  },
  "home_team" : {
    "home_team_id" : 217,
    "home_team_name" : "Barcelona",
    "home_team_gender" : "male",
    "home_team_group" : null,
    "country" : {
      "id" : 214,
      "name" : "Spain"
    },
    "managers" : [ {
      "id" : 793,
      "name" : "Luis Enrique Martínez García",
      "nickname" : "Luis Enrique",
      "dob" : "1970-05-08",
      "country" : {
        "id" : 214,
        "name" : "Spain"
      }
    } ]
  },
  "away_team" : {
    "away_team_id" : 207,
    "away_team_name" : "Valencia",
    "away_team_gender" : "male",
    "away_team_group" : null,
    "country" : {
      "id" : 214,
      "name" : "Spain"
    },
    "managers" : [ {
      "id" : 396,
      "name" : "Nuno Herlander Simões Espírito Santo",
      "nickname" : "Nuno Espírito Santo",
      "dob" : "1974-01-25",
      "country" : {
        "id" : 183,
        "name" : "Portugal"
      }
    } ]
  },
  "home_score" : 2,
  "away_score" : 0,
  "match_status" : "available",
  "match_status_360" : "scheduled",
  "last_updated" : "2023-07-24T21:43:55.012811",
  "last_updated_360" : "2021-06-13T16:17:31.694",
  "metadata" : {
    "data_version" : "1.1.0",
    "shot_fidelity_version" : "2",
    "xy_fidelity_version" : "2"
  },
  "match_week" : 32,
  "competition_stage" : {
    "id" : 1,
    "name" : "Regular Season"
  },
  "stadium" : {
    "id" : 342,
    "name" : "Spotify Camp Nou",
    "country" : {
      "id" : 214,
      "name" : "Spain"
    }
  },
  "referee" : {
    "id" : 211,
    "name" : "José Luis González González",
    "country" : {
      "id" : 214,
      "name" : "Spain"
    }
  }
}, {
  "match_id" : 266560,
  "match_date" : "2014-11-30",
  "kick_off" : "21:00:00.000",
  "competition" : {
    "competition_id" : 11,
    "country_name" : "Spain",
    "competition_name" : "La Liga"
  },
  "season" : {
    "season_id" : 26,
    "season_name" : "2014/2015"
  },
  "home_team" : {
    "home_team_id" : 207,
    "home_team_name" : "Valencia",
    "home_team_gender" : "male",
    "home_team_group" : null,
    "country" : {
      "id" : 214,
      "name" : "Spain"
    },
    "managers" : [ {
      "id" : 396,
      "name" : "Nuno Herlander Simões Espírito Santo",
      "nickname" : "Nuno Espírito Santo",
      "dob" : "1974-01-25",
      "country" : {
        "id" : 183,
        "name" : "Portugal"
      }
    } ]
  },
  "away_team" : {
    "away_team_id" : 217,
    "away_team_name" : "Barcelona",
    "away_team_gender" : "male",
    "away_team_group" : null,
    "country" : {
      "id" : 214,
      "name" : "Spain"
    },
    "managers" : [ {
      "id" : 793,
      "name" : "Luis Enrique Martínez García",
      "nickname" : "Luis Enrique",
      "dob" : "1970-05-08",
      "country" : {
        "id" : 214,
        "name" : "Spain"
      }
    } ]
  },
  "home_score" : 0,
  "away_score" : 1,
  "match_status" : "available",
  "match_status_360" : "scheduled",
  "last_updated" : "2020-07-29T05:00",
  "last_updated_360" : "2021-06-13T16:17:31.694",
  "metadata" : {
    "data_version" : "1.1.0",
    "shot_fidelity_version" : "2",
    "xy_fidelity_version" : "2"
  },
  "match_week" : 13,
  "competition_stage" : {
    "id" : 1,
    "name" : "Regular Season"
  },
  "stadium" : {
    "id" : 344,
    "name" : "Estadio de Mestalla",
    "country" : {
      "id" : 214,
      "name" : "Spain"
    }
  },
  "referee" : {
    "id" : 222,
    "name" : "David Fernández Borbalan",
    "country" : {
      "id" : 214,
      "name" : "Spain"
    }
  }
}, {
  "match_id" : 266846,
  "match_date" : "2014-12-20",
  "kick_off" : "16:00:00.000",
  "competition" : {
    "competition_id" : 11,
    "country_name" : "Spain",
    "competition_name" : "La Liga"
  },
  "season" : {
    "season_id" : 26,
    "season_name" : "2014/2015"
  },
  "home_team" : {
    "home_team_id" : 217,
    "home_team_name" : "Barcelona",
    "home_team_gender" : "male",
    "home_team_group" : null,
    "country" : {
      "id" : 214,
      "name" : "Spain"
    },
    "managers" : [ {
      "id" : 793,
      "name" : "Luis Enrique Martínez García",
      "nickname" : "Luis Enrique",
      "dob" : "1970-05-08",
      "country" : {
        "id" : 214,
        "name" : "Spain"
      }
    } ]
  },
  "away_team" : {
    "away_team_id" : 373,
    "away_team_name" : "Córdoba CF",
    "away_team_gender" : "male",
    "away_team_group" : null,
    "country" : {
      "id" : 214,
      "name" : "Spain"
    },
    "managers" : [ {
      "id" : 3503,
      "name" : "Miroslav Đukić",
      "nickname" : null,
      "dob" : "1966-02-19",
      "country" : {
        "id" : 203,
        "name" : "Serbia"
      }
    } ]
  },
  "home_score" : 5,
  "away_score" : 0,
  "match_status" : "available",
  "match_status_360" : "scheduled",
  "last_updated" : "2020-07-29T05:00",
  "last_updated_360" : "2021-06-13T16:17:31.694",
  "metadata" : {
    "data_version" : "1.1.0",
    "shot_fidelity_version" : "2",
    "xy_fidelity_version" : "2"
  },
  "match_week" : 16,
  "competition_stage" : {
    "id" : 1,
    "name" : "Regular Season"
  },
  "stadium" : {
    "id" : 342,
    "name" : "Spotify Camp Nou",
    "country" : {
      "id" : 214,
      "name" : "Spain"
    }
  },
  "referee" : {
    "id" : 180,
    "name" : "Antonio Miguel Mateu Lahoz",
    "country" : {
      "id" : 214,
      "name" : "Spain"
    }
  }
}, {
  "match_id" : 266531,
  "match_date" : "2015-04-25",
  "kick_off" : "16:00:00.000",
  "competition" : {
    "competition_id" : 11,
    "country_name" : "Spain",
    "competition_name" : "La Liga"
  },
  "season" : {
    "season_id" : 26,
    "season_name" : "2014/2015"
  },
  "home_team" : {
    "home_team_id" : 214,
    "home_team_name" : "Espanyol",
    "home_team_gender" : "male",
    "home_team_group" : null,
    "country" : {
      "id" : 214,
      "name" : "Spain"
    },
    "managers" : [ {
      "id" : 576,
      "name" : "Sergio González Soriano",
      "nickname" : "Sergio",
      "dob" : "1976-11-10",
      "country" : {
        "id" : 214,
        "name" : "Spain"
      }
    } ]
  },
  "away_team" : {
    "away_team_id" : 217,
    "away_team_name" : "Barcelona",
    "away_team_gender" : "male",
    "away_team_group" : null,
    "country" : {
      "id" : 214,
      "name" : "Spain"
    },
    "managers" : [ {
      "id" : 793,
      "name" : "Luis Enrique Martínez García",
      "nickname" : "Luis Enrique",
      "dob" : "1970-05-08",
      "country" : {
        "id" : 214,
        "name" : "Spain"
      }
    } ]
  },
  "home_score" : 0,
  "away_score" : 2,
  "match_status" : "available",
  "match_status_360" : "scheduled",
  "last_updated" : "2023-07-24T21:48:36.369414",
  "last_updated_360" : "2021-06-13T16:17:31.694",
  "metadata" : {
    "data_version" : "1.1.0",
    "shot_fidelity_version" : "2",
    "xy_fidelity_version" : "2"
  },
  "match_week" : 33,
  "competition_stage" : {
    "id" : 1,
    "name" : "Regular Season"
  },
  "stadium" : {
    "id" : 351,
    "name" : "RCDE Stadium",
    "country" : {
      "id" : 214,
      "name" : "Spain"
    }
  },
  "referee" : {
    "id" : 180,
    "name" : "Antonio Miguel Mateu Lahoz",
    "country" : {
      "id" : 214,
      "name" : "Spain"
    }
  }
}, {
  "match_id" : 266921,
  "match_date" : "2014-08-24",
  "kick_off" : "21:00:00.000",
  "competition" : {
    "competition_id" : 11,
    "country_name" : "Spain",
    "competition_name" : "La Liga"
  },
  "season" : {
    "season_id" : 26,
    "season_name" : "2014/2015"
  },
  "home_team" : {
    "home_team_id" : 217,
    "home_team_name" : "Barcelona",
    "home_team_gender" : "male",
    "home_team_group" : null,
    "country" : {
      "id" : 214,
      "name" : "Spain"
    },
    "managers" : [ {
      "id" : 793,
      "name" : "Luis Enrique Martínez García",
      "nickname" : "Luis Enrique",
      "dob" : "1970-05-08",
      "country" : {
        "id" : 214,
        "name" : "Spain"
      }
    } ]
  },
  "away_team" : {
    "away_team_id" : 1042,
    "away_team_name" : "Elche",
    "away_team_gender" : "male",
    "away_team_group" : null,
    "country" : {
      "id" : 214,
      "name" : "Spain"
    },
    "managers" : [ {
      "id" : 509,
      "name" : "Francisco Escriba Segura",
      "nickname" : "Fran Escribá",
      "dob" : "1965-05-03",
      "country" : {
        "id" : 214,
        "name" : "Spain"
      }
    } ]
  },
  "home_score" : 3,
  "away_score" : 0,
  "match_status" : "available",
  "match_status_360" : "scheduled",
  "last_updated" : "2020-07-29T05:00",
  "last_updated_360" : "2021-06-13T16:17:31.694",
  "metadata" : {
    "data_version" : "1.1.0",
    "shot_fidelity_version" : "2",
    "xy_fidelity_version" : "2"
  },
  "match_week" : 1,
  "competition_stage" : {
    "id" : 1,
    "name" : "Regular Season"
  },
  "stadium" : {
    "id" : 342,
    "name" : "Spotify Camp Nou",
    "country" : {
      "id" : 214,
      "name" : "Spain"
    }
  },
  "referee" : {
    "id" : 1003,
    "name" : "Fernando Teixeira",
    "country" : {
      "id" : 214,
      "name" : "Spain"
    }
  }
}, {
  "match_id" : 267499,
  "match_date" : "2014-11-08",
  "kick_off" : "16:00:00.000",
  "competition" : {
    "competition_id" : 11,
    "country_name" : "Spain",
    "competition_name" : "La Liga"
  },
  "season" : {
    "season_id" : 26,
    "season_name" : "2014/2015"
  },
  "home_team" : {
    "home_team_id" : 403,
    "home_team_name" : "Almería",
    "home_team_gender" : "male",
    "home_team_group" : null,
    "country" : {
      "id" : 214,
      "name" : "Spain"
    },
    "managers" : [ {
      "id" : 673,
      "name" : "Francisco Javier Rodríguez Vílchez",
      "nickname" : "Francisco ",
      "dob" : "1978-06-17",
      "country" : {
        "id" : 214,
        "name" : "Spain"
      }
    } ]
  },
  "away_team" : {
    "away_team_id" : 217,
    "away_team_name" : "Barcelona",
    "away_team_gender" : "male",
    "away_team_group" : null,
    "country" : {
      "id" : 214,
      "name" : "Spain"
    },
    "managers" : [ {
      "id" : 793,
      "name" : "Luis Enrique Martínez García",
      "nickname" : "Luis Enrique",
      "dob" : "1970-05-08",
      "country" : {
        "id" : 214,
        "name" : "Spain"
      }
    } ]
  },
  "home_score" : 1,
  "away_score" : 2,
  "match_status" : "available",
  "match_status_360" : "scheduled",
  "last_updated" : "2022-08-14T17:35:46.658152",
  "last_updated_360" : "2021-06-13T16:17:31.694",
  "metadata" : {
    "data_version" : "1.1.0",
    "shot_fidelity_version" : "2",
    "xy_fidelity_version" : "2"
  },
  "match_week" : 11,
  "competition_stage" : {
    "id" : 1,
    "name" : "Regular Season"
  },
  "stadium" : {
    "id" : 4657,
    "name" : "Power Horse Stadium – Estadio de los Juegos Mediterráneos",
    "country" : {
      "id" : 214,
      "name" : "Spain"
    }
  },
  "referee" : {
    "id" : 221,
    "name" : "Alberto Undiano Mallenco",
    "country" : {
      "id" : 214,
      "name" : "Spain"
    }
  }
}, {
  "match_id" : 266741,
  "match_date" : "2015-02-15",
  "kick_off" : "17:00:00.000",
  "competition" : {
    "competition_id" : 11,
    "country_name" : "Spain",
    "competition_name" : "La Liga"
  },
  "season" : {
    "season_id" : 26,
    "season_name" : "2014/2015"
  },
  "home_team" : {
    "home_team_id" : 217,
    "home_team_name" : "Barcelona",
    "home_team_gender" : "male",
    "home_team_group" : null,
    "country" : {
      "id" : 214,
      "name" : "Spain"
    },
    "managers" : [ {
      "id" : 793,
      "name" : "Luis Enrique Martínez García",
      "nickname" : "Luis Enrique",
      "dob" : "1970-05-08",
      "country" : {
        "id" : 214,
        "name" : "Spain"
      }
    } ]
  },
  "away_team" : {
    "away_team_id" : 221,
    "away_team_name" : "Levante UD",
    "away_team_gender" : "male",
    "away_team_group" : null,
    "country" : {
      "id" : 214,
      "name" : "Spain"
    },
    "managers" : [ {
      "id" : 1612,
      "name" : "Luis Lucas Alcaraz González",
      "nickname" : "Lucas Alcaraz",
      "dob" : "1966-06-21",
      "country" : {
        "id" : 214,
        "name" : "Spain"
      }
    } ]
  },
  "home_score" : 5,
  "away_score" : 0,
  "match_status" : "available",
  "match_status_360" : "scheduled",
  "last_updated" : "2023-07-24T21:44:55.278824",
  "last_updated_360" : "2021-06-13T16:17:31.694",
  "metadata" : {
    "data_version" : "1.1.0",
    "shot_fidelity_version" : "2",
    "xy_fidelity_version" : "2"
  },
  "match_week" : 23,
  "competition_stage" : {
    "id" : 1,
    "name" : "Regular Season"
  },
  "stadium" : {
    "id" : 342,
    "name" : "Spotify Camp Nou",
    "country" : {
      "id" : 214,
      "name" : "Spain"
    }
  }
}, {
  "match_id" : 266871,
  "match_date" : "2015-02-08",
  "kick_off" : "21:00:00.000",
  "competition" : {
    "competition_id" : 11,
    "country_name" : "Spain",
    "competition_name" : "La Liga"
  },
  "season" : {
    "season_id" : 26,
    "season_name" : "2014/2015"
  },
  "home_team" : {
    "home_team_id" : 215,
    "home_team_name" : "Athletic Club",
    "home_team_gender" : "male",
    "home_team_group" : null,
    "country" : {
      "id" : 214,
      "name" : "Spain"
    },
    "managers" : [ {
      "id" : 227,
      "name" : "Ernesto Valverde Tejedor",
      "nickname" : "Ernesto Valverde",
      "dob" : "1964-02-09",
      "country" : {
        "id" : 214,
        "name" : "Spain"
      }
    } ]
  },
  "away_team" : {
    "away_team_id" : 217,
    "away_team_name" : "Barcelona",
    "away_team_gender" : "male",
    "away_team_group" : null,
    "country" : {
      "id" : 214,
      "name" : "Spain"
    },
    "managers" : [ {
      "id" : 793,
      "name" : "Luis Enrique Martínez García",
      "nickname" : "Luis Enrique",
      "dob" : "1970-05-08",
      "country" : {
        "id" : 214,
        "name" : "Spain"
      }
    } ]
  },
  "home_score" : 2,
  "away_score" : 5,
  "match_status" : "available",
  "match_status_360" : "scheduled",
  "last_updated" : "2023-07-24T21:46:02.129374",
  "last_updated_360" : "2021-06-13T16:17:31.694",
  "metadata" : {
    "data_version" : "1.1.0",
    "shot_fidelity_version" : "2",
    "xy_fidelity_version" : "2"
  },
  "match_week" : 22,
  "competition_stage" : {
    "id" : 1,
    "name" : "Regular Season"
  },
  "stadium" : {
    "id" : 345,
    "name" : "San Mamés Barria",
    "country" : {
      "id" : 214,
      "name" : "Spain"
    }
  },
  "referee" : {
    "id" : 180,
    "name" : "Antonio Miguel Mateu Lahoz",
    "country" : {
      "id" : 214,
      "name" : "Spain"
    }
  }
}, {
  "match_id" : 266967,
  "match_date" : "2015-03-14",
  "kick_off" : "18:00:00.000",
  "competition" : {
    "competition_id" : 11,
    "country_name" : "Spain",
    "competition_name" : "La Liga"
  },
  "season" : {
    "season_id" : 26,
    "season_name" : "2014/2015"
  },
  "home_team" : {
    "home_team_id" : 322,
    "home_team_name" : "Eibar",
    "home_team_gender" : "male",
    "home_team_group" : null,
    "country" : {
      "id" : 214,
      "name" : "Spain"
    },
    "managers" : [ {
      "id" : 767,
      "name" : "Gaizka Garitano Aguirre",
      "nickname" : "Gaizka Garitano",
      "dob" : "1975-07-09",
      "country" : {
        "id" : 214,
        "name" : "Spain"
      }
    } ]
  },
  "away_team" : {
    "away_team_id" : 217,
    "away_team_name" : "Barcelona",
    "away_team_gender" : "male",
    "away_team_group" : null,
    "country" : {
      "id" : 214,
      "name" : "Spain"
    },
    "managers" : [ {
      "id" : 793,
      "name" : "Luis Enrique Martínez García",
      "nickname" : "Luis Enrique",
      "dob" : "1970-05-08",
      "country" : {
        "id" : 214,
        "name" : "Spain"
      }
    } ]
  },
  "home_score" : 0,
  "away_score" : 2,
  "match_status" : "available",
  "match_status_360" : "scheduled",
  "last_updated" : "2023-07-24T21:48:04.558640",
  "last_updated_360" : "2021-06-13T16:17:31.694",
  "metadata" : {
    "data_version" : "1.1.0",
    "shot_fidelity_version" : "2",
    "xy_fidelity_version" : "2"
  },
  "match_week" : 27,
  "competition_stage" : {
    "id" : 1,
    "name" : "Regular Season"
  },
  "stadium" : {
    "id" : 347,
    "name" : "Estadio Municipal de Ipurúa",
    "country" : {
      "id" : 214,
      "name" : "Spain"
    }
  }
}, {
  "match_id" : 266929,
  "match_date" : "2015-04-05",
  "kick_off" : "21:00:00.000",
  "competition" : {
    "competition_id" : 11,
    "country_name" : "Spain",
    "competition_name" : "La Liga"
  },
  "season" : {
    "season_id" : 26,
    "season_name" : "2014/2015"
  },
  "home_team" : {
    "home_team_id" : 209,
    "home_team_name" : "Celta Vigo",
    "home_team_gender" : "male",
    "home_team_group" : null,
    "country" : {
      "id" : 214,
      "name" : "Spain"
    },
    "managers" : [ {
      "id" : 385,
      "name" : "Manuel Eduardo Berizzo",
      "nickname" : "Eduardo Berizzo",
      "dob" : "1969-11-13",
      "country" : {
        "id" : 11,
        "name" : "Argentina"
      }
    } ]
  },
  "away_team" : {
    "away_team_id" : 217,
    "away_team_name" : "Barcelona",
    "away_team_gender" : "male",
    "away_team_group" : null,
    "country" : {
      "id" : 214,
      "name" : "Spain"
    },
    "managers" : [ {
      "id" : 793,
      "name" : "Luis Enrique Martínez García",
      "nickname" : "Luis Enrique",
      "dob" : "1970-05-08",
      "country" : {
        "id" : 214,
        "name" : "Spain"
      }
    } ]
  },
  "home_score" : 0,
  "away_score" : 1,
  "match_status" : "available",
  "match_status_360" : "scheduled",
  "last_updated" : "2022-08-14T18:17:43.021648",
  "last_updated_360" : "2021-06-13T16:17:31.694",
  "metadata" : {
    "data_version" : "1.1.0",
    "shot_fidelity_version" : "2",
    "xy_fidelity_version" : "2"
  },
  "match_week" : 29,
  "competition_stage" : {
    "id" : 1,
    "name" : "Regular Season"
  },
  "stadium" : {
    "id" : 653,
    "name" : "Abanca-Balaídos",
    "country" : {
      "id" : 214,
      "name" : "Spain"
    }
  }
}, {
  "match_id" : 266770,
  "match_date" : "2014-09-21",
  "kick_off" : "21:00:00.000",
  "competition" : {
    "competition_id" : 11,
    "country_name" : "Spain",
    "competition_name" : "La Liga"
  },
  "season" : {
    "season_id" : 26,
    "season_name" : "2014/2015"
  },
  "home_team" : {
    "home_team_id" : 221,
    "home_team_name" : "Levante UD",
    "home_team_gender" : "male",
    "home_team_group" : null,
    "country" : {
      "id" : 214,
      "name" : "Spain"
    },
    "managers" : [ {
      "id" : 221,
      "name" : "José Luis Mendilibar Etxebarria",
      "nickname" : "José Luis Mendilibar",
      "dob" : "1961-03-14",
      "country" : {
        "id" : 214,
        "name" : "Spain"
      }
    } ]
  },
  "away_team" : {
    "away_team_id" : 217,
    "away_team_name" : "Barcelona",
    "away_team_gender" : "male",
    "away_team_group" : null,
    "country" : {
      "id" : 214,
      "name" : "Spain"
    },
    "managers" : [ {
      "id" : 793,
      "name" : "Luis Enrique Martínez García",
      "nickname" : "Luis Enrique",
      "dob" : "1970-05-08",
      "country" : {
        "id" : 214,
        "name" : "Spain"
      }
    } ]
  },
  "home_score" : 0,
  "away_score" : 5,
  "match_status" : "available",
  "match_status_360" : "scheduled",
  "last_updated" : "2020-07-29T05:00",
  "last_updated_360" : "2021-06-13T16:17:31.694",
  "metadata" : {
    "data_version" : "1.1.0",
    "shot_fidelity_version" : "2",
    "xy_fidelity_version" : "2"
  },
  "match_week" : 4,
  "competition_stage" : {
    "id" : 1,
    "name" : "Regular Season"
  },
  "stadium" : {
    "id" : 350,
    "name" : "Estadio Ciudad de Valencia",
    "country" : {
      "id" : 214,
      "name" : "Spain"
    }
  },
  "referee" : {
    "id" : 211,
    "name" : "José Luis González González",
    "country" : {
      "id" : 214,
      "name" : "Spain"
    }
  }
}, {
  "match_id" : 266142,
  "match_date" : "2015-04-11",
  "kick_off" : "20:00:00.000",
  "competition" : {
    "competition_id" : 11,
    "country_name" : "Spain",
    "competition_name" : "La Liga"
  },
  "season" : {
    "season_id" : 26,
    "season_name" : "2014/2015"
  },
  "home_team" : {
    "home_team_id" : 213,
    "home_team_name" : "Sevilla",
    "home_team_gender" : "male",
    "home_team_group" : null,
    "country" : {
      "id" : 214,
      "name" : "Spain"
    },
    "managers" : [ {
      "id" : 21,
      "name" : "Unai Emery Etxegoien",
      "nickname" : "Unai Emery",
      "dob" : "1971-11-03",
      "country" : {
        "id" : 214,
        "name" : "Spain"
      }
    } ]
  },
  "away_team" : {
    "away_team_id" : 217,
    "away_team_name" : "Barcelona",
    "away_team_gender" : "male",
    "away_team_group" : null,
    "country" : {
      "id" : 214,
      "name" : "Spain"
    },
    "managers" : [ {
      "id" : 793,
      "name" : "Luis Enrique Martínez García",
      "nickname" : "Luis Enrique",
      "dob" : "1970-05-08",
      "country" : {
        "id" : 214,
        "name" : "Spain"
      }
    } ]
  },
  "home_score" : 2,
  "away_score" : 2,
  "match_status" : "available",
  "match_status_360" : "scheduled",
  "last_updated" : "2022-08-14T18:25:25.446317",
  "last_updated_360" : "2021-06-13T16:17:31.694",
  "metadata" : {
    "data_version" : "1.1.0",
    "shot_fidelity_version" : "2",
    "xy_fidelity_version" : "2"
  },
  "match_week" : 31,
  "competition_stage" : {
    "id" : 1,
    "name" : "Regular Season"
  },
  "stadium" : {
    "id" : 349,
    "name" : "Estadio Ramón Sánchez Pizjuán",
    "country" : {
      "id" : 214,
      "name" : "Spain"
    }
  }
} ]