[ {
  "match_id" : 69164,
  "match_date" : "2005-10-26",
  "kick_off" : "20:30:00.000",
  "competition" : {
    "competition_id" : 11,
    "country_name" : "Spain",
    "competition_name" : "La Liga"
  },
  "season" : {
    "season_id" : 38,
    "season_name" : "2005/2006"
  },
  "home_team" : {
    "home_team_id" : 217,
    "home_team_name" : "Barcelona",
    "home_team_gender" : "male",
    "home_team_group" : null,
    "country" : {
      "id" : 214,
      "name" : "Spain"
    },
    "managers" : [ {
      "id" : 4953,
      "name" : "Frank Rijkaard",
      "nickname" : null,
      "dob" : "1962-09-30",
      "country" : {
        "id" : 160,
        "name" : "Netherlands"
      }
    } ]
  },
  "away_team" : {
    "away_team_id" : 223,
    "away_team_name" : "Málaga",
    "away_team_gender" : "male",
    "away_team_group" : null,
    "country" : {
      "id" : 214,
      "name" : "Spain"
    },
    "managers" : [ {
      "id" : 4989,
      "name" : "Antonio Tapia Flores",
      "nickname" : "Antonio Tapia",
      "dob" : "1959-11-13",
      "country" : {
        "id" : 214,
        "name" : "Spain"
      }
    } ]
  },
  "home_score" : 2,
  "away_score" : 0,
  "match_status" : "available",
  "match_status_360" : "scheduled",
  "last_updated" : "2022-07-03T12:34:31.749038",
  "last_updated_360" : "2021-06-13T16:17:31.694",
  "metadata" : {
    "data_version" : "1.1.0",
    "shot_fidelity_version" : "2",
    "xy_fidelity_version" : "2"
  },
  "match_week" : 11,
  "competition_stage" : {
    "id" : 1,
    "name" : "Regular Season"
  },
  "stadium" : {
    "id" : 342,
    "name" : "Spotify Camp Nou",
    "country" : {
      "id" : 214,
      "name" : "Spain"
    }
  },
  "referee" : {
    "id" : 995,
    "name" : "Puentes Leira",
    "country" : {
      "id" : 214,
      "name" : "Spain"
    }
  }
}, {
  "match_id" : 68324,
  "match_date" : "2006-01-22",
  "kick_off" : "19:00:00.000",
  "competition" : {
    "competition_id" : 11,
    "country_name" : "Spain",
    "competition_name" : "La Liga"
  },
  "season" : {
    "season_id" : 38,
    "season_name" : "2005/2006"
  },
  "home_team" : {
    "home_team_id" : 217,
    "home_team_name" : "Barcelona",
    "home_team_gender" : "male",
    "home_team_group" : null,
    "country" : {
      "id" : 214,
      "name" : "Spain"
    }
  },
  "away_team" : {
    "away_team_id" : 206,
    "away_team_name" : "Deportivo Alavés",
    "away_team_gender" : "male",
    "away_team_group" : null,
    "country" : {
      "id" : 214,
      "name" : "Spain"
    }
  },
  "home_score" : 2,
  "away_score" : 0,
  "match_status" : "available",
  "match_status_360" : "scheduled",
  "last_updated" : "2020-07-29T05:00",
  "last_updated_360" : "2021-06-13T16:17:31.694",
  "metadata" : {
    "data_version" : "1.1.0",
    "shot_fidelity_version" : "2",
    "xy_fidelity_version" : "2"
  },
  "match_week" : 20,
  "competition_stage" : {
    "id" : 1,
    "name" : "Regular Season"
  },
  "stadium" : {
    "id" : 342,
    "name" : "Spotify Camp Nou",
    "country" : {
      "id" : 214,
      "name" : "Spain"
    }
  },
  "referee" : {
    "id" : 1004,
    "name" : "Turienzo",
    "country" : {
      "id" : 214,
      "name" : "Spain"
    }
  }
}, {
  "match_id" : 68320,
  "match_date" : "2005-12-04",
  "kick_off" : "19:00:00.000",
  "competition" : {
    "competition_id" : 11,
    "country_name" : "Spain",
    "competition_name" : "La Liga"
  },
  "season" : {
    "season_id" : 38,
    "season_name" : "2005/2006"
  },
  "home_team" : {
    "home_team_id" : 222,
    "home_team_name" : "Villarreal",
    "home_team_gender" : "male",
    "home_team_group" : null,
    "country" : {
      "id" : 214,
      "name" : "Spain"
    },
    "managers" : [ {
      "id" : 733,
      "name" : "Manuel Luis Pellegrini Ripamonti",
      "nickname" : "Manuel Pellegrini",
      "dob" : "1953-09-16",
      "country" : {
        "id" : 45,
        "name" : "Chile"
      }
    } ]
  },
  "away_team" : {
    "away_team_id" : 217,
    "away_team_name" : "Barcelona",
    "away_team_gender" : "male",
    "away_team_group" : null,
    "country" : {
      "id" : 214,
      "name" : "Spain"
    },
    "managers" : [ {
      "id" : 4953,
      "name" : "Frank Rijkaard",
      "nickname" : null,
      "dob" : "1962-09-30",
      "country" : {
        "id" : 160,
        "name" : "Netherlands"
      }
    } ]
  },
  "home_score" : 0,
  "away_score" : 2,
  "match_status" : "available",
  "match_status_360" : "scheduled",
  "last_updated" : "2020-07-29T05:00",
  "last_updated_360" : "2021-06-13T16:17:31.694",
  "metadata" : {
    "data_version" : "1.1.0",
    "shot_fidelity_version" : "2",
    "xy_fidelity_version" : "2"
  },
  "match_week" : 14,
  "competition_stage" : {
    "id" : 1,
    "name" : "Regular Season"
  },
  "stadium" : {
    "id" : 361,
    "name" : "Estadio de la Cerámica",
    "country" : {
      "id" : 214,
      "name" : "Spain"
    }
  },
  "referee" : {
    "id" : 997,
    "name" : "César Muñiz",
    "country" : {
      "id" : 214,
      "name" : "Spain"
    }
  }
}, {
  "match_id" : 68323,
  "match_date" : "2005-12-20",
  "kick_off" : "21:00:00.000",
  "competition" : {
    "competition_id" : 11,
    "country_name" : "Spain",
    "competition_name" : "La Liga"
  },
  "season" : {
    "season_id" : 38,
    "season_name" : "2005/2006"
  },
  "home_team" : {
    "home_team_id" : 217,
    "home_team_name" : "Barcelona",
    "home_team_gender" : "male",
    "home_team_group" : null,
    "country" : {
      "id" : 214,
      "name" : "Spain"
    },
    "managers" : [ {
      "id" : 4953,
      "name" : "Frank Rijkaard",
      "nickname" : null,
      "dob" : "1962-09-30",
      "country" : {
        "id" : 160,
        "name" : "Netherlands"
      }
    } ]
  },
  "away_team" : {
    "away_team_id" : 209,
    "away_team_name" : "Celta Vigo",
    "away_team_gender" : "male",
    "away_team_group" : null,
    "country" : {
      "id" : 214,
      "name" : "Spain"
    },
    "managers" : [ {
      "id" : 3928,
      "name" : "Fernando Vázquez Pena",
      "nickname" : "Fernando Vázquez",
      "dob" : "1954-10-24",
      "country" : {
        "id" : 214,
        "name" : "Spain"
      }
    } ]
  },
  "home_score" : 2,
  "away_score" : 0,
  "match_status" : "available",
  "match_status_360" : "scheduled",
  "last_updated" : "2020-07-29T05:00",
  "last_updated_360" : "2021-06-13T16:17:31.694",
  "metadata" : {
    "data_version" : "1.1.0",
    "shot_fidelity_version" : "2",
    "xy_fidelity_version" : "2"
  },
  "match_week" : 17,
  "competition_stage" : {
    "id" : 1,
    "name" : "Regular Season"
  },
  "stadium" : {
    "id" : 342,
    "name" : "Spotify Camp Nou",
    "country" : {
      "id" : 214,
      "name" : "Spain"
    }
  },
  "referee" : {
    "id" : 1001,
    "name" : "Miguel Pérez",
    "country" : {
      "id" : 214,
      "name" : "Spain"
    }
  }
}, {
  "match_id" : 69172,
  "match_date" : "2006-02-18",
  "kick_off" : "22:00:00.000",
  "competition" : {
    "competition_id" : 11,
    "country_name" : "Spain",
    "competition_name" : "La Liga"
  },
  "season" : {
    "season_id" : 38,
    "season_name" : "2005/2006"
  },
  "home_team" : {
    "home_team_id" : 217,
    "home_team_name" : "Barcelona",
    "home_team_gender" : "male",
    "home_team_group" : null,
    "country" : {
      "id" : 214,
      "name" : "Spain"
    }
  },
  "away_team" : {
    "away_team_id" : 218,
    "away_team_name" : "Real Betis",
    "away_team_gender" : "male",
    "away_team_group" : null,
    "country" : {
      "id" : 214,
      "name" : "Spain"
    }
  },
  "home_score" : 5,
  "away_score" : 1,
  "match_status" : "available",
  "match_status_360" : "scheduled",
  "last_updated" : "2020-07-29T05:00",
  "last_updated_360" : "2021-06-13T16:17:31.694",
  "metadata" : {
    "data_version" : "1.1.0",
    "shot_fidelity_version" : "2",
    "xy_fidelity_version" : "2"
  },
  "match_week" : 24,
  "competition_stage" : {
    "id" : 1,
    "name" : "Regular Season"
  },
  "stadium" : {
    "id" : 342,
    "name" : "Spotify Camp Nou",
    "country" : {
      "id" : 214,
      "name" : "Spain"
    }
  },
  "referee" : {
    "id" : 999,
    "name" : "Eduardo Iturralde Gonzalez",
    "country" : {
      "id" : 214,
      "name" : "Spain"
    }
  }
}, {
  "match_id" : 68339,
  "match_date" : "2005-11-06",
  "kick_off" : "21:00:00.000",
  "competition" : {
    "competition_id" : 11,
    "country_name" : "Spain",
    "competition_name" : "La Liga"
  },
  "season" : {
    "season_id" : 38,
    "season_name" : "2005/2006"
  },
  "home_team" : {
    "home_team_id" : 216,
    "home_team_name" : "Getafe",
    "home_team_gender" : "male",
    "home_team_group" : null,
    "country" : {
      "id" : 214,
      "name" : "Spain"
    },
    "managers" : [ {
      "id" : 4986,
      "name" : "Bernd Schuster",
      "nickname" : null,
      "dob" : "1959-12-22",
      "country" : {
        "id" : 85,
        "name" : "Germany"
      }
    } ]
  },
  "away_team" : {
    "away_team_id" : 217,
    "away_team_name" : "Barcelona",
    "away_team_gender" : "male",
    "away_team_group" : null,
    "country" : {
      "id" : 214,
      "name" : "Spain"
    },
    "managers" : [ {
      "id" : 4953,
      "name" : "Frank Rijkaard",
      "nickname" : null,
      "dob" : "1962-09-30",
      "country" : {
        "id" : 160,
        "name" : "Netherlands"
      }
    } ]
  },
  "home_score" : 1,
  "away_score" : 3,
  "match_status" : "available",
  "match_status_360" : "scheduled",
  "last_updated" : "2020-07-29T05:00",
  "last_updated_360" : "2021-06-13T16:17:31.694",
  "metadata" : {
    "data_version" : "1.1.0",
    "shot_fidelity_version" : "2",
    "xy_fidelity_version" : "2"
  },
  "match_week" : 10,
  "competition_stage" : {
    "id" : 1,
    "name" : "Regular Season"
  },
  "stadium" : {
    "id" : 354,
    "name" : "Coliseum Alfonso Pérez",
    "country" : {
      "id" : 214,
      "name" : "Spain"
    }
  },
  "referee" : {
    "id" : 998,
    "name" : "Arturo Daudén Ibáñez",
    "country" : {
      "id" : 214,
      "name" : "Spain"
    }
  }
}, {
  "match_id" : 68348,
  "match_date" : "2006-01-07",
  "kick_off" : "22:00:00.000",
  "competition" : {
    "competition_id" : 11,
    "country_name" : "Spain",
    "competition_name" : "La Liga"
  },
  "season" : {
    "season_id" : 38,
    "season_name" : "2005/2006"
  },
  "home_team" : {
    "home_team_id" : 214,
    "home_team_name" : "Espanyol",
    "home_team_gender" : "male",
    "home_team_group" : null,
    "country" : {
      "id" : 214,
      "name" : "Spain"
    },
    "managers" : [ {
      "id" : 4519,
      "name" : "Miguel Ángel Lotina Oruecheberría",
      "nickname" : "Miguel Ángel Lotina",
      "dob" : "1957-06-18",
      "country" : {
        "id" : 214,
        "name" : "Spain"
      }
    } ]
  },
  "away_team" : {
    "away_team_id" : 217,
    "away_team_name" : "Barcelona",
    "away_team_gender" : "male",
    "away_team_group" : null,
    "country" : {
      "id" : 214,
      "name" : "Spain"
    },
    "managers" : [ {
      "id" : 4953,
      "name" : "Frank Rijkaard",
      "nickname" : null,
      "dob" : "1962-09-30",
      "country" : {
        "id" : 160,
        "name" : "Netherlands"
      }
    } ]
  },
  "home_score" : 1,
  "away_score" : 2,
  "match_status" : "available",
  "match_status_360" : "scheduled",
  "last_updated" : "2020-07-29T05:00",
  "last_updated_360" : "2021-06-13T16:17:31.694",
  "metadata" : {
    "data_version" : "1.1.0",
    "shot_fidelity_version" : "2",
    "xy_fidelity_version" : "2"
  },
  "match_week" : 18,
  "competition_stage" : {
    "id" : 1,
    "name" : "Regular Season"
  },
  "stadium" : {
    "id" : 4635,
    "name" : "Estadi Olímpic Lluís Companys",
    "country" : {
      "id" : 214,
      "name" : "Spain"
    }
  },
  "referee" : {
    "id" : 1002,
    "name" : "Bernardino Gonzalez",
    "country" : {
      "id" : 214,
      "name" : "Spain"
    }
  }
}, {
  "match_id" : 68354,
  "match_date" : "2005-11-27",
  "kick_off" : "21:00:00.000",
  "competition" : {
    "competition_id" : 11,
    "country_name" : "Spain",
    "competition_name" : "La Liga"
  },
  "season" : {
    "season_id" : 38,
    "season_name" : "2005/2006"
  },
  "home_team" : {
    "home_team_id" : 217,
    "home_team_name" : "Barcelona",
    "home_team_gender" : "male",
    "home_team_group" : null,
    "country" : {
      "id" : 214,
      "name" : "Spain"
    },
    "managers" : [ {
      "id" : 4953,
      "name" : "Frank Rijkaard",
      "nickname" : null,
      "dob" : "1962-09-30",
      "country" : {
        "id" : 160,
        "name" : "Netherlands"
      }
    } ]
  },
  "away_team" : {
    "away_team_id" : 1217,
    "away_team_name" : "Racing Santander",
    "away_team_gender" : "male",
    "away_team_group" : null,
    "country" : {
      "id" : 214,
      "name" : "Spain"
    },
    "managers" : [ {
      "id" : 4959,
      "name" : "Manuel Preciado Rebolledo",
      "nickname" : "Manuel Preciado",
      "dob" : "1957-08-28",
      "country" : {
        "id" : 214,
        "name" : "Spain"
      }
    } ]
  },
  "home_score" : 4,
  "away_score" : 1,
  "match_status" : "available",
  "match_status_360" : "scheduled",
  "last_updated" : "2020-07-29T05:00",
  "last_updated_360" : "2021-06-13T16:17:31.694",
  "metadata" : {
    "data_version" : "1.1.0",
    "shot_fidelity_version" : "2",
    "xy_fidelity_version" : "2"
  },
  "match_week" : 13,
  "competition_stage" : {
    "id" : 1,
    "name" : "Regular Season"
  },
  "stadium" : {
    "id" : 342,
    "name" : "Spotify Camp Nou",
    "country" : {
      "id" : 214,
      "name" : "Spain"
    }
  },
  "referee" : {
    "id" : 1000,
    "name" : "Rafael Ramírez Domínguez",
    "country" : {
      "id" : 214,
      "name" : "Spain"
    }
  }
}, {
  "match_id" : 68351,
  "match_date" : "2006-02-25",
  "kick_off" : "22:00:00.000",
  "competition" : {
    "competition_id" : 11,
    "country_name" : "Spain",
    "competition_name" : "La Liga"
  },
  "season" : {
    "season_id" : 38,
    "season_name" : "2005/2006"
  },
  "home_team" : {
    "home_team_id" : 395,
    "home_team_name" : "Real Zaragoza",
    "home_team_gender" : "male",
    "home_team_group" : null,
    "country" : {
      "id" : 214,
      "name" : "Spain"
    },
    "managers" : [ {
      "id" : 5042,
      "name" : "Víctor Muñoz Manrique",
      "nickname" : "Víctor Muñoz",
      "dob" : "1957-03-15",
      "country" : {
        "id" : 214,
        "name" : "Spain"
      }
    } ]
  },
  "away_team" : {
    "away_team_id" : 217,
    "away_team_name" : "Barcelona",
    "away_team_gender" : "male",
    "away_team_group" : null,
    "country" : {
      "id" : 214,
      "name" : "Spain"
    },
    "managers" : [ {
      "id" : 4953,
      "name" : "Frank Rijkaard",
      "nickname" : null,
      "dob" : "1962-09-30",
      "country" : {
        "id" : 160,
        "name" : "Netherlands"
      }
    } ]
  },
  "home_score" : 0,
  "away_score" : 2,
  "match_status" : "available",
  "match_status_360" : "scheduled",
  "last_updated" : "2020-07-29T05:00",
  "last_updated_360" : "2021-06-13T16:17:31.694",
  "metadata" : {
    "data_version" : "1.1.0",
    "shot_fidelity_version" : "2",
    "xy_fidelity_version" : "2"
  },
  "match_week" : 25,
  "competition_stage" : {
    "id" : 1,
    "name" : "Regular Season"
  },
  "stadium" : {
    "id" : 4457,
    "name" : "Estadio de la Romareda",
    "country" : {
      "id" : 214,
      "name" : "Spain"
    }
  },
  "referee" : {
    "id" : 1005,
    "name" : "Victor José Esquinas Torres",
    "country" : {
      "id" : 214,
      "name" : "Spain"
    }
  }
}, {
  "match_id" : 68317,
  "match_date" : "2005-10-01",
  "kick_off" : "20:00:00.000",
  "competition" : {
    "competition_id" : 11,
    "country_name" : "Spain",
    "competition_name" : "La Liga"
  },
  "season" : {
    "season_id" : 38,
    "season_name" : "2005/2006"
  },
  "home_team" : {
    "home_team_id" : 217,
    "home_team_name" : "Barcelona",
    "home_team_gender" : "male",
    "home_team_group" : null,
    "country" : {
      "id" : 214,
      "name" : "Spain"
    },
    "managers" : [ {
      "id" : 4953,
      "name" : "Frank Rijkaard",
      "nickname" : null,
      "dob" : "1962-09-30",
      "country" : {
        "id" : 160,
        "name" : "Netherlands"
      }
    } ]
  },
  "away_team" : {
    "away_team_id" : 395,
    "away_team_name" : "Real Zaragoza",
    "away_team_gender" : "male",
    "away_team_group" : null,
    "country" : {
      "id" : 214,
      "name" : "Spain"
    },
    "managers" : [ {
      "id" : 5042,
      "name" : "Víctor Muñoz Manrique",
      "nickname" : "Víctor Muñoz",
      "dob" : "1957-03-15",
      "country" : {
        "id" : 214,
        "name" : "Spain"
      }
    } ]
  },
  "home_score" : 2,
  "away_score" : 2,
  "match_status" : "available",
  "match_status_360" : "scheduled",
  "last_updated" : "2020-07-29T05:00",
  "last_updated_360" : "2021-06-13T16:17:31.694",
  "metadata" : {
    "data_version" : "1.1.0",
    "shot_fidelity_version" : "2",
    "xy_fidelity_version" : "2"
  },
  "match_week" : 6,
  "competition_stage" : {
    "id" : 1,
    "name" : "Regular Season"
  },
  "stadium" : {
    "id" : 342,
    "name" : "Spotify Camp Nou",
    "country" : {
      "id" : 214,
      "name" : "Spain"
    }
  },
  "referee" : {
    "id" : 996,
    "name" : "Carlos Megía Dávila",
    "country" : {
      "id" : 214,
      "name" : "Spain"
    }
  }
}, {
  "match_id" : 68350,
  "match_date" : "2006-02-05",
  "kick_off" : "19:00:00.000",
  "competition" : {
    "competition_id" : 11,
    "country_name" : "Spain",
    "competition_name" : "La Liga"
  },
  "season" : {
    "season_id" : 38,
    "season_name" : "2005/2006"
  },
  "home_team" : {
    "home_team_id" : 217,
    "home_team_name" : "Barcelona",
    "home_team_gender" : "male",
    "home_team_group" : null,
    "country" : {
      "id" : 214,
      "name" : "Spain"
    }
  },
  "away_team" : {
    "away_team_id" : 212,
    "away_team_name" : "Atlético Madrid",
    "away_team_gender" : "male",
    "away_team_group" : null,
    "country" : {
      "id" : 214,
      "name" : "Spain"
    }
  },
  "home_score" : 1,
  "away_score" : 3,
  "match_status" : "available",
  "match_status_360" : "scheduled",
  "last_updated" : "2020-07-29T05:00",
  "last_updated_360" : "2021-06-13T16:17:31.694",
  "metadata" : {
    "data_version" : "1.1.0",
    "shot_fidelity_version" : "2",
    "xy_fidelity_version" : "2"
  },
  "match_week" : 22,
  "competition_stage" : {
    "id" : 1,
    "name" : "Regular Season"
  },
  "stadium" : {
    "id" : 342,
    "name" : "Spotify Camp Nou",
    "country" : {
      "id" : 214,
      "name" : "Spain"
    }
  },
  "referee" : {
    "id" : 994,
    "name" : "Vicente José Lizondo Cortés",
    "country" : {
      "id" : 214,
      "name" : "Spain"
    }
  }
}, {
  "match_id" : 68325,
  "match_date" : "2006-01-29",
  "kick_off" : "19:00:00.000",
  "competition" : {
    "competition_id" : 11,
    "country_name" : "Spain",
    "competition_name" : "La Liga"
  },
  "season" : {
    "season_id" : 38,
    "season_name" : "2005/2006"
  },
  "home_team" : {
    "home_team_id" : 1043,
    "home_team_name" : "Mallorca",
    "home_team_gender" : "male",
    "home_team_group" : null,
    "country" : {
      "id" : 214,
      "name" : "Spain"
    },
    "managers" : [ {
      "id" : 486,
      "name" : "Héctor Raúl Cúper",
      "nickname" : "Héctor Cúper",
      "dob" : "1955-11-16",
      "country" : {
        "id" : 11,
        "name" : "Argentina"
      }
    } ]
  },
  "away_team" : {
    "away_team_id" : 217,
    "away_team_name" : "Barcelona",
    "away_team_gender" : "male",
    "away_team_group" : null,
    "country" : {
      "id" : 214,
      "name" : "Spain"
    },
    "managers" : [ {
      "id" : 4953,
      "name" : "Frank Rijkaard",
      "nickname" : null,
      "dob" : "1962-09-30",
      "country" : {
        "id" : 160,
        "name" : "Netherlands"
      }
    } ]
  },
  "home_score" : 0,
  "away_score" : 3,
  "match_status" : "available",
  "match_status_360" : "scheduled",
  "last_updated" : "2020-07-29T05:00",
  "last_updated_360" : "2021-06-13T16:17:31.694",
  "metadata" : {
    "data_version" : "1.1.0",
    "shot_fidelity_version" : "2",
    "xy_fidelity_version" : "2"
  },
  "match_week" : 21,
  "competition_stage" : {
    "id" : 1,
    "name" : "Regular Season"
  },
  "stadium" : {
    "id" : 4454,
    "name" : "Estadi Mallorca Son Moix",
    "country" : {
      "id" : 214,
      "name" : "Spain"
    }
  },
  "referee" : {
    "id" : 996,
    "name" : "Carlos Megía Dávila",
    "country" : {
      "id" : 214,
      "name" : "Spain"
    }
  }
}, {
  "match_id" : 68321,
  "match_date" : "2005-12-11",
  "kick_off" : "21:00:00.000",
  "competition" : {
    "competition_id" : 11,
    "country_name" : "Spain",
    "competition_name" : "La Liga"
  },
  "season" : {
    "season_id" : 38,
    "season_name" : "2005/2006"
  },
  "home_team" : {
    "home_team_id" : 217,
    "home_team_name" : "Barcelona",
    "home_team_gender" : "male",
    "home_team_group" : null,
    "country" : {
      "id" : 214,
      "name" : "Spain"
    },
    "managers" : [ {
      "id" : 4953,
      "name" : "Frank Rijkaard",
      "nickname" : null,
      "dob" : "1962-09-30",
      "country" : {
        "id" : 160,
        "name" : "Netherlands"
      }
    } ]
  },
  "away_team" : {
    "away_team_id" : 213,
    "away_team_name" : "Sevilla",
    "away_team_gender" : "male",
    "away_team_group" : null,
    "country" : {
      "id" : 214,
      "name" : "Spain"
    },
    "managers" : [ {
      "id" : 3899,
      "name" : "Juan de la Cruz Ramos Cano",
      "nickname" : "Juande Ramos",
      "dob" : "1954-09-25",
      "country" : {
        "id" : 214,
        "name" : "Spain"
      }
    } ]
  },
  "home_score" : 2,
  "away_score" : 1,
  "match_status" : "available",
  "match_status_360" : "scheduled",
  "last_updated" : "2020-07-29T05:00",
  "last_updated_360" : "2021-06-13T16:17:31.694",
  "metadata" : {
    "data_version" : "1.1.0",
    "shot_fidelity_version" : "2",
    "xy_fidelity_version" : "2"
  },
  "match_week" : 15,
  "competition_stage" : {
    "id" : 1,
    "name" : "Regular Season"
  },
  "stadium" : {
    "id" : 342,
    "name" : "Spotify Camp Nou",
    "country" : {
      "id" : 214,
      "name" : "Spain"
    }
  },
  "referee" : {
    "id" : 1006,
    "name" : "Julian Rodriguez Santiago",
    "country" : {
      "id" : 214,
      "name" : "Spain"
    }
  }
}, {
  "match_id" : 68319,
  "match_date" : "2005-11-19",
  "kick_off" : "20:00:00.000",
  "competition" : {
    "competition_id" : 11,
    "country_name" : "Spain",
    "competition_name" : "La Liga"
  },
  "season" : {
    "season_id" : 38,
    "season_name" : "2005/2006"
  },
  "home_team" : {
    "home_team_id" : 220,
    "home_team_name" : "Real Madrid",
    "home_team_gender" : "male",
    "home_team_group" : null,
    "country" : {
      "id" : 214,
      "name" : "Spain"
    },
    "managers" : [ {
      "id" : 3572,
      "name" : "Vanderlei Luxemburgo da Silva",
      "nickname" : "Vanderlei Luxemburgo",
      "dob" : "1952-05-10",
      "country" : {
        "id" : 31,
        "name" : "Brazil"
      }
    } ]
  },
  "away_team" : {
    "away_team_id" : 217,
    "away_team_name" : "Barcelona",
    "away_team_gender" : "male",
    "away_team_group" : null,
    "country" : {
      "id" : 214,
      "name" : "Spain"
    },
    "managers" : [ {
      "id" : 4953,
      "name" : "Frank Rijkaard",
      "nickname" : null,
      "dob" : "1962-09-30",
      "country" : {
        "id" : 160,
        "name" : "Netherlands"
      }
    } ]
  },
  "home_score" : 0,
  "away_score" : 3,
  "match_status" : "available",
  "match_status_360" : "scheduled",
  "last_updated" : "2020-07-29T05:00",
  "last_updated_360" : "2021-06-13T16:17:31.694",
  "metadata" : {
    "data_version" : "1.1.0",
    "shot_fidelity_version" : "2",
    "xy_fidelity_version" : "2"
  },
  "match_week" : 12,
  "competition_stage" : {
    "id" : 1,
    "name" : "Regular Season"
  },
  "stadium" : {
    "id" : 353,
    "name" : "Estadio Santiago Bernabéu",
    "country" : {
      "id" : 214,
      "name" : "Spain"
    }
  },
  "referee" : {
    "id" : 999,
    "name" : "Eduardo Iturralde Gonzalez",
    "country" : {
      "id" : 214,
      "name" : "Spain"
    }
  }
}, {
  "match_id" : 68342,
  "match_date" : "2006-01-15",
  "kick_off" : "19:00:00.000",
  "competition" : {
    "competition_id" : 11,
    "country_name" : "Spain",
    "competition_name" : "La Liga"
  },
  "season" : {
    "season_id" : 38,
    "season_name" : "2005/2006"
  },
  "home_team" : {
    "home_team_id" : 217,
    "home_team_name" : "Barcelona",
    "home_team_gender" : "male",
    "home_team_group" : null,
    "country" : {
      "id" : 214,
      "name" : "Spain"
    },
    "managers" : [ {
      "id" : 4953,
      "name" : "Frank Rijkaard",
      "nickname" : null,
      "dob" : "1962-09-30",
      "country" : {
        "id" : 160,
        "name" : "Netherlands"
      }
    } ]
  },
  "away_team" : {
    "away_team_id" : 215,
    "away_team_name" : "Athletic Club",
    "away_team_gender" : "male",
    "away_team_group" : null,
    "country" : {
      "id" : 214,
      "name" : "Spain"
    },
    "managers" : [ {
      "id" : 4993,
      "name" : "Javier Clemente Lazaro",
      "nickname" : "Javier Clemente",
      "dob" : "1950-03-12",
      "country" : {
        "id" : 214,
        "name" : "Spain"
      }
    } ]
  },
  "home_score" : 2,
  "away_score" : 1,
  "match_status" : "available",
  "match_status_360" : "scheduled",
  "last_updated" : "2021-11-28T23:00:27.747396",
  "last_updated_360" : "2021-06-13T16:17:31.694",
  "metadata" : {
    "data_version" : "1.1.0",
    "shot_fidelity_version" : "2",
    "xy_fidelity_version" : "2"
  },
  "match_week" : 19,
  "competition_stage" : {
    "id" : 1,
    "name" : "Regular Season"
  },
  "stadium" : {
    "id" : 342,
    "name" : "Spotify Camp Nou",
    "country" : {
      "id" : 214,
      "name" : "Spain"
    }
  },
  "referee" : {
    "id" : 1003,
    "name" : "Fernando Teixeira",
    "country" : {
      "id" : 214,
      "name" : "Spain"
    }
  }
}, {
  "match_id" : 68322,
  "match_date" : "2005-12-17",
  "kick_off" : "22:00:00.000",
  "competition" : {
    "competition_id" : 11,
    "country_name" : "Spain",
    "competition_name" : "La Liga"
  },
  "season" : {
    "season_id" : 38,
    "season_name" : "2005/2006"
  },
  "home_team" : {
    "home_team_id" : 552,
    "home_team_name" : "Cádiz",
    "home_team_gender" : "male",
    "home_team_group" : null,
    "country" : {
      "id" : 214,
      "name" : "Spain"
    },
    "managers" : [ {
      "id" : 4987,
      "name" : "Víctor Rodolfo Espárrago Videla",
      "nickname" : null,
      "dob" : "1944-10-06",
      "country" : {
        "id" : 242,
        "name" : "Uruguay"
      }
    } ]
  },
  "away_team" : {
    "away_team_id" : 217,
    "away_team_name" : "Barcelona",
    "away_team_gender" : "male",
    "away_team_group" : null,
    "country" : {
      "id" : 214,
      "name" : "Spain"
    },
    "managers" : [ {
      "id" : 4953,
      "name" : "Frank Rijkaard",
      "nickname" : null,
      "dob" : "1962-09-30",
      "country" : {
        "id" : 160,
        "name" : "Netherlands"
      }
    } ]
  },
  "home_score" : 1,
  "away_score" : 3,
  "match_status" : "available",
  "match_status_360" : "scheduled",
  "last_updated" : "2020-07-29T05:00",
  "last_updated_360" : "2021-06-13T16:17:31.694",
  "metadata" : {
    "data_version" : "1.1.0",
    "shot_fidelity_version" : "2",
    "xy_fidelity_version" : "2"
  },
  "match_week" : 16,
  "competition_stage" : {
    "id" : 1,
    "name" : "Regular Season"
  },
  "stadium" : {
    "id" : 4662,
    "name" : "Estadio Nuevo Mirandilla",
    "country" : {
      "id" : 214,
      "name" : "Spain"
    }
  },
  "referee" : {
    "id" : 1009,
    "name" : "Miguel Ayza",
    "country" : {
      "id" : 214,
      "name" : "Spain"
    }
  }
}, {
  "match_id" : 68318,
  "match_date" : "2005-10-22",
  "kick_off" : "22:00:00.000",
  "competition" : {
    "competition_id" : 11,
    "country_name" : "Spain",
    "competition_name" : "La Liga"
  },
  "season" : {
    "season_id" : 38,
    "season_name" : "2005/2006"
  },
  "home_team" : {
    "home_team_id" : 217,
    "home_team_name" : "Barcelona",
    "home_team_gender" : "male",
    "home_team_group" : null,
    "country" : {
      "id" : 214,
      "name" : "Spain"
    },
    "managers" : [ {
      "id" : 4953,
      "name" : "Frank Rijkaard",
      "nickname" : null,
      "dob" : "1962-09-30",
      "country" : {
        "id" : 160,
        "name" : "Netherlands"
      }
    } ]
  },
  "away_team" : {
    "away_team_id" : 422,
    "away_team_name" : "Osasuna",
    "away_team_gender" : "male",
    "away_team_group" : null,
    "country" : {
      "id" : 214,
      "name" : "Spain"
    },
    "managers" : [ {
      "id" : 3196,
      "name" : "Javier Aguirre Onaindía",
      "nickname" : "Javier Aguirre",
      "dob" : "1958-12-01",
      "country" : {
        "id" : 147,
        "name" : "Mexico"
      }
    } ]
  },
  "home_score" : 3,
  "away_score" : 0,
  "match_status" : "available",
  "match_status_360" : "scheduled",
  "last_updated" : "2020-07-29T05:00",
  "last_updated_360" : "2021-06-13T16:17:31.694",
  "metadata" : {
    "data_version" : "1.1.0",
    "shot_fidelity_version" : "2",
    "xy_fidelity_version" : "2"
  },
  "match_week" : 8,
  "competition_stage" : {
    "id" : 1,
    "name" : "Regular Season"
  },
  "stadium" : {
    "id" : 342,
    "name" : "Spotify Camp Nou",
    "country" : {
      "id" : 214,
      "name" : "Spain"
    }
  },
  "referee" : {
    "id" : 997,
    "name" : "César Muñiz",
    "country" : {
      "id" : 214,
      "name" : "Spain"
    }
  }
} ]