[ {
  "match_id" : 15978,
  "match_date" : "2018-09-15",
  "kick_off" : "16:15:00.000",
  "competition" : {
    "competition_id" : 11,
    "country_name" : "Spain",
    "competition_name" : "La Liga"
  },
  "season" : {
    "season_id" : 4,
    "season_name" : "2018/2019"
  },
  "home_team" : {
    "home_team_id" : 210,
    "home_team_name" : "Real Sociedad",
    "home_team_gender" : "male",
    "home_team_group" : null,
    "country" : {
      "id" : 214,
      "name" : "Spain"
    },
    "managers" : [ {
      "id" : 84,
      "name" : "Asier Garitano Aguirrezábal",
      "nickname" : "Asier Garitano",
      "dob" : "1969-12-06",
      "country" : {
        "id" : 214,
        "name" : "Spain"
      }
    } ]
  },
  "away_team" : {
    "away_team_id" : 217,
    "away_team_name" : "Barcelona",
    "away_team_gender" : "male",
    "away_team_group" : null,
    "country" : {
      "id" : 214,
      "name" : "Spain"
    },
    "managers" : [ {
      "id" : 227,
      "name" : "Ernesto Valverde Tejedor",
      "nickname" : "Ernesto Valverde",
      "dob" : "1964-02-09",
      "country" : {
        "id" : 214,
        "name" : "Spain"
      }
    } ]
  },
  "home_score" : 1,
  "away_score" : 2,
  "match_status" : "available",
  "match_status_360" : "scheduled",
  "last_updated" : "2022-12-05T14:46:11.299820",
  "last_updated_360" : "2021-06-13T16:17:31.694",
  "metadata" : {
    "data_version" : "1.1.0",
    "shot_fidelity_version" : "2",
    "xy_fidelity_version" : "2"
  },
  "match_week" : 4,
  "competition_stage" : {
    "id" : 1,
    "name" : "Regular Season"
  },
  "stadium" : {
    "id" : 5043,
    "name" : "Reale Arena",
    "country" : {
      "id" : 214,
      "name" : "Spain"
    }
  },
  "referee" : {
    "id" : 2728,
    "name" : "Carlos del Cerro Grande",
    "country" : {
      "id" : 214,
      "name" : "Spain"
    }
  }
}, {
  "match_id" : 15998,
  "match_date" : "2018-09-26",
  "kick_off" : "20:00:00.000",
  "competition" : {
    "competition_id" : 11,
    "country_name" : "Spain",
    "competition_name" : "La Liga"
  },
  "season" : {
    "season_id" : 4,
    "season_name" : "2018/2019"
  },
  "home_team" : {
    "home_team_id" : 205,
    "home_team_name" : "Leganés",
    "home_team_gender" : "male",
    "home_team_group" : null,
    "country" : {
      "id" : 214,
      "name" : "Spain"
    },
    "managers" : [ {
      "id" : 681,
      "name" : "Mauricio Pellegrino",
      "nickname" : null,
      "dob" : "1971-10-05",
      "country" : {
        "id" : 11,
        "name" : "Argentina"
      }
    } ]
  },
  "away_team" : {
    "away_team_id" : 217,
    "away_team_name" : "Barcelona",
    "away_team_gender" : "male",
    "away_team_group" : null,
    "country" : {
      "id" : 214,
      "name" : "Spain"
    },
    "managers" : [ {
      "id" : 227,
      "name" : "Ernesto Valverde Tejedor",
      "nickname" : "Ernesto Valverde",
      "dob" : "1964-02-09",
      "country" : {
        "id" : 214,
        "name" : "Spain"
      }
    } ]
  },
  "home_score" : 2,
  "away_score" : 1,
  "match_status" : "available",
  "match_status_360" : "scheduled",
  "last_updated" : "2020-07-29T05:00",
  "last_updated_360" : "2021-06-13T16:17:31.694",
  "metadata" : {
    "data_version" : "1.1.0",
    "shot_fidelity_version" : "2"
  },
  "match_week" : 6,
  "competition_stage" : {
    "id" : 1,
    "name" : "Regular Season"
  },
  "stadium" : {
    "id" : 355,
    "name" : "Estadio Municipal de Butarque",
    "country" : {
      "id" : 214,
      "name" : "Spain"
    }
  },
  "referee" : {
    "id" : 221,
    "name" : "Alberto Undiano Mallenco",
    "country" : {
      "id" : 214,
      "name" : "Spain"
    }
  }
}, {
  "match_id" : 16029,
  "match_date" : "2018-10-20",
  "kick_off" : "20:45:00.000",
  "competition" : {
    "competition_id" : 11,
    "country_name" : "Spain",
    "competition_name" : "La Liga"
  },
  "season" : {
    "season_id" : 4,
    "season_name" : "2018/2019"
  },
  "home_team" : {
    "home_team_id" : 217,
    "home_team_name" : "Barcelona",
    "home_team_gender" : "male",
    "home_team_group" : null,
    "country" : {
      "id" : 214,
      "name" : "Spain"
    },
    "managers" : [ {
      "id" : 227,
      "name" : "Ernesto Valverde Tejedor",
      "nickname" : "Ernesto Valverde",
      "dob" : "1964-02-09",
      "country" : {
        "id" : 214,
        "name" : "Spain"
      }
    } ]
  },
  "away_team" : {
    "away_team_id" : 213,
    "away_team_name" : "Sevilla",
    "away_team_gender" : "male",
    "away_team_group" : null,
    "country" : {
      "id" : 214,
      "name" : "Spain"
    },
    "managers" : [ {
      "id" : 234,
      "name" : "Pablo Javier Machín Díez",
      "nickname" : "Pablo Machín",
      "dob" : "1975-04-07",
      "country" : {
        "id" : 214,
        "name" : "Spain"
      }
    } ]
  },
  "home_score" : 4,
  "away_score" : 2,
  "match_status" : "available",
  "match_status_360" : "scheduled",
  "last_updated" : "2020-07-29T05:00",
  "last_updated_360" : "2021-06-13T16:17:31.694",
  "metadata" : {
    "data_version" : "1.1.0",
    "shot_fidelity_version" : "2"
  },
  "match_week" : 9,
  "competition_stage" : {
    "id" : 1,
    "name" : "Regular Season"
  },
  "stadium" : {
    "id" : 342,
    "name" : "Spotify Camp Nou",
    "country" : {
      "id" : 214,
      "name" : "Spain"
    }
  }
}, {
  "match_id" : 16073,
  "match_date" : "2018-11-24",
  "kick_off" : "20:45:00.000",
  "competition" : {
    "competition_id" : 11,
    "country_name" : "Spain",
    "competition_name" : "La Liga"
  },
  "season" : {
    "season_id" : 4,
    "season_name" : "2018/2019"
  },
  "home_team" : {
    "home_team_id" : 212,
    "home_team_name" : "Atlético Madrid",
    "home_team_gender" : "male",
    "home_team_group" : null,
    "country" : {
      "id" : 214,
      "name" : "Spain"
    },
    "managers" : [ {
      "id" : 230,
      "name" : "Diego Pablo Simeone",
      "nickname" : "Diego Simeone",
      "dob" : "1970-04-28",
      "country" : {
        "id" : 11,
        "name" : "Argentina"
      }
    } ]
  },
  "away_team" : {
    "away_team_id" : 217,
    "away_team_name" : "Barcelona",
    "away_team_gender" : "male",
    "away_team_group" : null,
    "country" : {
      "id" : 214,
      "name" : "Spain"
    },
    "managers" : [ {
      "id" : 227,
      "name" : "Ernesto Valverde Tejedor",
      "nickname" : "Ernesto Valverde",
      "dob" : "1964-02-09",
      "country" : {
        "id" : 214,
        "name" : "Spain"
      }
    } ]
  },
  "home_score" : 1,
  "away_score" : 1,
  "match_status" : "available",
  "match_status_360" : "scheduled",
  "last_updated" : "2020-07-29T05:00",
  "last_updated_360" : "2021-06-13T16:17:31.694",
  "metadata" : {
    "data_version" : "1.1.0",
    "shot_fidelity_version" : "2"
  },
  "match_week" : 13,
  "competition_stage" : {
    "id" : 1,
    "name" : "Regular Season"
  },
  "stadium" : {
    "id" : 4654,
    "name" : "\tEstádio Cívitas Metropolitano",
    "country" : {
      "id" : 214,
      "name" : "Spain"
    }
  },
  "referee" : {
    "id" : 183,
    "name" : "Jesús Gil Manzano",
    "country" : {
      "id" : 214,
      "name" : "Spain"
    }
  }
}, {
  "match_id" : 16086,
  "match_date" : "2018-12-08",
  "kick_off" : "20:45:00.000",
  "competition" : {
    "competition_id" : 11,
    "country_name" : "Spain",
    "competition_name" : "La Liga"
  },
  "season" : {
    "season_id" : 4,
    "season_name" : "2018/2019"
  },
  "home_team" : {
    "home_team_id" : 214,
    "home_team_name" : "Espanyol",
    "home_team_gender" : "male",
    "home_team_group" : null,
    "country" : {
      "id" : 214,
      "name" : "Spain"
    },
    "managers" : [ {
      "id" : 677,
      "name" : "Joan Francesc Ferrer Sicilia",
      "nickname" : "Rubí",
      "dob" : "1970-02-05",
      "country" : {
        "id" : 214,
        "name" : "Spain"
      }
    } ]
  },
  "away_team" : {
    "away_team_id" : 217,
    "away_team_name" : "Barcelona",
    "away_team_gender" : "male",
    "away_team_group" : null,
    "country" : {
      "id" : 214,
      "name" : "Spain"
    },
    "managers" : [ {
      "id" : 227,
      "name" : "Ernesto Valverde Tejedor",
      "nickname" : "Ernesto Valverde",
      "dob" : "1964-02-09",
      "country" : {
        "id" : 214,
        "name" : "Spain"
      }
    } ]
  },
  "home_score" : 0,
  "away_score" : 4,
  "match_status" : "available",
  "match_status_360" : "scheduled",
  "last_updated" : "2020-07-29T05:00",
  "last_updated_360" : "2021-06-13T16:17:31.694",
  "metadata" : {
    "data_version" : "1.1.0",
    "shot_fidelity_version" : "2"
  },
  "match_week" : 15,
  "competition_stage" : {
    "id" : 1,
    "name" : "Regular Season"
  },
  "stadium" : {
    "id" : 351,
    "name" : "RCDE Stadium",
    "country" : {
      "id" : 214,
      "name" : "Spain"
    }
  }
}, {
  "match_id" : 16190,
  "match_date" : "2019-02-23",
  "kick_off" : "16:15:00.000",
  "competition" : {
    "competition_id" : 11,
    "country_name" : "Spain",
    "competition_name" : "La Liga"
  },
  "season" : {
    "season_id" : 4,
    "season_name" : "2018/2019"
  },
  "home_team" : {
    "home_team_id" : 213,
    "home_team_name" : "Sevilla",
    "home_team_gender" : "male",
    "home_team_group" : null,
    "country" : {
      "id" : 214,
      "name" : "Spain"
    },
    "managers" : [ {
      "id" : 234,
      "name" : "Pablo Javier Machín Díez",
      "nickname" : "Pablo Machín",
      "dob" : "1975-04-07",
      "country" : {
        "id" : 214,
        "name" : "Spain"
      }
    } ]
  },
  "away_team" : {
    "away_team_id" : 217,
    "away_team_name" : "Barcelona",
    "away_team_gender" : "male",
    "away_team_group" : null,
    "country" : {
      "id" : 214,
      "name" : "Spain"
    },
    "managers" : [ {
      "id" : 227,
      "name" : "Ernesto Valverde Tejedor",
      "nickname" : "Ernesto Valverde",
      "dob" : "1964-02-09",
      "country" : {
        "id" : 214,
        "name" : "Spain"
      }
    } ]
  },
  "home_score" : 2,
  "away_score" : 4,
  "match_status" : "available",
  "match_status_360" : "scheduled",
  "last_updated" : "2020-07-29T05:00",
  "last_updated_360" : "2021-06-13T16:17:31.694",
  "metadata" : {
    "data_version" : "1.1.0",
    "shot_fidelity_version" : "2"
  },
  "match_week" : 25,
  "competition_stage" : {
    "id" : 1,
    "name" : "Regular Season"
  },
  "stadium" : {
    "id" : 349,
    "name" : "Estadio Ramón Sánchez Pizjuán",
    "country" : {
      "id" : 214,
      "name" : "Spain"
    }
  },
  "referee" : {
    "id" : 180,
    "name" : "Antonio Miguel Mateu Lahoz",
    "country" : {
      "id" : 214,
      "name" : "Spain"
    }
  }
}, {
  "match_id" : 16109,
  "match_date" : "2018-12-22",
  "kick_off" : "18:30:00.000",
  "competition" : {
    "competition_id" : 11,
    "country_name" : "Spain",
    "competition_name" : "La Liga"
  },
  "season" : {
    "season_id" : 4,
    "season_name" : "2018/2019"
  },
  "home_team" : {
    "home_team_id" : 217,
    "home_team_name" : "Barcelona",
    "home_team_gender" : "male",
    "home_team_group" : null,
    "country" : {
      "id" : 214,
      "name" : "Spain"
    },
    "managers" : [ {
      "id" : 227,
      "name" : "Ernesto Valverde Tejedor",
      "nickname" : "Ernesto Valverde",
      "dob" : "1964-02-09",
      "country" : {
        "id" : 214,
        "name" : "Spain"
      }
    } ]
  },
  "away_team" : {
    "away_team_id" : 209,
    "away_team_name" : "Celta Vigo",
    "away_team_gender" : "male",
    "away_team_group" : null,
    "country" : {
      "id" : 214,
      "name" : "Spain"
    },
    "managers" : [ {
      "id" : 280,
      "name" : "José Miguel Azevedo Cardoso",
      "nickname" : "Miguel Cardoso",
      "dob" : "1972-05-28",
      "country" : {
        "id" : 183,
        "name" : "Portugal"
      }
    } ]
  },
  "home_score" : 2,
  "away_score" : 0,
  "match_status" : "available",
  "match_status_360" : "scheduled",
  "last_updated" : "2022-12-13T02:37:05.311336",
  "last_updated_360" : "2021-06-13T16:17:31.694",
  "metadata" : {
    "data_version" : "1.1.0",
    "shot_fidelity_version" : "2",
    "xy_fidelity_version" : "2"
  },
  "match_week" : 17,
  "competition_stage" : {
    "id" : 1,
    "name" : "Regular Season"
  },
  "stadium" : {
    "id" : 342,
    "name" : "Spotify Camp Nou",
    "country" : {
      "id" : 214,
      "name" : "Spain"
    }
  },
  "referee" : {
    "id" : 2419,
    "name" : "Eduardo Prieto Iglesias",
    "country" : {
      "id" : 214,
      "name" : "Spain"
    }
  }
}, {
  "match_id" : 16120,
  "match_date" : "2019-01-06",
  "kick_off" : "20:45:00.000",
  "competition" : {
    "competition_id" : 11,
    "country_name" : "Spain",
    "competition_name" : "La Liga"
  },
  "season" : {
    "season_id" : 4,
    "season_name" : "2018/2019"
  },
  "home_team" : {
    "home_team_id" : 216,
    "home_team_name" : "Getafe",
    "home_team_gender" : "male",
    "home_team_group" : null,
    "country" : {
      "id" : 214,
      "name" : "Spain"
    },
    "managers" : [ {
      "id" : 228,
      "name" : "José Bordalás Jiménez",
      "nickname" : "Pepe Bordalás",
      "dob" : "1964-03-05",
      "country" : {
        "id" : 214,
        "name" : "Spain"
      }
    } ]
  },
  "away_team" : {
    "away_team_id" : 217,
    "away_team_name" : "Barcelona",
    "away_team_gender" : "male",
    "away_team_group" : null,
    "country" : {
      "id" : 214,
      "name" : "Spain"
    },
    "managers" : [ {
      "id" : 227,
      "name" : "Ernesto Valverde Tejedor",
      "nickname" : "Ernesto Valverde",
      "dob" : "1964-02-09",
      "country" : {
        "id" : 214,
        "name" : "Spain"
      }
    } ]
  },
  "home_score" : 1,
  "away_score" : 2,
  "match_status" : "available",
  "match_status_360" : "scheduled",
  "last_updated" : "2020-07-29T05:00",
  "last_updated_360" : "2021-06-13T16:17:31.694",
  "metadata" : {
    "data_version" : "1.1.0",
    "shot_fidelity_version" : "2"
  },
  "match_week" : 18,
  "competition_stage" : {
    "id" : 1,
    "name" : "Regular Season"
  },
  "stadium" : {
    "id" : 354,
    "name" : "Coliseum Alfonso Pérez",
    "country" : {
      "id" : 214,
      "name" : "Spain"
    }
  }
}, {
  "match_id" : 16182,
  "match_date" : "2019-02-16",
  "kick_off" : "20:45:00.000",
  "competition" : {
    "competition_id" : 11,
    "country_name" : "Spain",
    "competition_name" : "La Liga"
  },
  "season" : {
    "season_id" : 4,
    "season_name" : "2018/2019"
  },
  "home_team" : {
    "home_team_id" : 217,
    "home_team_name" : "Barcelona",
    "home_team_gender" : "male",
    "home_team_group" : null,
    "country" : {
      "id" : 214,
      "name" : "Spain"
    },
    "managers" : [ {
      "id" : 227,
      "name" : "Ernesto Valverde Tejedor",
      "nickname" : "Ernesto Valverde",
      "dob" : "1964-02-09",
      "country" : {
        "id" : 214,
        "name" : "Spain"
      }
    } ]
  },
  "away_team" : {
    "away_team_id" : 901,
    "away_team_name" : "Real Valladolid",
    "away_team_gender" : "male",
    "away_team_group" : null,
    "country" : {
      "id" : 214,
      "name" : "Spain"
    },
    "managers" : [ {
      "id" : 576,
      "name" : "Sergio González Soriano",
      "nickname" : "Sergio",
      "dob" : "1976-11-10",
      "country" : {
        "id" : 214,
        "name" : "Spain"
      }
    } ]
  },
  "home_score" : 1,
  "away_score" : 0,
  "match_status" : "available",
  "match_status_360" : "scheduled",
  "last_updated" : "2020-07-29T05:00",
  "last_updated_360" : "2021-06-13T16:17:31.694",
  "metadata" : {
    "data_version" : "1.1.0",
    "shot_fidelity_version" : "2"
  },
  "match_week" : 24,
  "competition_stage" : {
    "id" : 1,
    "name" : "Regular Season"
  },
  "stadium" : {
    "id" : 342,
    "name" : "Spotify Camp Nou",
    "country" : {
      "id" : 214,
      "name" : "Spain"
    }
  }
}, {
  "match_id" : 16215,
  "match_date" : "2019-03-17",
  "kick_off" : "20:45:00.000",
  "competition" : {
    "competition_id" : 11,
    "country_name" : "Spain",
    "competition_name" : "La Liga"
  },
  "season" : {
    "season_id" : 4,
    "season_name" : "2018/2019"
  },
  "home_team" : {
    "home_team_id" : 218,
    "home_team_name" : "Real Betis",
    "home_team_gender" : "male",
    "home_team_group" : null,
    "country" : {
      "id" : 214,
      "name" : "Spain"
    },
    "managers" : [ {
      "id" : 238,
      "name" : "Enrique Setién Solar",
      "nickname" : "Quique Setién",
      "dob" : "1958-09-27",
      "country" : {
        "id" : 214,
        "name" : "Spain"
      }
    } ]
  },
  "away_team" : {
    "away_team_id" : 217,
    "away_team_name" : "Barcelona",
    "away_team_gender" : "male",
    "away_team_group" : null,
    "country" : {
      "id" : 214,
      "name" : "Spain"
    },
    "managers" : [ {
      "id" : 227,
      "name" : "Ernesto Valverde Tejedor",
      "nickname" : "Ernesto Valverde",
      "dob" : "1964-02-09",
      "country" : {
        "id" : 214,
        "name" : "Spain"
      }
    } ]
  },
  "home_score" : 1,
  "away_score" : 4,
  "match_status" : "available",
  "match_status_360" : "scheduled",
  "last_updated" : "2023-05-11T08:22:01.941875",
  "last_updated_360" : "2021-06-13T16:17:31.694",
  "metadata" : {
    "data_version" : "1.1.0",
    "shot_fidelity_version" : "2"
  },
  "match_week" : 28,
  "competition_stage" : {
    "id" : 1,
    "name" : "Regular Season"
  },
  "stadium" : {
    "id" : 352,
    "name" : "Estadio Benito Villamarín",
    "country" : {
      "id" : 214,
      "name" : "Spain"
    }
  }
}, {
  "match_id" : 16173,
  "match_date" : "2019-02-10",
  "kick_off" : "20:45:00.000",
  "competition" : {
    "competition_id" : 11,
    "country_name" : "Spain",
    "competition_name" : "La Liga"
  },
  "season" : {
    "season_id" : 4,
    "season_name" : "2018/2019"
  },
  "home_team" : {
    "home_team_id" : 215,
    "home_team_name" : "Athletic Club",
    "home_team_gender" : "male",
    "home_team_group" : null,
    "country" : {
      "id" : 214,
      "name" : "Spain"
    },
    "managers" : [ {
      "id" : 767,
      "name" : "Gaizka Garitano Aguirre",
      "nickname" : "Gaizka Garitano",
      "dob" : "1975-07-09",
      "country" : {
        "id" : 214,
        "name" : "Spain"
      }
    } ]
  },
  "away_team" : {
    "away_team_id" : 217,
    "away_team_name" : "Barcelona",
    "away_team_gender" : "male",
    "away_team_group" : null,
    "country" : {
      "id" : 214,
      "name" : "Spain"
    },
    "managers" : [ {
      "id" : 227,
      "name" : "Ernesto Valverde Tejedor",
      "nickname" : "Ernesto Valverde",
      "dob" : "1964-02-09",
      "country" : {
        "id" : 214,
        "name" : "Spain"
      }
    } ]
  },
  "home_score" : 0,
  "away_score" : 0,
  "match_status" : "available",
  "match_status_360" : "scheduled",
  "last_updated" : "2022-12-23T21:14:41.328965",
  "last_updated_360" : "2021-06-13T16:17:31.694",
  "metadata" : {
    "data_version" : "1.1.0",
    "shot_fidelity_version" : "2",
    "xy_fidelity_version" : "2"
  },
  "match_week" : 23,
  "competition_stage" : {
    "id" : 1,
    "name" : "Regular Season"
  },
  "stadium" : {
    "id" : 345,
    "name" : "San Mamés Barria",
    "country" : {
      "id" : 214,
      "name" : "Spain"
    }
  },
  "referee" : {
    "id" : 2728,
    "name" : "Carlos del Cerro Grande",
    "country" : {
      "id" : 214,
      "name" : "Spain"
    }
  }
}, {
  "match_id" : 16265,
  "match_date" : "2019-04-20",
  "kick_off" : "20:45:00.000",
  "competition" : {
    "competition_id" : 11,
    "country_name" : "Spain",
    "competition_name" : "La Liga"
  },
  "season" : {
    "season_id" : 4,
    "season_name" : "2018/2019"
  },
  "home_team" : {
    "home_team_id" : 217,
    "home_team_name" : "Barcelona",
    "home_team_gender" : "male",
    "home_team_group" : null,
    "country" : {
      "id" : 214,
      "name" : "Spain"
    },
    "managers" : [ {
      "id" : 227,
      "name" : "Ernesto Valverde Tejedor",
      "nickname" : "Ernesto Valverde",
      "dob" : "1964-02-09",
      "country" : {
        "id" : 214,
        "name" : "Spain"
      }
    } ]
  },
  "away_team" : {
    "away_team_id" : 210,
    "away_team_name" : "Real Sociedad",
    "away_team_gender" : "male",
    "away_team_group" : null,
    "country" : {
      "id" : 214,
      "name" : "Spain"
    },
    "managers" : [ {
      "id" : 85,
      "name" : "Imanol Alguacil Barrenetxea",
      "nickname" : "Imanol Alguacil",
      "dob" : "1971-07-04",
      "country" : {
        "id" : 214,
        "name" : "Spain"
      }
    } ]
  },
  "home_score" : 2,
  "away_score" : 1,
  "match_status" : "available",
  "match_status_360" : "scheduled",
  "last_updated" : "2020-07-29T05:00",
  "last_updated_360" : "2021-06-13T16:17:31.694",
  "metadata" : {
    "data_version" : "1.1.0",
    "shot_fidelity_version" : "2"
  },
  "match_week" : 33,
  "competition_stage" : {
    "id" : 1,
    "name" : "Regular Season"
  },
  "stadium" : {
    "id" : 342,
    "name" : "Spotify Camp Nou",
    "country" : {
      "id" : 214,
      "name" : "Spain"
    }
  }
}, {
  "match_id" : 15946,
  "match_date" : "2018-08-18",
  "kick_off" : "22:15:00.000",
  "competition" : {
    "competition_id" : 11,
    "country_name" : "Spain",
    "competition_name" : "La Liga"
  },
  "season" : {
    "season_id" : 4,
    "season_name" : "2018/2019"
  },
  "home_team" : {
    "home_team_id" : 217,
    "home_team_name" : "Barcelona",
    "home_team_gender" : "male",
    "home_team_group" : null,
    "country" : {
      "id" : 214,
      "name" : "Spain"
    },
    "managers" : [ {
      "id" : 227,
      "name" : "Ernesto Valverde Tejedor",
      "nickname" : "Ernesto Valverde",
      "dob" : "1964-02-09",
      "country" : {
        "id" : 214,
        "name" : "Spain"
      }
    } ]
  },
  "away_team" : {
    "away_team_id" : 206,
    "away_team_name" : "Deportivo Alavés",
    "away_team_gender" : "male",
    "away_team_group" : null,
    "country" : {
      "id" : 214,
      "name" : "Spain"
    },
    "managers" : [ {
      "id" : 187,
      "name" : "Abelardo Fernández Antuña",
      "nickname" : "Abelardo",
      "dob" : "1970-04-19",
      "country" : {
        "id" : 214,
        "name" : "Spain"
      }
    } ]
  },
  "home_score" : 3,
  "away_score" : 0,
  "match_status" : "available",
  "match_status_360" : "scheduled",
  "last_updated" : "2022-12-05T14:32:32.223676",
  "last_updated_360" : "2021-06-13T16:17:31.694",
  "metadata" : {
    "data_version" : "1.1.0",
    "shot_fidelity_version" : "2",
    "xy_fidelity_version" : "2"
  },
  "match_week" : 1,
  "competition_stage" : {
    "id" : 1,
    "name" : "Regular Season"
  },
  "stadium" : {
    "id" : 342,
    "name" : "Spotify Camp Nou",
    "country" : {
      "id" : 214,
      "name" : "Spain"
    }
  },
  "referee" : {
    "id" : 2625,
    "name" : "José María Sánchez Martínez",
    "country" : {
      "id" : 214,
      "name" : "Spain"
    }
  }
}, {
  "match_id" : 16157,
  "match_date" : "2019-02-02",
  "kick_off" : "18:30:00.000",
  "competition" : {
    "competition_id" : 11,
    "country_name" : "Spain",
    "competition_name" : "La Liga"
  },
  "season" : {
    "season_id" : 4,
    "season_name" : "2018/2019"
  },
  "home_team" : {
    "home_team_id" : 217,
    "home_team_name" : "Barcelona",
    "home_team_gender" : "male",
    "home_team_group" : null,
    "country" : {
      "id" : 214,
      "name" : "Spain"
    },
    "managers" : [ {
      "id" : 227,
      "name" : "Ernesto Valverde Tejedor",
      "nickname" : "Ernesto Valverde",
      "dob" : "1964-02-09",
      "country" : {
        "id" : 214,
        "name" : "Spain"
      }
    } ]
  },
  "away_team" : {
    "away_team_id" : 207,
    "away_team_name" : "Valencia",
    "away_team_gender" : "male",
    "away_team_group" : null,
    "country" : {
      "id" : 214,
      "name" : "Spain"
    },
    "managers" : [ {
      "id" : 211,
      "name" : "Marcelino García Toral",
      "nickname" : "Marcelino",
      "dob" : "1965-08-14",
      "country" : {
        "id" : 214,
        "name" : "Spain"
      }
    } ]
  },
  "home_score" : 2,
  "away_score" : 2,
  "match_status" : "available",
  "match_status_360" : "scheduled",
  "last_updated" : "2020-07-29T05:00",
  "last_updated_360" : "2021-06-13T16:17:31.694",
  "metadata" : {
    "data_version" : "1.1.0",
    "shot_fidelity_version" : "2"
  },
  "match_week" : 22,
  "competition_stage" : {
    "id" : 1,
    "name" : "Regular Season"
  },
  "stadium" : {
    "id" : 342,
    "name" : "Spotify Camp Nou",
    "country" : {
      "id" : 214,
      "name" : "Spain"
    }
  },
  "referee" : {
    "id" : 221,
    "name" : "Alberto Undiano Mallenco",
    "country" : {
      "id" : 214,
      "name" : "Spain"
    }
  }
}, {
  "match_id" : 16136,
  "match_date" : "2019-01-20",
  "kick_off" : "20:45:00.000",
  "competition" : {
    "competition_id" : 11,
    "country_name" : "Spain",
    "competition_name" : "La Liga"
  },
  "season" : {
    "season_id" : 4,
    "season_name" : "2018/2019"
  },
  "home_team" : {
    "home_team_id" : 217,
    "home_team_name" : "Barcelona",
    "home_team_gender" : "male",
    "home_team_group" : null,
    "country" : {
      "id" : 214,
      "name" : "Spain"
    },
    "managers" : [ {
      "id" : 227,
      "name" : "Ernesto Valverde Tejedor",
      "nickname" : "Ernesto Valverde",
      "dob" : "1964-02-09",
      "country" : {
        "id" : 214,
        "name" : "Spain"
      }
    } ]
  },
  "away_team" : {
    "away_team_id" : 205,
    "away_team_name" : "Leganés",
    "away_team_gender" : "male",
    "away_team_group" : null,
    "country" : {
      "id" : 214,
      "name" : "Spain"
    },
    "managers" : [ {
      "id" : 681,
      "name" : "Mauricio Pellegrino",
      "nickname" : null,
      "dob" : "1971-10-05",
      "country" : {
        "id" : 11,
        "name" : "Argentina"
      }
    } ]
  },
  "home_score" : 3,
  "away_score" : 1,
  "match_status" : "available",
  "match_status_360" : "scheduled",
  "last_updated" : "2022-12-13T02:40:13.071475",
  "last_updated_360" : "2021-06-13T16:17:31.694",
  "metadata" : {
    "data_version" : "1.1.0",
    "shot_fidelity_version" : "2",
    "xy_fidelity_version" : "2"
  },
  "match_week" : 20,
  "competition_stage" : {
    "id" : 1,
    "name" : "Regular Season"
  },
  "stadium" : {
    "id" : 342,
    "name" : "Spotify Camp Nou",
    "country" : {
      "id" : 214,
      "name" : "Spain"
    }
  },
  "referee" : {
    "id" : 2602,
    "name" : "Ricardo De Burgos Bengoetxea",
    "country" : {
      "id" : 214,
      "name" : "Spain"
    }
  }
}, {
  "match_id" : 16248,
  "match_date" : "2019-04-06",
  "kick_off" : "20:45:00.000",
  "competition" : {
    "competition_id" : 11,
    "country_name" : "Spain",
    "competition_name" : "La Liga"
  },
  "season" : {
    "season_id" : 4,
    "season_name" : "2018/2019"
  },
  "home_team" : {
    "home_team_id" : 217,
    "home_team_name" : "Barcelona",
    "home_team_gender" : "male",
    "home_team_group" : null,
    "country" : {
      "id" : 214,
      "name" : "Spain"
    },
    "managers" : [ {
      "id" : 227,
      "name" : "Ernesto Valverde Tejedor",
      "nickname" : "Ernesto Valverde",
      "dob" : "1964-02-09",
      "country" : {
        "id" : 214,
        "name" : "Spain"
      }
    } ]
  },
  "away_team" : {
    "away_team_id" : 212,
    "away_team_name" : "Atlético Madrid",
    "away_team_gender" : "male",
    "away_team_group" : null,
    "country" : {
      "id" : 214,
      "name" : "Spain"
    },
    "managers" : [ {
      "id" : 230,
      "name" : "Diego Pablo Simeone",
      "nickname" : "Diego Simeone",
      "dob" : "1970-04-28",
      "country" : {
        "id" : 11,
        "name" : "Argentina"
      }
    } ]
  },
  "home_score" : 2,
  "away_score" : 0,
  "match_status" : "available",
  "match_status_360" : "scheduled",
  "last_updated" : "2020-07-29T05:00",
  "last_updated_360" : "2021-06-13T16:17:31.694",
  "metadata" : {
    "data_version" : "1.1.0",
    "shot_fidelity_version" : "2"
  },
  "match_week" : 31,
  "competition_stage" : {
    "id" : 1,
    "name" : "Regular Season"
  },
  "stadium" : {
    "id" : 342,
    "name" : "Spotify Camp Nou",
    "country" : {
      "id" : 214,
      "name" : "Spain"
    }
  },
  "referee" : {
    "id" : 183,
    "name" : "Jesús Gil Manzano",
    "country" : {
      "id" : 214,
      "name" : "Spain"
    }
  }
}, {
  "match_id" : 16056,
  "match_date" : "2018-11-11",
  "kick_off" : "16:15:00.000",
  "competition" : {
    "competition_id" : 11,
    "country_name" : "Spain",
    "competition_name" : "La Liga"
  },
  "season" : {
    "season_id" : 4,
    "season_name" : "2018/2019"
  },
  "home_team" : {
    "home_team_id" : 217,
    "home_team_name" : "Barcelona",
    "home_team_gender" : "male",
    "home_team_group" : null,
    "country" : {
      "id" : 214,
      "name" : "Spain"
    },
    "managers" : [ {
      "id" : 227,
      "name" : "Ernesto Valverde Tejedor",
      "nickname" : "Ernesto Valverde",
      "dob" : "1964-02-09",
      "country" : {
        "id" : 214,
        "name" : "Spain"
      }
    } ]
  },
  "away_team" : {
    "away_team_id" : 218,
    "away_team_name" : "Real Betis",
    "away_team_gender" : "male",
    "away_team_group" : null,
    "country" : {
      "id" : 214,
      "name" : "Spain"
    },
    "managers" : [ {
      "id" : 238,
      "name" : "Enrique Setién Solar",
      "nickname" : "Quique Setién",
      "dob" : "1958-09-27",
      "country" : {
        "id" : 214,
        "name" : "Spain"
      }
    } ]
  },
  "home_score" : 3,
  "away_score" : 4,
  "match_status" : "available",
  "match_status_360" : "scheduled",
  "last_updated" : "2022-12-05T15:56:52.134800",
  "last_updated_360" : "2021-06-13T16:17:31.694",
  "metadata" : {
    "data_version" : "1.1.0",
    "shot_fidelity_version" : "2",
    "xy_fidelity_version" : "2"
  },
  "match_week" : 12,
  "competition_stage" : {
    "id" : 1,
    "name" : "Regular Season"
  },
  "stadium" : {
    "id" : 342,
    "name" : "Spotify Camp Nou",
    "country" : {
      "id" : 214,
      "name" : "Spain"
    }
  },
  "referee" : {
    "id" : 180,
    "name" : "Antonio Miguel Mateu Lahoz",
    "country" : {
      "id" : 214,
      "name" : "Spain"
    }
  }
}, {
  "match_id" : 16289,
  "match_date" : "2019-04-27",
  "kick_off" : "20:45:00.000",
  "competition" : {
    "competition_id" : 11,
    "country_name" : "Spain",
    "competition_name" : "La Liga"
  },
  "season" : {
    "season_id" : 4,
    "season_name" : "2018/2019"
  },
  "home_team" : {
    "home_team_id" : 217,
    "home_team_name" : "Barcelona",
    "home_team_gender" : "male",
    "home_team_group" : null,
    "country" : {
      "id" : 214,
      "name" : "Spain"
    },
    "managers" : [ {
      "id" : 227,
      "name" : "Ernesto Valverde Tejedor",
      "nickname" : "Ernesto Valverde",
      "dob" : "1964-02-09",
      "country" : {
        "id" : 214,
        "name" : "Spain"
      }
    } ]
  },
  "away_team" : {
    "away_team_id" : 221,
    "away_team_name" : "Levante UD",
    "away_team_gender" : "male",
    "away_team_group" : null,
    "country" : {
      "id" : 214,
      "name" : "Spain"
    },
    "managers" : [ {
      "id" : 219,
      "name" : "Francisco José López Fernández",
      "nickname" : "Paco López",
      "dob" : "1967-09-19",
      "country" : {
        "id" : 214,
        "name" : "Spain"
      }
    } ]
  },
  "home_score" : 1,
  "away_score" : 0,
  "match_status" : "available",
  "match_status_360" : "scheduled",
  "last_updated" : "2021-04-12T07:10:50.239941",
  "last_updated_360" : "2021-06-13T16:17:31.694",
  "metadata" : {
    "data_version" : "1.1.0",
    "shot_fidelity_version" : "2"
  },
  "match_week" : 35,
  "competition_stage" : {
    "id" : 1,
    "name" : "Regular Season"
  },
  "stadium" : {
    "id" : 342,
    "name" : "Spotify Camp Nou",
    "country" : {
      "id" : 214,
      "name" : "Spain"
    }
  },
  "referee" : {
    "id" : 2602,
    "name" : "Ricardo De Burgos Bengoetxea",
    "country" : {
      "id" : 214,
      "name" : "Spain"
    }
  }
}, {
  "match_id" : 16079,
  "match_date" : "2018-12-02",
  "kick_off" : "18:30:00.000",
  "competition" : {
    "competition_id" : 11,
    "country_name" : "Spain",
    "competition_name" : "La Liga"
  },
  "season" : {
    "season_id" : 4,
    "season_name" : "2018/2019"
  },
  "home_team" : {
    "home_team_id" : 217,
    "home_team_name" : "Barcelona",
    "home_team_gender" : "male",
    "home_team_group" : null,
    "country" : {
      "id" : 214,
      "name" : "Spain"
    },
    "managers" : [ {
      "id" : 227,
      "name" : "Ernesto Valverde Tejedor",
      "nickname" : "Ernesto Valverde",
      "dob" : "1964-02-09",
      "country" : {
        "id" : 214,
        "name" : "Spain"
      }
    } ]
  },
  "away_team" : {
    "away_team_id" : 222,
    "away_team_name" : "Villarreal",
    "away_team_gender" : "male",
    "away_team_group" : null,
    "country" : {
      "id" : 214,
      "name" : "Spain"
    },
    "managers" : [ {
      "id" : 182,
      "name" : "Javier Calleja Revilla",
      "nickname" : "Javi Calleja",
      "dob" : "1978-05-12",
      "country" : {
        "id" : 214,
        "name" : "Spain"
      }
    } ]
  },
  "home_score" : 2,
  "away_score" : 0,
  "match_status" : "available",
  "match_status_360" : "scheduled",
  "last_updated" : "2022-12-14T01:23:34.890423",
  "last_updated_360" : "2021-06-13T16:17:31.694",
  "metadata" : {
    "data_version" : "1.1.0",
    "shot_fidelity_version" : "2",
    "xy_fidelity_version" : "2"
  },
  "match_week" : 14,
  "competition_stage" : {
    "id" : 1,
    "name" : "Regular Season"
  },
  "stadium" : {
    "id" : 342,
    "name" : "Spotify Camp Nou",
    "country" : {
      "id" : 214,
      "name" : "Spain"
    }
  },
  "referee" : {
    "id" : 2609,
    "name" : "José Luis Munuera Montero",
    "country" : {
      "id" : 214,
      "name" : "Spain"
    }
  }
}, {
  "match_id" : 16149,
  "match_date" : "2019-01-27",
  "kick_off" : "16:15:00.000",
  "competition" : {
    "competition_id" : 11,
    "country_name" : "Spain",
    "competition_name" : "La Liga"
  },
  "season" : {
    "season_id" : 4,
    "season_name" : "2018/2019"
  },
  "home_team" : {
    "home_team_id" : 211,
    "home_team_name" : "Girona",
    "home_team_gender" : "male",
    "home_team_group" : null,
    "country" : {
      "id" : 214,
      "name" : "Spain"
    },
    "managers" : [ {
      "id" : 229,
      "name" : "Eusebio Sacristán Mena",
      "nickname" : "Eusebio Sacristán",
      "dob" : "1964-04-13",
      "country" : {
        "id" : 214,
        "name" : "Spain"
      }
    } ]
  },
  "away_team" : {
    "away_team_id" : 217,
    "away_team_name" : "Barcelona",
    "away_team_gender" : "male",
    "away_team_group" : null,
    "country" : {
      "id" : 214,
      "name" : "Spain"
    },
    "managers" : [ {
      "id" : 227,
      "name" : "Ernesto Valverde Tejedor",
      "nickname" : "Ernesto Valverde",
      "dob" : "1964-02-09",
      "country" : {
        "id" : 214,
        "name" : "Spain"
      }
    } ]
  },
  "home_score" : 0,
  "away_score" : 2,
  "match_status" : "available",
  "match_status_360" : "scheduled",
  "last_updated" : "2023-02-28T15:06:32.588321",
  "last_updated_360" : "2021-06-13T16:17:31.694",
  "metadata" : {
    "data_version" : "1.1.0",
    "shot_fidelity_version" : "2",
    "xy_fidelity_version" : "2"
  },
  "match_week" : 21,
  "competition_stage" : {
    "id" : 1,
    "name" : "Regular Season"
  },
  "stadium" : {
    "id" : 343,
    "name" : "Estadi Municipal de Montilivi",
    "country" : {
      "id" : 214,
      "name" : "Spain"
    }
  },
  "referee" : {
    "id" : 2493,
    "name" : "Pablo González Fuertes",
    "country" : {
      "id" : 214,
      "name" : "Spain"
    }
  }
}, {
  "match_id" : 16275,
  "match_date" : "2019-04-23",
  "kick_off" : "21:30:00.000",
  "competition" : {
    "competition_id" : 11,
    "country_name" : "Spain",
    "competition_name" : "La Liga"
  },
  "season" : {
    "season_id" : 4,
    "season_name" : "2018/2019"
  },
  "home_team" : {
    "home_team_id" : 206,
    "home_team_name" : "Deportivo Alavés",
    "home_team_gender" : "male",
    "home_team_group" : null,
    "country" : {
      "id" : 214,
      "name" : "Spain"
    },
    "managers" : [ {
      "id" : 187,
      "name" : "Abelardo Fernández Antuña",
      "nickname" : "Abelardo",
      "dob" : "1970-04-19",
      "country" : {
        "id" : 214,
        "name" : "Spain"
      }
    } ]
  },
  "away_team" : {
    "away_team_id" : 217,
    "away_team_name" : "Barcelona",
    "away_team_gender" : "male",
    "away_team_group" : null,
    "country" : {
      "id" : 214,
      "name" : "Spain"
    },
    "managers" : [ {
      "id" : 227,
      "name" : "Ernesto Valverde Tejedor",
      "nickname" : "Ernesto Valverde",
      "dob" : "1964-02-09",
      "country" : {
        "id" : 214,
        "name" : "Spain"
      }
    } ]
  },
  "home_score" : 0,
  "away_score" : 2,
  "match_status" : "available",
  "match_status_360" : "scheduled",
  "last_updated" : "2023-07-24T17:52:58.349594",
  "last_updated_360" : "2021-06-13T16:17:31.694",
  "metadata" : {
    "data_version" : "1.1.0",
    "shot_fidelity_version" : "2"
  },
  "match_week" : 34,
  "competition_stage" : {
    "id" : 1,
    "name" : "Regular Season"
  },
  "stadium" : {
    "id" : 348,
    "name" : "Estadio de Mendizorroza",
    "country" : {
      "id" : 214,
      "name" : "Spain"
    }
  }
}, {
  "match_id" : 15973,
  "match_date" : "2018-09-02",
  "kick_off" : "18:30:00.000",
  "competition" : {
    "competition_id" : 11,
    "country_name" : "Spain",
    "competition_name" : "La Liga"
  },
  "season" : {
    "season_id" : 4,
    "season_name" : "2018/2019"
  },
  "home_team" : {
    "home_team_id" : 217,
    "home_team_name" : "Barcelona",
    "home_team_gender" : "male",
    "home_team_group" : null,
    "country" : {
      "id" : 214,
      "name" : "Spain"
    },
    "managers" : [ {
      "id" : 227,
      "name" : "Ernesto Valverde Tejedor",
      "nickname" : "Ernesto Valverde",
      "dob" : "1964-02-09",
      "country" : {
        "id" : 214,
        "name" : "Spain"
      }
    } ]
  },
  "away_team" : {
    "away_team_id" : 902,
    "away_team_name" : "Huesca",
    "away_team_gender" : "male",
    "away_team_group" : null,
    "country" : {
      "id" : 214,
      "name" : "Spain"
    },
    "managers" : [ {
      "id" : 768,
      "name" : "Leonardo Neoren Franco",
      "nickname" : "Leo Franco",
      "dob" : "1977-05-20",
      "country" : {
        "id" : 11,
        "name" : "Argentina"
      }
    } ]
  },
  "home_score" : 8,
  "away_score" : 2,
  "match_status" : "available",
  "match_status_360" : "scheduled",
  "last_updated" : "2023-02-22T05:46:57.699229",
  "last_updated_360" : "2021-06-13T16:17:31.694",
  "metadata" : {
    "data_version" : "1.1.0",
    "shot_fidelity_version" : "2",
    "xy_fidelity_version" : "2"
  },
  "match_week" : 3,
  "competition_stage" : {
    "id" : 1,
    "name" : "Regular Season"
  },
  "stadium" : {
    "id" : 342,
    "name" : "Spotify Camp Nou",
    "country" : {
      "id" : 214,
      "name" : "Spain"
    }
  },
  "referee" : {
    "id" : 2692,
    "name" : "Mario Melero López",
    "country" : {
      "id" : 214,
      "name" : "Spain"
    }
  }
}, {
  "match_id" : 16317,
  "match_date" : "2019-05-19",
  "kick_off" : "16:15:00.000",
  "competition" : {
    "competition_id" : 11,
    "country_name" : "Spain",
    "competition_name" : "La Liga"
  },
  "season" : {
    "season_id" : 4,
    "season_name" : "2018/2019"
  },
  "home_team" : {
    "home_team_id" : 322,
    "home_team_name" : "Eibar",
    "home_team_gender" : "male",
    "home_team_group" : null,
    "country" : {
      "id" : 214,
      "name" : "Spain"
    },
    "managers" : [ {
      "id" : 221,
      "name" : "José Luis Mendilibar Etxebarria",
      "nickname" : "José Luis Mendilibar",
      "dob" : "1961-03-14",
      "country" : {
        "id" : 214,
        "name" : "Spain"
      }
    } ]
  },
  "away_team" : {
    "away_team_id" : 217,
    "away_team_name" : "Barcelona",
    "away_team_gender" : "male",
    "away_team_group" : null,
    "country" : {
      "id" : 214,
      "name" : "Spain"
    },
    "managers" : [ {
      "id" : 227,
      "name" : "Ernesto Valverde Tejedor",
      "nickname" : "Ernesto Valverde",
      "dob" : "1964-02-09",
      "country" : {
        "id" : 214,
        "name" : "Spain"
      }
    } ]
  },
  "home_score" : 2,
  "away_score" : 2,
  "match_status" : "available",
  "match_status_360" : "scheduled",
  "last_updated" : "2023-07-24T17:52:24.271833",
  "last_updated_360" : "2021-06-13T16:17:31.694",
  "metadata" : {
    "data_version" : "1.1.0",
    "shot_fidelity_version" : "2"
  },
  "match_week" : 38,
  "competition_stage" : {
    "id" : 1,
    "name" : "Regular Season"
  },
  "stadium" : {
    "id" : 347,
    "name" : "Estadio Municipal de Ipurúa",
    "country" : {
      "id" : 214,
      "name" : "Spain"
    }
  }
}, {
  "match_id" : 16131,
  "match_date" : "2019-01-13",
  "kick_off" : "18:30:00.000",
  "competition" : {
    "competition_id" : 11,
    "country_name" : "Spain",
    "competition_name" : "La Liga"
  },
  "season" : {
    "season_id" : 4,
    "season_name" : "2018/2019"
  },
  "home_team" : {
    "home_team_id" : 217,
    "home_team_name" : "Barcelona",
    "home_team_gender" : "male",
    "home_team_group" : null,
    "country" : {
      "id" : 214,
      "name" : "Spain"
    },
    "managers" : [ {
      "id" : 227,
      "name" : "Ernesto Valverde Tejedor",
      "nickname" : "Ernesto Valverde",
      "dob" : "1964-02-09",
      "country" : {
        "id" : 214,
        "name" : "Spain"
      }
    } ]
  },
  "away_team" : {
    "away_team_id" : 322,
    "away_team_name" : "Eibar",
    "away_team_gender" : "male",
    "away_team_group" : null,
    "country" : {
      "id" : 214,
      "name" : "Spain"
    },
    "managers" : [ {
      "id" : 221,
      "name" : "José Luis Mendilibar Etxebarria",
      "nickname" : "José Luis Mendilibar",
      "dob" : "1961-03-14",
      "country" : {
        "id" : 214,
        "name" : "Spain"
      }
    } ]
  },
  "home_score" : 3,
  "away_score" : 0,
  "match_status" : "available",
  "match_status_360" : "scheduled",
  "last_updated" : "2022-12-13T02:39:09.619019",
  "last_updated_360" : "2021-06-13T16:17:31.694",
  "metadata" : {
    "data_version" : "1.1.0",
    "shot_fidelity_version" : "2",
    "xy_fidelity_version" : "2"
  },
  "match_week" : 19,
  "competition_stage" : {
    "id" : 1,
    "name" : "Regular Season"
  },
  "stadium" : {
    "id" : 342,
    "name" : "Spotify Camp Nou",
    "country" : {
      "id" : 214,
      "name" : "Spain"
    }
  },
  "referee" : {
    "id" : 183,
    "name" : "Jesús Gil Manzano",
    "country" : {
      "id" : 214,
      "name" : "Spain"
    }
  }
}, {
  "match_id" : 16205,
  "match_date" : "2019-03-09",
  "kick_off" : "18:30:00.000",
  "competition" : {
    "competition_id" : 11,
    "country_name" : "Spain",
    "competition_name" : "La Liga"
  },
  "season" : {
    "season_id" : 4,
    "season_name" : "2018/2019"
  },
  "home_team" : {
    "home_team_id" : 217,
    "home_team_name" : "Barcelona",
    "home_team_gender" : "male",
    "home_team_group" : null,
    "country" : {
      "id" : 214,
      "name" : "Spain"
    },
    "managers" : [ {
      "id" : 227,
      "name" : "Ernesto Valverde Tejedor",
      "nickname" : "Ernesto Valverde",
      "dob" : "1964-02-09",
      "country" : {
        "id" : 214,
        "name" : "Spain"
      }
    } ]
  },
  "away_team" : {
    "away_team_id" : 360,
    "away_team_name" : "Rayo Vallecano",
    "away_team_gender" : "male",
    "away_team_group" : null,
    "country" : {
      "id" : 214,
      "name" : "Spain"
    },
    "managers" : [ {
      "id" : 766,
      "name" : "Miguel Ángel Sánchez Muñoz",
      "nickname" : "Míchel",
      "dob" : "1975-10-30",
      "country" : {
        "id" : 214,
        "name" : "Spain"
      }
    } ]
  },
  "home_score" : 3,
  "away_score" : 1,
  "match_status" : "available",
  "match_status_360" : "scheduled",
  "last_updated" : "2021-04-11T22:02:53.541997",
  "last_updated_360" : "2021-06-13T16:17:31.694",
  "metadata" : {
    "data_version" : "1.1.0",
    "shot_fidelity_version" : "2"
  },
  "match_week" : 27,
  "competition_stage" : {
    "id" : 1,
    "name" : "Regular Season"
  },
  "stadium" : {
    "id" : 342,
    "name" : "Spotify Camp Nou",
    "country" : {
      "id" : 214,
      "name" : "Spain"
    }
  }
}, {
  "match_id" : 16095,
  "match_date" : "2018-12-16",
  "kick_off" : "20:45:00.000",
  "competition" : {
    "competition_id" : 11,
    "country_name" : "Spain",
    "competition_name" : "La Liga"
  },
  "season" : {
    "season_id" : 4,
    "season_name" : "2018/2019"
  },
  "home_team" : {
    "home_team_id" : 221,
    "home_team_name" : "Levante UD",
    "home_team_gender" : "male",
    "home_team_group" : null,
    "country" : {
      "id" : 214,
      "name" : "Spain"
    },
    "managers" : [ {
      "id" : 219,
      "name" : "Francisco José López Fernández",
      "nickname" : "Paco López",
      "dob" : "1967-09-19",
      "country" : {
        "id" : 214,
        "name" : "Spain"
      }
    } ]
  },
  "away_team" : {
    "away_team_id" : 217,
    "away_team_name" : "Barcelona",
    "away_team_gender" : "male",
    "away_team_group" : null,
    "country" : {
      "id" : 214,
      "name" : "Spain"
    },
    "managers" : [ {
      "id" : 227,
      "name" : "Ernesto Valverde Tejedor",
      "nickname" : "Ernesto Valverde",
      "dob" : "1964-02-09",
      "country" : {
        "id" : 214,
        "name" : "Spain"
      }
    } ]
  },
  "home_score" : 0,
  "away_score" : 5,
  "match_status" : "available",
  "match_status_360" : "scheduled",
  "last_updated" : "2022-12-11T08:51:13.107818",
  "last_updated_360" : "2021-06-13T16:17:31.694",
  "metadata" : {
    "data_version" : "1.1.0",
    "shot_fidelity_version" : "2",
    "xy_fidelity_version" : "2"
  },
  "match_week" : 16,
  "competition_stage" : {
    "id" : 1,
    "name" : "Regular Season"
  },
  "stadium" : {
    "id" : 350,
    "name" : "Estadio Ciudad de Valencia",
    "country" : {
      "id" : 214,
      "name" : "Spain"
    }
  },
  "referee" : {
    "id" : 211,
    "name" : "José Luis González González",
    "country" : {
      "id" : 214,
      "name" : "Spain"
    }
  }
}, {
  "match_id" : 16306,
  "match_date" : "2019-05-12",
  "kick_off" : "18:30:00.000",
  "competition" : {
    "competition_id" : 11,
    "country_name" : "Spain",
    "competition_name" : "La Liga"
  },
  "season" : {
    "season_id" : 4,
    "season_name" : "2018/2019"
  },
  "home_team" : {
    "home_team_id" : 217,
    "home_team_name" : "Barcelona",
    "home_team_gender" : "male",
    "home_team_group" : null,
    "country" : {
      "id" : 214,
      "name" : "Spain"
    },
    "managers" : [ {
      "id" : 227,
      "name" : "Ernesto Valverde Tejedor",
      "nickname" : "Ernesto Valverde",
      "dob" : "1964-02-09",
      "country" : {
        "id" : 214,
        "name" : "Spain"
      }
    } ]
  },
  "away_team" : {
    "away_team_id" : 216,
    "away_team_name" : "Getafe",
    "away_team_gender" : "male",
    "away_team_group" : null,
    "country" : {
      "id" : 214,
      "name" : "Spain"
    },
    "managers" : [ {
      "id" : 4268,
      "name" : "José Ignacio Fernández García",
      "nickname" : "Nacho Fernández",
      "dob" : "1973-05-05",
      "country" : {
        "id" : 214,
        "name" : "Spain"
      }
    }, {
      "id" : 228,
      "name" : "José Bordalás Jiménez",
      "nickname" : "Pepe Bordalás",
      "dob" : "1964-03-05",
      "country" : {
        "id" : 214,
        "name" : "Spain"
      }
    } ]
  },
  "home_score" : 2,
  "away_score" : 0,
  "match_status" : "available",
  "match_status_360" : "scheduled",
  "last_updated" : "2020-07-29T05:00",
  "last_updated_360" : "2021-06-13T16:17:31.694",
  "metadata" : {
    "data_version" : "1.1.0",
    "shot_fidelity_version" : "2"
  },
  "match_week" : 37,
  "competition_stage" : {
    "id" : 1,
    "name" : "Regular Season"
  },
  "stadium" : {
    "id" : 342,
    "name" : "Spotify Camp Nou",
    "country" : {
      "id" : 214,
      "name" : "Spain"
    }
  },
  "referee" : {
    "id" : 211,
    "name" : "José Luis González González",
    "country" : {
      "id" : 214,
      "name" : "Spain"
    }
  }
}, {
  "match_id" : 16010,
  "match_date" : "2018-09-29",
  "kick_off" : "16:15:00.000",
  "competition" : {
    "competition_id" : 11,
    "country_name" : "Spain",
    "competition_name" : "La Liga"
  },
  "season" : {
    "season_id" : 4,
    "season_name" : "2018/2019"
  },
  "home_team" : {
    "home_team_id" : 217,
    "home_team_name" : "Barcelona",
    "home_team_gender" : "male",
    "home_team_group" : null,
    "country" : {
      "id" : 214,
      "name" : "Spain"
    },
    "managers" : [ {
      "id" : 227,
      "name" : "Ernesto Valverde Tejedor",
      "nickname" : "Ernesto Valverde",
      "dob" : "1964-02-09",
      "country" : {
        "id" : 214,
        "name" : "Spain"
      }
    } ]
  },
  "away_team" : {
    "away_team_id" : 215,
    "away_team_name" : "Athletic Club",
    "away_team_gender" : "male",
    "away_team_group" : null,
    "country" : {
      "id" : 214,
      "name" : "Spain"
    },
    "managers" : [ {
      "id" : 385,
      "name" : "Manuel Eduardo Berizzo",
      "nickname" : "Eduardo Berizzo",
      "dob" : "1969-11-13",
      "country" : {
        "id" : 11,
        "name" : "Argentina"
      }
    } ]
  },
  "home_score" : 1,
  "away_score" : 1,
  "match_status" : "available",
  "match_status_360" : "scheduled",
  "last_updated" : "2022-12-01T12:03:49.759103",
  "last_updated_360" : "2021-06-13T16:17:31.694",
  "metadata" : {
    "data_version" : "1.1.0",
    "shot_fidelity_version" : "2",
    "xy_fidelity_version" : "2"
  },
  "match_week" : 7,
  "competition_stage" : {
    "id" : 1,
    "name" : "Regular Season"
  },
  "stadium" : {
    "id" : 342,
    "name" : "Spotify Camp Nou",
    "country" : {
      "id" : 214,
      "name" : "Spain"
    }
  }
}, {
  "match_id" : 15986,
  "match_date" : "2018-09-23",
  "kick_off" : "20:45:00.000",
  "competition" : {
    "competition_id" : 11,
    "country_name" : "Spain",
    "competition_name" : "La Liga"
  },
  "season" : {
    "season_id" : 4,
    "season_name" : "2018/2019"
  },
  "home_team" : {
    "home_team_id" : 217,
    "home_team_name" : "Barcelona",
    "home_team_gender" : "male",
    "home_team_group" : null,
    "country" : {
      "id" : 214,
      "name" : "Spain"
    },
    "managers" : [ {
      "id" : 227,
      "name" : "Ernesto Valverde Tejedor",
      "nickname" : "Ernesto Valverde",
      "dob" : "1964-02-09",
      "country" : {
        "id" : 214,
        "name" : "Spain"
      }
    } ]
  },
  "away_team" : {
    "away_team_id" : 211,
    "away_team_name" : "Girona",
    "away_team_gender" : "male",
    "away_team_group" : null,
    "country" : {
      "id" : 214,
      "name" : "Spain"
    },
    "managers" : [ {
      "id" : 229,
      "name" : "Eusebio Sacristán Mena",
      "nickname" : "Eusebio Sacristán",
      "dob" : "1964-04-13",
      "country" : {
        "id" : 214,
        "name" : "Spain"
      }
    } ]
  },
  "home_score" : 2,
  "away_score" : 2,
  "match_status" : "available",
  "match_status_360" : "scheduled",
  "last_updated" : "2023-03-31T15:44:45.788046",
  "last_updated_360" : "2021-06-13T16:17:31.694",
  "metadata" : {
    "data_version" : "1.1.0",
    "shot_fidelity_version" : "2",
    "xy_fidelity_version" : "2"
  },
  "match_week" : 5,
  "competition_stage" : {
    "id" : 1,
    "name" : "Regular Season"
  },
  "stadium" : {
    "id" : 342,
    "name" : "Spotify Camp Nou",
    "country" : {
      "id" : 214,
      "name" : "Spain"
    }
  },
  "referee" : {
    "id" : 183,
    "name" : "Jesús Gil Manzano",
    "country" : {
      "id" : 214,
      "name" : "Spain"
    }
  }
}, {
  "match_id" : 16240,
  "match_date" : "2019-04-02",
  "kick_off" : "21:30:00.000",
  "competition" : {
    "competition_id" : 11,
    "country_name" : "Spain",
    "competition_name" : "La Liga"
  },
  "season" : {
    "season_id" : 4,
    "season_name" : "2018/2019"
  },
  "home_team" : {
    "home_team_id" : 222,
    "home_team_name" : "Villarreal",
    "home_team_gender" : "male",
    "home_team_group" : null,
    "country" : {
      "id" : 214,
      "name" : "Spain"
    },
    "managers" : [ {
      "id" : 182,
      "name" : "Javier Calleja Revilla",
      "nickname" : "Javi Calleja",
      "dob" : "1978-05-12",
      "country" : {
        "id" : 214,
        "name" : "Spain"
      }
    } ]
  },
  "away_team" : {
    "away_team_id" : 217,
    "away_team_name" : "Barcelona",
    "away_team_gender" : "male",
    "away_team_group" : null,
    "country" : {
      "id" : 214,
      "name" : "Spain"
    },
    "managers" : [ {
      "id" : 227,
      "name" : "Ernesto Valverde Tejedor",
      "nickname" : "Ernesto Valverde",
      "dob" : "1964-02-09",
      "country" : {
        "id" : 214,
        "name" : "Spain"
      }
    } ]
  },
  "home_score" : 4,
  "away_score" : 4,
  "match_status" : "available",
  "match_status_360" : "scheduled",
  "last_updated" : "2023-07-24T17:45:37.697121",
  "last_updated_360" : "2021-06-13T16:17:31.694",
  "metadata" : {
    "data_version" : "1.1.0",
    "shot_fidelity_version" : "2"
  },
  "match_week" : 30,
  "competition_stage" : {
    "id" : 1,
    "name" : "Regular Season"
  },
  "stadium" : {
    "id" : 361,
    "name" : "Estadio de la Cerámica",
    "country" : {
      "id" : 214,
      "name" : "Spain"
    }
  }
}, {
  "match_id" : 16023,
  "match_date" : "2018-10-07",
  "kick_off" : "20:45:00.000",
  "competition" : {
    "competition_id" : 11,
    "country_name" : "Spain",
    "competition_name" : "La Liga"
  },
  "season" : {
    "season_id" : 4,
    "season_name" : "2018/2019"
  },
  "home_team" : {
    "home_team_id" : 207,
    "home_team_name" : "Valencia",
    "home_team_gender" : "male",
    "home_team_group" : null,
    "country" : {
      "id" : 214,
      "name" : "Spain"
    },
    "managers" : [ {
      "id" : 211,
      "name" : "Marcelino García Toral",
      "nickname" : "Marcelino",
      "dob" : "1965-08-14",
      "country" : {
        "id" : 214,
        "name" : "Spain"
      }
    } ]
  },
  "away_team" : {
    "away_team_id" : 217,
    "away_team_name" : "Barcelona",
    "away_team_gender" : "male",
    "away_team_group" : null,
    "country" : {
      "id" : 214,
      "name" : "Spain"
    },
    "managers" : [ {
      "id" : 227,
      "name" : "Ernesto Valverde Tejedor",
      "nickname" : "Ernesto Valverde",
      "dob" : "1964-02-09",
      "country" : {
        "id" : 214,
        "name" : "Spain"
      }
    } ]
  },
  "home_score" : 1,
  "away_score" : 1,
  "match_status" : "available",
  "match_status_360" : "scheduled",
  "last_updated" : "2022-12-20T18:02:32.291195",
  "last_updated_360" : "2021-06-13T16:17:31.694",
  "metadata" : {
    "data_version" : "1.1.0",
    "shot_fidelity_version" : "2",
    "xy_fidelity_version" : "2"
  },
  "match_week" : 8,
  "competition_stage" : {
    "id" : 1,
    "name" : "Regular Season"
  },
  "stadium" : {
    "id" : 344,
    "name" : "Estadio de Mestalla",
    "country" : {
      "id" : 214,
      "name" : "Spain"
    }
  },
  "referee" : {
    "id" : 211,
    "name" : "José Luis González González",
    "country" : {
      "id" : 214,
      "name" : "Spain"
    }
  }
}, {
  "match_id" : 16196,
  "match_date" : "2019-03-02",
  "kick_off" : "20:45:00.000",
  "competition" : {
    "competition_id" : 11,
    "country_name" : "Spain",
    "competition_name" : "La Liga"
  },
  "season" : {
    "season_id" : 4,
    "season_name" : "2018/2019"
  },
  "home_team" : {
    "home_team_id" : 220,
    "home_team_name" : "Real Madrid",
    "home_team_gender" : "male",
    "home_team_group" : null,
    "country" : {
      "id" : 214,
      "name" : "Spain"
    },
    "managers" : [ {
      "id" : 25,
      "name" : "Santiago Hernán Solari Poggio",
      "nickname" : "Santiago Solari",
      "dob" : "1976-10-07",
      "country" : {
        "id" : 11,
        "name" : "Argentina"
      }
    } ]
  },
  "away_team" : {
    "away_team_id" : 217,
    "away_team_name" : "Barcelona",
    "away_team_gender" : "male",
    "away_team_group" : null,
    "country" : {
      "id" : 214,
      "name" : "Spain"
    },
    "managers" : [ {
      "id" : 227,
      "name" : "Ernesto Valverde Tejedor",
      "nickname" : "Ernesto Valverde",
      "dob" : "1964-02-09",
      "country" : {
        "id" : 214,
        "name" : "Spain"
      }
    } ]
  },
  "home_score" : 0,
  "away_score" : 1,
  "match_status" : "available",
  "match_status_360" : "scheduled",
  "last_updated" : "2020-07-29T05:00",
  "last_updated_360" : "2021-06-13T16:17:31.694",
  "metadata" : {
    "data_version" : "1.1.0",
    "shot_fidelity_version" : "2"
  },
  "match_week" : 26,
  "competition_stage" : {
    "id" : 1,
    "name" : "Regular Season"
  },
  "stadium" : {
    "id" : 353,
    "name" : "Estadio Santiago Bernabéu",
    "country" : {
      "id" : 214,
      "name" : "Spain"
    }
  },
  "referee" : {
    "id" : 221,
    "name" : "Alberto Undiano Mallenco",
    "country" : {
      "id" : 214,
      "name" : "Spain"
    }
  }
}, {
  "match_id" : 15956,
  "match_date" : "2018-08-25",
  "kick_off" : "22:15:00.000",
  "competition" : {
    "competition_id" : 11,
    "country_name" : "Spain",
    "competition_name" : "La Liga"
  },
  "season" : {
    "season_id" : 4,
    "season_name" : "2018/2019"
  },
  "home_team" : {
    "home_team_id" : 901,
    "home_team_name" : "Real Valladolid",
    "home_team_gender" : "male",
    "home_team_group" : null,
    "country" : {
      "id" : 214,
      "name" : "Spain"
    },
    "managers" : [ {
      "id" : 576,
      "name" : "Sergio González Soriano",
      "nickname" : "Sergio",
      "dob" : "1976-11-10",
      "country" : {
        "id" : 214,
        "name" : "Spain"
      }
    } ]
  },
  "away_team" : {
    "away_team_id" : 217,
    "away_team_name" : "Barcelona",
    "away_team_gender" : "male",
    "away_team_group" : null,
    "country" : {
      "id" : 214,
      "name" : "Spain"
    },
    "managers" : [ {
      "id" : 227,
      "name" : "Ernesto Valverde Tejedor",
      "nickname" : "Ernesto Valverde",
      "dob" : "1964-02-09",
      "country" : {
        "id" : 214,
        "name" : "Spain"
      }
    } ]
  },
  "home_score" : 0,
  "away_score" : 1,
  "match_status" : "available",
  "match_status_360" : "scheduled",
  "last_updated" : "2022-12-09T22:04:24.608353",
  "last_updated_360" : "2021-06-13T16:17:31.694",
  "metadata" : {
    "data_version" : "1.1.0",
    "shot_fidelity_version" : "2",
    "xy_fidelity_version" : "2"
  },
  "match_week" : 2,
  "competition_stage" : {
    "id" : 1,
    "name" : "Regular Season"
  },
  "stadium" : {
    "id" : 622,
    "name" : "Estadio Municipal José Zorrilla",
    "country" : {
      "id" : 214,
      "name" : "Spain"
    }
  },
  "referee" : {
    "id" : 2602,
    "name" : "Ricardo De Burgos Bengoetxea",
    "country" : {
      "id" : 214,
      "name" : "Spain"
    }
  }
}, {
  "match_id" : 16231,
  "match_date" : "2019-03-30",
  "kick_off" : "16:15:00.000",
  "competition" : {
    "competition_id" : 11,
    "country_name" : "Spain",
    "competition_name" : "La Liga"
  },
  "season" : {
    "season_id" : 4,
    "season_name" : "2018/2019"
  },
  "home_team" : {
    "home_team_id" : 217,
    "home_team_name" : "Barcelona",
    "home_team_gender" : "male",
    "home_team_group" : null,
    "country" : {
      "id" : 214,
      "name" : "Spain"
    },
    "managers" : [ {
      "id" : 227,
      "name" : "Ernesto Valverde Tejedor",
      "nickname" : "Ernesto Valverde",
      "dob" : "1964-02-09",
      "country" : {
        "id" : 214,
        "name" : "Spain"
      }
    } ]
  },
  "away_team" : {
    "away_team_id" : 214,
    "away_team_name" : "Espanyol",
    "away_team_gender" : "male",
    "away_team_group" : null,
    "country" : {
      "id" : 214,
      "name" : "Spain"
    },
    "managers" : [ {
      "id" : 677,
      "name" : "Joan Francesc Ferrer Sicilia",
      "nickname" : "Rubí",
      "dob" : "1970-02-05",
      "country" : {
        "id" : 214,
        "name" : "Spain"
      }
    } ]
  },
  "home_score" : 2,
  "away_score" : 0,
  "match_status" : "available",
  "match_status_360" : "scheduled",
  "last_updated" : "2023-07-24T17:49:29.379819",
  "last_updated_360" : "2021-06-13T16:17:31.694",
  "metadata" : {
    "data_version" : "1.1.0",
    "shot_fidelity_version" : "2"
  },
  "match_week" : 29,
  "competition_stage" : {
    "id" : 1,
    "name" : "Regular Season"
  },
  "stadium" : {
    "id" : 342,
    "name" : "Spotify Camp Nou",
    "country" : {
      "id" : 214,
      "name" : "Spain"
    }
  }
} ]