[ {
  "match_id" : 3773386,
  "match_date" : "2020-10-31",
  "kick_off" : "21:00:00.000",
  "competition" : {
    "competition_id" : 11,
    "country_name" : "Spain",
    "competition_name" : "La Liga"
  },
  "season" : {
    "season_id" : 90,
    "season_name" : "2020/2021"
  },
  "home_team" : {
    "home_team_id" : 206,
    "home_team_name" : "Deportivo Alavés",
    "home_team_gender" : "male",
    "home_team_group" : null,
    "country" : {
      "id" : 214,
      "name" : "Spain"
    },
    "managers" : [ {
      "id" : 234,
      "name" : "Pablo Javier Machín Díez",
      "nickname" : "Pablo Machín",
      "dob" : "1975-04-07",
      "country" : {
        "id" : 214,
        "name" : "Spain"
      }
    } ]
  },
  "away_team" : {
    "away_team_id" : 217,
    "away_team_name" : "Barcelona",
    "away_team_gender" : "male",
    "away_team_group" : null,
    "country" : {
      "id" : 214,
      "name" : "Spain"
    },
    "managers" : [ {
      "id" : 676,
      "name" : "Ronald Koeman",
      "nickname" : null,
      "dob" : "1963-03-21",
      "country" : {
        "id" : 160,
        "name" : "Netherlands"
      }
    } ]
  },
  "home_score" : 1,
  "away_score" : 1,
  "match_status" : "available",
  "match_status_360" : "available",
  "last_updated" : "2023-07-25T03:54:59.280826",
  "last_updated_360" : "2023-07-25T04:25:41.348202",
  "metadata" : {
    "data_version" : "1.1.0",
    "shot_fidelity_version" : "2",
    "xy_fidelity_version" : "2"
  },
  "match_week" : 8,
  "competition_stage" : {
    "id" : 1,
    "name" : "Regular Season"
  },
  "stadium" : {
    "id" : 348,
    "name" : "Estadio de Mendizorroza",
    "country" : {
      "id" : 214,
      "name" : "Spain"
    }
  }
}, {
  "match_id" : 3773565,
  "match_date" : "2021-01-09",
  "kick_off" : "18:30:00.000",
  "competition" : {
    "competition_id" : 11,
    "country_name" : "Spain",
    "competition_name" : "La Liga"
  },
  "season" : {
    "season_id" : 90,
    "season_name" : "2020/2021"
  },
  "home_team" : {
    "home_team_id" : 1049,
    "home_team_name" : "Granada",
    "home_team_gender" : "male",
    "home_team_group" : null,
    "country" : {
      "id" : 214,
      "name" : "Spain"
    },
    "managers" : [ {
      "id" : 1597,
      "name" : "Diego Martínez Penas",
      "nickname" : null,
      "dob" : "1980-12-16",
      "country" : {
        "id" : 214,
        "name" : "Spain"
      }
    } ]
  },
  "away_team" : {
    "away_team_id" : 217,
    "away_team_name" : "Barcelona",
    "away_team_gender" : "male",
    "away_team_group" : null,
    "country" : {
      "id" : 214,
      "name" : "Spain"
    },
    "managers" : [ {
      "id" : 676,
      "name" : "Ronald Koeman",
      "nickname" : null,
      "dob" : "1963-03-21",
      "country" : {
        "id" : 160,
        "name" : "Netherlands"
      }
    } ]
  },
  "home_score" : 0,
  "away_score" : 4,
  "match_status" : "available",
  "match_status_360" : "available",
  "last_updated" : "2023-07-25T03:51:37.437064",
  "last_updated_360" : "2023-07-25T04:30:16.058384",
  "metadata" : {
    "data_version" : "1.1.0",
    "shot_fidelity_version" : "2",
    "xy_fidelity_version" : "2"
  },
  "match_week" : 18,
  "competition_stage" : {
    "id" : 1,
    "name" : "Regular Season"
  },
  "stadium" : {
    "id" : 4667,
    "name" : "Estadio Nuevo Los Cármenes",
    "country" : {
      "id" : 214,
      "name" : "Spain"
    }
  },
  "referee" : {
    "id" : 2602,
    "name" : "Ricardo De Burgos Bengoetxea",
    "country" : {
      "id" : 214,
      "name" : "Spain"
    }
  }
}, {
  "match_id" : 3773457,
  "match_date" : "2021-05-16",
  "kick_off" : "18:30:00.000",
  "competition" : {
    "competition_id" : 11,
    "country_name" : "Spain",
    "competition_name" : "La Liga"
  },
  "season" : {
    "season_id" : 90,
    "season_name" : "2020/2021"
  },
  "home_team" : {
    "home_team_id" : 217,
    "home_team_name" : "Barcelona",
    "home_team_gender" : "male",
    "home_team_group" : null,
    "country" : {
      "id" : 214,
      "name" : "Spain"
    },
    "managers" : [ {
      "id" : 676,
      "name" : "Ronald Koeman",
      "nickname" : null,
      "dob" : "1963-03-21",
      "country" : {
        "id" : 160,
        "name" : "Netherlands"
      }
    } ]
  },
  "away_team" : {
    "away_team_id" : 209,
    "away_team_name" : "Celta Vigo",
    "away_team_gender" : "male",
    "away_team_group" : null,
    "country" : {
      "id" : 214,
      "name" : "Spain"
    },
    "managers" : [ {
      "id" : 2886,
      "name" : "Eduardo Germán Coudet",
      "nickname" : "Eduardo Coudet",
      "dob" : "1974-09-12",
      "country" : {
        "id" : 11,
        "name" : "Argentina"
      }
    } ]
  },
  "home_score" : 1,
  "away_score" : 2,
  "match_status" : "available",
  "match_status_360" : "available",
  "last_updated" : "2022-12-02T09:26:39.496362",
  "last_updated_360" : "2023-04-27T23:03:53.506485",
  "metadata" : {
    "data_version" : "1.1.0",
    "shot_fidelity_version" : "2",
    "xy_fidelity_version" : "2"
  },
  "match_week" : 37,
  "competition_stage" : {
    "id" : 1,
    "name" : "Regular Season"
  },
  "stadium" : {
    "id" : 342,
    "name" : "Spotify Camp Nou",
    "country" : {
      "id" : 214,
      "name" : "Spain"
    }
  }
}, {
  "match_id" : 3773631,
  "match_date" : "2021-02-07",
  "kick_off" : "21:00:00.000",
  "competition" : {
    "competition_id" : 11,
    "country_name" : "Spain",
    "competition_name" : "La Liga"
  },
  "season" : {
    "season_id" : 90,
    "season_name" : "2020/2021"
  },
  "home_team" : {
    "home_team_id" : 218,
    "home_team_name" : "Real Betis",
    "home_team_gender" : "male",
    "home_team_group" : null,
    "country" : {
      "id" : 214,
      "name" : "Spain"
    },
    "managers" : [ {
      "id" : 733,
      "name" : "Manuel Luis Pellegrini Ripamonti",
      "nickname" : "Manuel Pellegrini",
      "dob" : "1953-09-16",
      "country" : {
        "id" : 45,
        "name" : "Chile"
      }
    } ]
  },
  "away_team" : {
    "away_team_id" : 217,
    "away_team_name" : "Barcelona",
    "away_team_gender" : "male",
    "away_team_group" : null,
    "country" : {
      "id" : 214,
      "name" : "Spain"
    },
    "managers" : [ {
      "id" : 676,
      "name" : "Ronald Koeman",
      "nickname" : null,
      "dob" : "1963-03-21",
      "country" : {
        "id" : 160,
        "name" : "Netherlands"
      }
    } ]
  },
  "home_score" : 2,
  "away_score" : 3,
  "match_status" : "available",
  "match_status_360" : "available",
  "last_updated" : "2023-07-25T03:47:44.278651",
  "last_updated_360" : "2023-07-25T03:56:34.733180",
  "metadata" : {
    "data_version" : "1.1.0",
    "shot_fidelity_version" : "2",
    "xy_fidelity_version" : "2"
  },
  "match_week" : 22,
  "competition_stage" : {
    "id" : 1,
    "name" : "Regular Season"
  },
  "stadium" : {
    "id" : 352,
    "name" : "Estadio Benito Villamarín",
    "country" : {
      "id" : 214,
      "name" : "Spain"
    }
  }
}, {
  "match_id" : 3773665,
  "match_date" : "2021-03-06",
  "kick_off" : "21:00:00.000",
  "competition" : {
    "competition_id" : 11,
    "country_name" : "Spain",
    "competition_name" : "La Liga"
  },
  "season" : {
    "season_id" : 90,
    "season_name" : "2020/2021"
  },
  "home_team" : {
    "home_team_id" : 422,
    "home_team_name" : "Osasuna",
    "home_team_gender" : "male",
    "home_team_group" : null,
    "country" : {
      "id" : 214,
      "name" : "Spain"
    },
    "managers" : [ {
      "id" : 1592,
      "name" : "Jagoba Arrasate Elustondo",
      "nickname" : "Jagoba Arrasate",
      "dob" : "1978-04-22",
      "country" : {
        "id" : 214,
        "name" : "Spain"
      }
    } ]
  },
  "away_team" : {
    "away_team_id" : 217,
    "away_team_name" : "Barcelona",
    "away_team_gender" : "male",
    "away_team_group" : null,
    "country" : {
      "id" : 214,
      "name" : "Spain"
    },
    "managers" : [ {
      "id" : 676,
      "name" : "Ronald Koeman",
      "nickname" : null,
      "dob" : "1963-03-21",
      "country" : {
        "id" : 160,
        "name" : "Netherlands"
      }
    } ]
  },
  "home_score" : 0,
  "away_score" : 2,
  "match_status" : "available",
  "match_status_360" : "available",
  "last_updated" : "2022-12-02T08:46:42.897589",
  "last_updated_360" : "2023-04-28T02:57:03.412841",
  "metadata" : {
    "data_version" : "1.1.0",
    "shot_fidelity_version" : "2",
    "xy_fidelity_version" : "2"
  },
  "match_week" : 26,
  "competition_stage" : {
    "id" : 1,
    "name" : "Regular Season"
  },
  "stadium" : {
    "id" : 4650,
    "name" : "Estadio El Sadar",
    "country" : {
      "id" : 214,
      "name" : "Spain"
    }
  },
  "referee" : {
    "id" : 2402,
    "name" : "Guillermo Cuadra Fernández",
    "country" : {
      "id" : 214,
      "name" : "Spain"
    }
  }
}, {
  "match_id" : 3773497,
  "match_date" : "2021-04-10",
  "kick_off" : "21:00:00.000",
  "competition" : {
    "competition_id" : 11,
    "country_name" : "Spain",
    "competition_name" : "La Liga"
  },
  "season" : {
    "season_id" : 90,
    "season_name" : "2020/2021"
  },
  "home_team" : {
    "home_team_id" : 220,
    "home_team_name" : "Real Madrid",
    "home_team_gender" : "male",
    "home_team_group" : null,
    "country" : {
      "id" : 214,
      "name" : "Spain"
    },
    "managers" : [ {
      "id" : 56,
      "name" : "Zinédine Zidane",
      "nickname" : null,
      "dob" : "1972-06-23",
      "country" : {
        "id" : 78,
        "name" : "France"
      }
    } ]
  },
  "away_team" : {
    "away_team_id" : 217,
    "away_team_name" : "Barcelona",
    "away_team_gender" : "male",
    "away_team_group" : null,
    "country" : {
      "id" : 214,
      "name" : "Spain"
    },
    "managers" : [ {
      "id" : 676,
      "name" : "Ronald Koeman",
      "nickname" : null,
      "dob" : "1963-03-21",
      "country" : {
        "id" : 160,
        "name" : "Netherlands"
      }
    } ]
  },
  "home_score" : 2,
  "away_score" : 1,
  "match_status" : "available",
  "match_status_360" : "available",
  "last_updated" : "2022-12-02T09:04:21.859831",
  "last_updated_360" : "2023-04-28T01:35:16.051381",
  "metadata" : {
    "data_version" : "1.1.0",
    "shot_fidelity_version" : "2",
    "xy_fidelity_version" : "2"
  },
  "match_week" : 30,
  "competition_stage" : {
    "id" : 1,
    "name" : "Regular Season"
  },
  "stadium" : {
    "id" : 5341,
    "name" : "Estadio Alfredo Di Stéfano",
    "country" : {
      "id" : 214,
      "name" : "Spain"
    }
  },
  "referee" : {
    "id" : 183,
    "name" : "Jesús Gil Manzano",
    "country" : {
      "id" : 214,
      "name" : "Spain"
    }
  }
}, {
  "match_id" : 3773660,
  "match_date" : "2020-12-13",
  "kick_off" : "21:00:00.000",
  "competition" : {
    "competition_id" : 11,
    "country_name" : "Spain",
    "competition_name" : "La Liga"
  },
  "season" : {
    "season_id" : 90,
    "season_name" : "2020/2021"
  },
  "home_team" : {
    "home_team_id" : 217,
    "home_team_name" : "Barcelona",
    "home_team_gender" : "male",
    "home_team_group" : null,
    "country" : {
      "id" : 214,
      "name" : "Spain"
    },
    "managers" : [ {
      "id" : 676,
      "name" : "Ronald Koeman",
      "nickname" : null,
      "dob" : "1963-03-21",
      "country" : {
        "id" : 160,
        "name" : "Netherlands"
      }
    } ]
  },
  "away_team" : {
    "away_team_id" : 221,
    "away_team_name" : "Levante UD",
    "away_team_gender" : "male",
    "away_team_group" : null,
    "country" : {
      "id" : 214,
      "name" : "Spain"
    },
    "managers" : [ {
      "id" : 219,
      "name" : "Francisco José López Fernández",
      "nickname" : "Paco López",
      "dob" : "1967-09-19",
      "country" : {
        "id" : 214,
        "name" : "Spain"
      }
    } ]
  },
  "home_score" : 1,
  "away_score" : 0,
  "match_status" : "available",
  "match_status_360" : "available",
  "last_updated" : "2022-12-01T14:49:02.748131",
  "last_updated_360" : "2023-04-28T06:01:10.173360",
  "metadata" : {
    "data_version" : "1.1.0",
    "shot_fidelity_version" : "2",
    "xy_fidelity_version" : "2"
  },
  "match_week" : 13,
  "competition_stage" : {
    "id" : 1,
    "name" : "Regular Season"
  },
  "stadium" : {
    "id" : 342,
    "name" : "Spotify Camp Nou",
    "country" : {
      "id" : 214,
      "name" : "Spain"
    }
  },
  "referee" : {
    "id" : 2602,
    "name" : "Ricardo De Burgos Bengoetxea",
    "country" : {
      "id" : 214,
      "name" : "Spain"
    }
  }
}, {
  "match_id" : 3773593,
  "match_date" : "2020-09-27",
  "kick_off" : "21:00:00.000",
  "competition" : {
    "competition_id" : 11,
    "country_name" : "Spain",
    "competition_name" : "La Liga"
  },
  "season" : {
    "season_id" : 90,
    "season_name" : "2020/2021"
  },
  "home_team" : {
    "home_team_id" : 217,
    "home_team_name" : "Barcelona",
    "home_team_gender" : "male",
    "home_team_group" : null,
    "country" : {
      "id" : 214,
      "name" : "Spain"
    },
    "managers" : [ {
      "id" : 676,
      "name" : "Ronald Koeman",
      "nickname" : null,
      "dob" : "1963-03-21",
      "country" : {
        "id" : 160,
        "name" : "Netherlands"
      }
    } ]
  },
  "away_team" : {
    "away_team_id" : 222,
    "away_team_name" : "Villarreal",
    "away_team_gender" : "male",
    "away_team_group" : null,
    "country" : {
      "id" : 214,
      "name" : "Spain"
    },
    "managers" : [ {
      "id" : 21,
      "name" : "Unai Emery Etxegoien",
      "nickname" : "Unai Emery",
      "dob" : "1971-11-03",
      "country" : {
        "id" : 214,
        "name" : "Spain"
      }
    } ]
  },
  "home_score" : 4,
  "away_score" : 0,
  "match_status" : "available",
  "match_status_360" : "available",
  "last_updated" : "2023-07-25T04:01:57.790373",
  "last_updated_360" : "2023-07-25T04:44:03.367478",
  "metadata" : {
    "data_version" : "1.1.0",
    "shot_fidelity_version" : "2",
    "xy_fidelity_version" : "2"
  },
  "match_week" : 3,
  "competition_stage" : {
    "id" : 1,
    "name" : "Regular Season"
  },
  "stadium" : {
    "id" : 342,
    "name" : "Spotify Camp Nou",
    "country" : {
      "id" : 214,
      "name" : "Spain"
    }
  },
  "referee" : {
    "id" : 2402,
    "name" : "Guillermo Cuadra Fernández",
    "country" : {
      "id" : 214,
      "name" : "Spain"
    }
  }
}, {
  "match_id" : 3773466,
  "match_date" : "2020-10-01",
  "kick_off" : "21:30:00.000",
  "competition" : {
    "competition_id" : 11,
    "country_name" : "Spain",
    "competition_name" : "La Liga"
  },
  "season" : {
    "season_id" : 90,
    "season_name" : "2020/2021"
  },
  "home_team" : {
    "home_team_id" : 209,
    "home_team_name" : "Celta Vigo",
    "home_team_gender" : "male",
    "home_team_group" : null,
    "country" : {
      "id" : 214,
      "name" : "Spain"
    },
    "managers" : [ {
      "id" : 430,
      "name" : "Óscar García Junyent",
      "nickname" : "Óscar García",
      "dob" : "1973-04-26",
      "country" : {
        "id" : 214,
        "name" : "Spain"
      }
    } ]
  },
  "away_team" : {
    "away_team_id" : 217,
    "away_team_name" : "Barcelona",
    "away_team_gender" : "male",
    "away_team_group" : null,
    "country" : {
      "id" : 214,
      "name" : "Spain"
    },
    "managers" : [ {
      "id" : 676,
      "name" : "Ronald Koeman",
      "nickname" : null,
      "dob" : "1963-03-21",
      "country" : {
        "id" : 160,
        "name" : "Netherlands"
      }
    } ]
  },
  "home_score" : 0,
  "away_score" : 3,
  "match_status" : "available",
  "match_status_360" : "available",
  "last_updated" : "2023-07-25T03:55:25.794505",
  "last_updated_360" : "2023-07-25T04:40:53.635540",
  "metadata" : {
    "data_version" : "1.1.0",
    "shot_fidelity_version" : "2",
    "xy_fidelity_version" : "2"
  },
  "match_week" : 4,
  "competition_stage" : {
    "id" : 1,
    "name" : "Regular Season"
  },
  "stadium" : {
    "id" : 653,
    "name" : "Abanca-Balaídos",
    "country" : {
      "id" : 214,
      "name" : "Spain"
    }
  },
  "referee" : {
    "id" : 2728,
    "name" : "Carlos del Cerro Grande",
    "country" : {
      "id" : 214,
      "name" : "Spain"
    }
  }
}, {
  "match_id" : 3773585,
  "match_date" : "2020-10-24",
  "kick_off" : "16:00:00.000",
  "competition" : {
    "competition_id" : 11,
    "country_name" : "Spain",
    "competition_name" : "La Liga"
  },
  "season" : {
    "season_id" : 90,
    "season_name" : "2020/2021"
  },
  "home_team" : {
    "home_team_id" : 217,
    "home_team_name" : "Barcelona",
    "home_team_gender" : "male",
    "home_team_group" : null,
    "country" : {
      "id" : 214,
      "name" : "Spain"
    },
    "managers" : [ {
      "id" : 676,
      "name" : "Ronald Koeman",
      "nickname" : null,
      "dob" : "1963-03-21",
      "country" : {
        "id" : 160,
        "name" : "Netherlands"
      }
    } ]
  },
  "away_team" : {
    "away_team_id" : 220,
    "away_team_name" : "Real Madrid",
    "away_team_gender" : "male",
    "away_team_group" : null,
    "country" : {
      "id" : 214,
      "name" : "Spain"
    },
    "managers" : [ {
      "id" : 56,
      "name" : "Zinédine Zidane",
      "nickname" : null,
      "dob" : "1972-06-23",
      "country" : {
        "id" : 78,
        "name" : "France"
      }
    } ]
  },
  "home_score" : 1,
  "away_score" : 3,
  "match_status" : "available",
  "match_status_360" : "available",
  "last_updated" : "2023-07-25T03:53:35.185506",
  "last_updated_360" : "2023-07-25T04:29:21.140321",
  "metadata" : {
    "data_version" : "1.1.0",
    "shot_fidelity_version" : "2",
    "xy_fidelity_version" : "2"
  },
  "match_week" : 7,
  "competition_stage" : {
    "id" : 1,
    "name" : "Regular Season"
  },
  "stadium" : {
    "id" : 342,
    "name" : "Spotify Camp Nou",
    "country" : {
      "id" : 214,
      "name" : "Spain"
    }
  },
  "referee" : {
    "id" : 2434,
    "name" : "Juan Martínez Munuera",
    "country" : {
      "id" : 214,
      "name" : "Spain"
    }
  }
}, {
  "match_id" : 3773552,
  "match_date" : "2021-01-03",
  "kick_off" : "21:00:00.000",
  "competition" : {
    "competition_id" : 11,
    "country_name" : "Spain",
    "competition_name" : "La Liga"
  },
  "season" : {
    "season_id" : 90,
    "season_name" : "2020/2021"
  },
  "home_team" : {
    "home_team_id" : 902,
    "home_team_name" : "Huesca",
    "home_team_gender" : "male",
    "home_team_group" : null,
    "country" : {
      "id" : 214,
      "name" : "Spain"
    },
    "managers" : [ {
      "id" : 766,
      "name" : "Miguel Ángel Sánchez Muñoz",
      "nickname" : "Míchel",
      "dob" : "1975-10-30",
      "country" : {
        "id" : 214,
        "name" : "Spain"
      }
    } ]
  },
  "away_team" : {
    "away_team_id" : 217,
    "away_team_name" : "Barcelona",
    "away_team_gender" : "male",
    "away_team_group" : null,
    "country" : {
      "id" : 214,
      "name" : "Spain"
    },
    "managers" : [ {
      "id" : 676,
      "name" : "Ronald Koeman",
      "nickname" : null,
      "dob" : "1963-03-21",
      "country" : {
        "id" : 160,
        "name" : "Netherlands"
      }
    } ]
  },
  "home_score" : 0,
  "away_score" : 1,
  "match_status" : "available",
  "match_status_360" : "available",
  "last_updated" : "2021-05-09T12:03:31.185940",
  "last_updated_360" : "2022-08-04T12:00",
  "metadata" : {
    "data_version" : "1.1.0",
    "shot_fidelity_version" : "2",
    "xy_fidelity_version" : "2"
  },
  "match_week" : 17,
  "competition_stage" : {
    "id" : 1,
    "name" : "Regular Season"
  },
  "stadium" : {
    "id" : 624,
    "name" : "Estadio El Alcoraz",
    "country" : {
      "id" : 214,
      "name" : "Spain"
    }
  },
  "referee" : {
    "id" : 2402,
    "name" : "Guillermo Cuadra Fernández",
    "country" : {
      "id" : 214,
      "name" : "Spain"
    }
  }
}, {
  "match_id" : 3773672,
  "match_date" : "2020-10-04",
  "kick_off" : "21:00:00.000",
  "competition" : {
    "competition_id" : 11,
    "country_name" : "Spain",
    "competition_name" : "La Liga"
  },
  "season" : {
    "season_id" : 90,
    "season_name" : "2020/2021"
  },
  "home_team" : {
    "home_team_id" : 217,
    "home_team_name" : "Barcelona",
    "home_team_gender" : "male",
    "home_team_group" : null,
    "country" : {
      "id" : 214,
      "name" : "Spain"
    },
    "managers" : [ {
      "id" : 676,
      "name" : "Ronald Koeman",
      "nickname" : null,
      "dob" : "1963-03-21",
      "country" : {
        "id" : 160,
        "name" : "Netherlands"
      }
    } ]
  },
  "away_team" : {
    "away_team_id" : 213,
    "away_team_name" : "Sevilla",
    "away_team_gender" : "male",
    "away_team_group" : null,
    "country" : {
      "id" : 214,
      "name" : "Spain"
    },
    "managers" : [ {
      "id" : 741,
      "name" : "Julen Lopetegui Argote",
      "nickname" : "Julen Lopetegui",
      "dob" : "1966-08-28",
      "country" : {
        "id" : 214,
        "name" : "Spain"
      }
    } ]
  },
  "home_score" : 1,
  "away_score" : 1,
  "match_status" : "available",
  "match_status_360" : "available",
  "last_updated" : "2023-07-25T03:58:44.264327",
  "last_updated_360" : "2023-07-25T04:37:23.452819",
  "metadata" : {
    "data_version" : "1.1.0",
    "shot_fidelity_version" : "2",
    "xy_fidelity_version" : "2"
  },
  "match_week" : 5,
  "competition_stage" : {
    "id" : 1,
    "name" : "Regular Season"
  },
  "stadium" : {
    "id" : 342,
    "name" : "Spotify Camp Nou",
    "country" : {
      "id" : 214,
      "name" : "Spain"
    }
  },
  "referee" : {
    "id" : 183,
    "name" : "Jesús Gil Manzano",
    "country" : {
      "id" : 214,
      "name" : "Spain"
    }
  }
}, {
  "match_id" : 3773587,
  "match_date" : "2020-10-17",
  "kick_off" : "21:00:00.000",
  "competition" : {
    "competition_id" : 11,
    "country_name" : "Spain",
    "competition_name" : "La Liga"
  },
  "season" : {
    "season_id" : 90,
    "season_name" : "2020/2021"
  },
  "home_team" : {
    "home_team_id" : 216,
    "home_team_name" : "Getafe",
    "home_team_gender" : "male",
    "home_team_group" : null,
    "country" : {
      "id" : 214,
      "name" : "Spain"
    },
    "managers" : [ {
      "id" : 228,
      "name" : "José Bordalás Jiménez",
      "nickname" : "Pepe Bordalás",
      "dob" : "1964-03-05",
      "country" : {
        "id" : 214,
        "name" : "Spain"
      }
    } ]
  },
  "away_team" : {
    "away_team_id" : 217,
    "away_team_name" : "Barcelona",
    "away_team_gender" : "male",
    "away_team_group" : null,
    "country" : {
      "id" : 214,
      "name" : "Spain"
    },
    "managers" : [ {
      "id" : 676,
      "name" : "Ronald Koeman",
      "nickname" : null,
      "dob" : "1963-03-21",
      "country" : {
        "id" : 160,
        "name" : "Netherlands"
      }
    } ]
  },
  "home_score" : 1,
  "away_score" : 0,
  "match_status" : "available",
  "match_status_360" : "available",
  "last_updated" : "2023-07-25T04:01:45.160583",
  "last_updated_360" : "2023-07-25T04:34:28.413719",
  "metadata" : {
    "data_version" : "1.1.0",
    "shot_fidelity_version" : "2",
    "xy_fidelity_version" : "2"
  },
  "match_week" : 6,
  "competition_stage" : {
    "id" : 1,
    "name" : "Regular Season"
  },
  "stadium" : {
    "id" : 354,
    "name" : "Coliseum Alfonso Pérez",
    "country" : {
      "id" : 214,
      "name" : "Spain"
    }
  },
  "referee" : {
    "id" : 2470,
    "name" : "César Soto Grado",
    "country" : {
      "id" : 214,
      "name" : "Spain"
    }
  }
}, {
  "match_id" : 3773656,
  "match_date" : "2020-11-21",
  "kick_off" : "21:00:00.000",
  "competition" : {
    "competition_id" : 11,
    "country_name" : "Spain",
    "competition_name" : "La Liga"
  },
  "season" : {
    "season_id" : 90,
    "season_name" : "2020/2021"
  },
  "home_team" : {
    "home_team_id" : 212,
    "home_team_name" : "Atlético Madrid",
    "home_team_gender" : "male",
    "home_team_group" : null,
    "country" : {
      "id" : 214,
      "name" : "Spain"
    },
    "managers" : [ {
      "id" : 230,
      "name" : "Diego Pablo Simeone",
      "nickname" : "Diego Simeone",
      "dob" : "1970-04-28",
      "country" : {
        "id" : 11,
        "name" : "Argentina"
      }
    } ]
  },
  "away_team" : {
    "away_team_id" : 217,
    "away_team_name" : "Barcelona",
    "away_team_gender" : "male",
    "away_team_group" : null,
    "country" : {
      "id" : 214,
      "name" : "Spain"
    },
    "managers" : [ {
      "id" : 676,
      "name" : "Ronald Koeman",
      "nickname" : null,
      "dob" : "1963-03-21",
      "country" : {
        "id" : 160,
        "name" : "Netherlands"
      }
    } ]
  },
  "home_score" : 1,
  "away_score" : 0,
  "match_status" : "available",
  "match_status_360" : "available",
  "last_updated" : "2020-11-24T06:29:13.401420",
  "last_updated_360" : "2022-08-04T12:00",
  "metadata" : {
    "data_version" : "1.1.0",
    "shot_fidelity_version" : "2",
    "xy_fidelity_version" : "2"
  },
  "match_week" : 10,
  "competition_stage" : {
    "id" : 1,
    "name" : "Regular Season"
  },
  "stadium" : {
    "id" : 4654,
    "name" : "\tEstádio Cívitas Metropolitano",
    "country" : {
      "id" : 214,
      "name" : "Spain"
    }
  }
}, {
  "match_id" : 3773377,
  "match_date" : "2020-12-19",
  "kick_off" : "16:15:00.000",
  "competition" : {
    "competition_id" : 11,
    "country_name" : "Spain",
    "competition_name" : "La Liga"
  },
  "season" : {
    "season_id" : 90,
    "season_name" : "2020/2021"
  },
  "home_team" : {
    "home_team_id" : 217,
    "home_team_name" : "Barcelona",
    "home_team_gender" : "male",
    "home_team_group" : null,
    "country" : {
      "id" : 214,
      "name" : "Spain"
    },
    "managers" : [ {
      "id" : 676,
      "name" : "Ronald Koeman",
      "nickname" : null,
      "dob" : "1963-03-21",
      "country" : {
        "id" : 160,
        "name" : "Netherlands"
      }
    } ]
  },
  "away_team" : {
    "away_team_id" : 207,
    "away_team_name" : "Valencia",
    "away_team_gender" : "male",
    "away_team_group" : null,
    "country" : {
      "id" : 214,
      "name" : "Spain"
    },
    "managers" : [ {
      "id" : 188,
      "name" : "Javier Gracia Carlos",
      "nickname" : "Javi Gracia",
      "dob" : "1970-05-01",
      "country" : {
        "id" : 214,
        "name" : "Spain"
      }
    } ]
  },
  "home_score" : 2,
  "away_score" : 2,
  "match_status" : "available",
  "match_status_360" : "available",
  "last_updated" : "2023-07-25T03:50:34.381454",
  "last_updated_360" : "2023-07-25T03:51:52.970329",
  "metadata" : {
    "data_version" : "1.1.0",
    "shot_fidelity_version" : "2",
    "xy_fidelity_version" : "2"
  },
  "match_week" : 14,
  "competition_stage" : {
    "id" : 1,
    "name" : "Regular Season"
  },
  "stadium" : {
    "id" : 342,
    "name" : "Spotify Camp Nou",
    "country" : {
      "id" : 214,
      "name" : "Spain"
    }
  },
  "referee" : {
    "id" : 2608,
    "name" : "Alejandro José Hernández Hernández",
    "country" : {
      "id" : 214,
      "name" : "Spain"
    }
  }
}, {
  "match_id" : 3773586,
  "match_date" : "2021-04-29",
  "kick_off" : "19:00:00.000",
  "competition" : {
    "competition_id" : 11,
    "country_name" : "Spain",
    "competition_name" : "La Liga"
  },
  "season" : {
    "season_id" : 90,
    "season_name" : "2020/2021"
  },
  "home_team" : {
    "home_team_id" : 217,
    "home_team_name" : "Barcelona",
    "home_team_gender" : "male",
    "home_team_group" : null,
    "country" : {
      "id" : 214,
      "name" : "Spain"
    },
    "managers" : [ {
      "id" : 676,
      "name" : "Ronald Koeman",
      "nickname" : null,
      "dob" : "1963-03-21",
      "country" : {
        "id" : 160,
        "name" : "Netherlands"
      }
    } ]
  },
  "away_team" : {
    "away_team_id" : 1049,
    "away_team_name" : "Granada",
    "away_team_gender" : "male",
    "away_team_group" : null,
    "country" : {
      "id" : 214,
      "name" : "Spain"
    },
    "managers" : [ {
      "id" : 1597,
      "name" : "Diego Martínez Penas",
      "nickname" : null,
      "dob" : "1980-12-16",
      "country" : {
        "id" : 214,
        "name" : "Spain"
      }
    } ]
  },
  "home_score" : 1,
  "away_score" : 2,
  "match_status" : "available",
  "match_status_360" : "available",
  "last_updated" : "2021-07-06T16:43:21.218",
  "last_updated_360" : "2022-08-04T12:00",
  "metadata" : {
    "data_version" : "1.1.0",
    "shot_fidelity_version" : "2",
    "xy_fidelity_version" : "2"
  },
  "match_week" : 33,
  "competition_stage" : {
    "id" : 1,
    "name" : "Regular Season"
  },
  "stadium" : {
    "id" : 342,
    "name" : "Spotify Camp Nou",
    "country" : {
      "id" : 214,
      "name" : "Spain"
    }
  },
  "referee" : {
    "id" : 2493,
    "name" : "Pablo González Fuertes",
    "country" : {
      "id" : 214,
      "name" : "Spain"
    }
  }
}, {
  "match_id" : 3773372,
  "match_date" : "2021-05-08",
  "kick_off" : "16:15:00.000",
  "competition" : {
    "competition_id" : 11,
    "country_name" : "Spain",
    "competition_name" : "La Liga"
  },
  "season" : {
    "season_id" : 90,
    "season_name" : "2020/2021"
  },
  "home_team" : {
    "home_team_id" : 217,
    "home_team_name" : "Barcelona",
    "home_team_gender" : "male",
    "home_team_group" : null,
    "country" : {
      "id" : 214,
      "name" : "Spain"
    },
    "managers" : [ {
      "id" : 676,
      "name" : "Ronald Koeman",
      "nickname" : null,
      "dob" : "1963-03-21",
      "country" : {
        "id" : 160,
        "name" : "Netherlands"
      }
    } ]
  },
  "away_team" : {
    "away_team_id" : 212,
    "away_team_name" : "Atlético Madrid",
    "away_team_gender" : "male",
    "away_team_group" : null,
    "country" : {
      "id" : 214,
      "name" : "Spain"
    },
    "managers" : [ {
      "id" : 230,
      "name" : "Diego Pablo Simeone",
      "nickname" : "Diego Simeone",
      "dob" : "1970-04-28",
      "country" : {
        "id" : 11,
        "name" : "Argentina"
      }
    } ]
  },
  "home_score" : 0,
  "away_score" : 0,
  "match_status" : "available",
  "match_status_360" : "available",
  "last_updated" : "2021-05-10T04:24:10.396826",
  "last_updated_360" : "2022-08-04T12:00",
  "metadata" : {
    "data_version" : "1.1.0",
    "shot_fidelity_version" : "2",
    "xy_fidelity_version" : "2"
  },
  "match_week" : 35,
  "competition_stage" : {
    "id" : 1,
    "name" : "Regular Season"
  },
  "stadium" : {
    "id" : 342,
    "name" : "Spotify Camp Nou",
    "country" : {
      "id" : 214,
      "name" : "Spain"
    }
  },
  "referee" : {
    "id" : 180,
    "name" : "Antonio Miguel Mateu Lahoz",
    "country" : {
      "id" : 214,
      "name" : "Spain"
    }
  }
}, {
  "match_id" : 3773387,
  "match_date" : "2021-05-11",
  "kick_off" : "22:00:00.000",
  "competition" : {
    "competition_id" : 11,
    "country_name" : "Spain",
    "competition_name" : "La Liga"
  },
  "season" : {
    "season_id" : 90,
    "season_name" : "2020/2021"
  },
  "home_team" : {
    "home_team_id" : 221,
    "home_team_name" : "Levante UD",
    "home_team_gender" : "male",
    "home_team_group" : null,
    "country" : {
      "id" : 214,
      "name" : "Spain"
    },
    "managers" : [ {
      "id" : 219,
      "name" : "Francisco José López Fernández",
      "nickname" : "Paco López",
      "dob" : "1967-09-19",
      "country" : {
        "id" : 214,
        "name" : "Spain"
      }
    } ]
  },
  "away_team" : {
    "away_team_id" : 217,
    "away_team_name" : "Barcelona",
    "away_team_gender" : "male",
    "away_team_group" : null,
    "country" : {
      "id" : 214,
      "name" : "Spain"
    },
    "managers" : [ {
      "id" : 676,
      "name" : "Ronald Koeman",
      "nickname" : null,
      "dob" : "1963-03-21",
      "country" : {
        "id" : 160,
        "name" : "Netherlands"
      }
    } ]
  },
  "home_score" : 3,
  "away_score" : 3,
  "match_status" : "available",
  "match_status_360" : "available",
  "last_updated" : "2021-05-13T00:20:44.739341",
  "last_updated_360" : "2022-08-04T12:00",
  "metadata" : {
    "data_version" : "1.1.0",
    "shot_fidelity_version" : "2",
    "xy_fidelity_version" : "2"
  },
  "match_week" : 36,
  "competition_stage" : {
    "id" : 1,
    "name" : "Regular Season"
  },
  "stadium" : {
    "id" : 350,
    "name" : "Estadio Ciudad de Valencia",
    "country" : {
      "id" : 214,
      "name" : "Spain"
    }
  },
  "referee" : {
    "id" : 2609,
    "name" : "José Luis Munuera Montero",
    "country" : {
      "id" : 214,
      "name" : "Spain"
    }
  }
}, {
  "match_id" : 3773695,
  "match_date" : "2021-05-02",
  "kick_off" : "21:00:00.000",
  "competition" : {
    "competition_id" : 11,
    "country_name" : "Spain",
    "competition_name" : "La Liga"
  },
  "season" : {
    "season_id" : 90,
    "season_name" : "2020/2021"
  },
  "home_team" : {
    "home_team_id" : 207,
    "home_team_name" : "Valencia",
    "home_team_gender" : "male",
    "home_team_group" : null,
    "country" : {
      "id" : 214,
      "name" : "Spain"
    },
    "managers" : [ {
      "id" : 188,
      "name" : "Javier Gracia Carlos",
      "nickname" : "Javi Gracia",
      "dob" : "1970-05-01",
      "country" : {
        "id" : 214,
        "name" : "Spain"
      }
    } ]
  },
  "away_team" : {
    "away_team_id" : 217,
    "away_team_name" : "Barcelona",
    "away_team_gender" : "male",
    "away_team_group" : null,
    "country" : {
      "id" : 214,
      "name" : "Spain"
    },
    "managers" : [ {
      "id" : 676,
      "name" : "Ronald Koeman",
      "nickname" : null,
      "dob" : "1963-03-21",
      "country" : {
        "id" : 160,
        "name" : "Netherlands"
      }
    } ]
  },
  "home_score" : 2,
  "away_score" : 3,
  "match_status" : "available",
  "match_status_360" : "available",
  "last_updated" : "2021-05-07T13:24:24.423335",
  "last_updated_360" : "2022-08-04T12:00",
  "metadata" : {
    "data_version" : "1.1.0",
    "shot_fidelity_version" : "2",
    "xy_fidelity_version" : "2"
  },
  "match_week" : 34,
  "competition_stage" : {
    "id" : 1,
    "name" : "Regular Season"
  },
  "stadium" : {
    "id" : 344,
    "name" : "Estadio de Mestalla",
    "country" : {
      "id" : 214,
      "name" : "Spain"
    }
  },
  "referee" : {
    "id" : 2625,
    "name" : "José María Sánchez Martínez",
    "country" : {
      "id" : 214,
      "name" : "Spain"
    }
  }
}, {
  "match_id" : 3773369,
  "match_date" : "2021-03-15",
  "kick_off" : "21:00:00.000",
  "competition" : {
    "competition_id" : 11,
    "country_name" : "Spain",
    "competition_name" : "La Liga"
  },
  "season" : {
    "season_id" : 90,
    "season_name" : "2020/2021"
  },
  "home_team" : {
    "home_team_id" : 217,
    "home_team_name" : "Barcelona",
    "home_team_gender" : "male",
    "home_team_group" : null,
    "country" : {
      "id" : 214,
      "name" : "Spain"
    },
    "managers" : [ {
      "id" : 676,
      "name" : "Ronald Koeman",
      "nickname" : null,
      "dob" : "1963-03-21",
      "country" : {
        "id" : 160,
        "name" : "Netherlands"
      }
    } ]
  },
  "away_team" : {
    "away_team_id" : 902,
    "away_team_name" : "Huesca",
    "away_team_gender" : "male",
    "away_team_group" : null,
    "country" : {
      "id" : 214,
      "name" : "Spain"
    },
    "managers" : [ {
      "id" : 1605,
      "name" : "Juan José Rojo Martín",
      "nickname" : "Pacheta",
      "dob" : "1968-03-23",
      "country" : {
        "id" : 214,
        "name" : "Spain"
      }
    } ]
  },
  "home_score" : 4,
  "away_score" : 1,
  "match_status" : "available",
  "match_status_360" : "available",
  "last_updated" : "2022-12-02T08:56:56.809012",
  "last_updated_360" : "2023-04-28T02:22:22.114288",
  "metadata" : {
    "data_version" : "1.1.0",
    "shot_fidelity_version" : "2",
    "xy_fidelity_version" : "2"
  },
  "match_week" : 27,
  "competition_stage" : {
    "id" : 1,
    "name" : "Regular Season"
  },
  "stadium" : {
    "id" : 342,
    "name" : "Spotify Camp Nou",
    "country" : {
      "id" : 214,
      "name" : "Spain"
    }
  },
  "referee" : {
    "id" : 2559,
    "name" : "Adrián Cordero Vega",
    "country" : {
      "id" : 214,
      "name" : "Spain"
    }
  }
}, {
  "match_id" : 3773661,
  "match_date" : "2021-04-22",
  "kick_off" : "22:00:00.000",
  "competition" : {
    "competition_id" : 11,
    "country_name" : "Spain",
    "competition_name" : "La Liga"
  },
  "season" : {
    "season_id" : 90,
    "season_name" : "2020/2021"
  },
  "home_team" : {
    "home_team_id" : 217,
    "home_team_name" : "Barcelona",
    "home_team_gender" : "male",
    "home_team_group" : null,
    "country" : {
      "id" : 214,
      "name" : "Spain"
    },
    "managers" : [ {
      "id" : 676,
      "name" : "Ronald Koeman",
      "nickname" : null,
      "dob" : "1963-03-21",
      "country" : {
        "id" : 160,
        "name" : "Netherlands"
      }
    } ]
  },
  "away_team" : {
    "away_team_id" : 216,
    "away_team_name" : "Getafe",
    "away_team_gender" : "male",
    "away_team_group" : null,
    "country" : {
      "id" : 214,
      "name" : "Spain"
    },
    "managers" : [ {
      "id" : 228,
      "name" : "José Bordalás Jiménez",
      "nickname" : "Pepe Bordalás",
      "dob" : "1964-03-05",
      "country" : {
        "id" : 214,
        "name" : "Spain"
      }
    } ]
  },
  "home_score" : 5,
  "away_score" : 2,
  "match_status" : "available",
  "match_status_360" : "available",
  "last_updated" : "2021-04-23T20:17:32.331635",
  "last_updated_360" : "2022-08-04T12:00",
  "metadata" : {
    "data_version" : "1.1.0",
    "shot_fidelity_version" : "2",
    "xy_fidelity_version" : "2"
  },
  "match_week" : 31,
  "competition_stage" : {
    "id" : 1,
    "name" : "Regular Season"
  },
  "stadium" : {
    "id" : 342,
    "name" : "Spotify Camp Nou",
    "country" : {
      "id" : 214,
      "name" : "Spain"
    }
  },
  "referee" : {
    "id" : 866,
    "name" : "Jorge Figueroa Vázquez",
    "country" : {
      "id" : 214,
      "name" : "Spain"
    }
  }
}, {
  "match_id" : 3773597,
  "match_date" : "2021-03-21",
  "kick_off" : "21:00:00.000",
  "competition" : {
    "competition_id" : 11,
    "country_name" : "Spain",
    "competition_name" : "La Liga"
  },
  "season" : {
    "season_id" : 90,
    "season_name" : "2020/2021"
  },
  "home_team" : {
    "home_team_id" : 210,
    "home_team_name" : "Real Sociedad",
    "home_team_gender" : "male",
    "home_team_group" : null,
    "country" : {
      "id" : 214,
      "name" : "Spain"
    },
    "managers" : [ {
      "id" : 85,
      "name" : "Imanol Alguacil Barrenetxea",
      "nickname" : "Imanol Alguacil",
      "dob" : "1971-07-04",
      "country" : {
        "id" : 214,
        "name" : "Spain"
      }
    } ]
  },
  "away_team" : {
    "away_team_id" : 217,
    "away_team_name" : "Barcelona",
    "away_team_gender" : "male",
    "away_team_group" : null,
    "country" : {
      "id" : 214,
      "name" : "Spain"
    },
    "managers" : [ {
      "id" : 676,
      "name" : "Ronald Koeman",
      "nickname" : null,
      "dob" : "1963-03-21",
      "country" : {
        "id" : 160,
        "name" : "Netherlands"
      }
    } ]
  },
  "home_score" : 1,
  "away_score" : 6,
  "match_status" : "available",
  "match_status_360" : "available",
  "last_updated" : "2021-03-22T21:28:32.452567",
  "last_updated_360" : "2022-08-04T12:00",
  "metadata" : {
    "data_version" : "1.1.0",
    "shot_fidelity_version" : "2",
    "xy_fidelity_version" : "2"
  },
  "match_week" : 28,
  "competition_stage" : {
    "id" : 1,
    "name" : "Regular Season"
  },
  "stadium" : {
    "id" : 5043,
    "name" : "Reale Arena",
    "country" : {
      "id" : 214,
      "name" : "Spain"
    }
  },
  "referee" : {
    "id" : 2609,
    "name" : "José Luis Munuera Montero",
    "country" : {
      "id" : 214,
      "name" : "Spain"
    }
  }
}, {
  "match_id" : 3773523,
  "match_date" : "2020-12-16",
  "kick_off" : "21:00:00.000",
  "competition" : {
    "competition_id" : 11,
    "country_name" : "Spain",
    "competition_name" : "La Liga"
  },
  "season" : {
    "season_id" : 90,
    "season_name" : "2020/2021"
  },
  "home_team" : {
    "home_team_id" : 217,
    "home_team_name" : "Barcelona",
    "home_team_gender" : "male",
    "home_team_group" : null,
    "country" : {
      "id" : 214,
      "name" : "Spain"
    },
    "managers" : [ {
      "id" : 676,
      "name" : "Ronald Koeman",
      "nickname" : null,
      "dob" : "1963-03-21",
      "country" : {
        "id" : 160,
        "name" : "Netherlands"
      }
    } ]
  },
  "away_team" : {
    "away_team_id" : 210,
    "away_team_name" : "Real Sociedad",
    "away_team_gender" : "male",
    "away_team_group" : null,
    "country" : {
      "id" : 214,
      "name" : "Spain"
    },
    "managers" : [ {
      "id" : 85,
      "name" : "Imanol Alguacil Barrenetxea",
      "nickname" : "Imanol Alguacil",
      "dob" : "1971-07-04",
      "country" : {
        "id" : 214,
        "name" : "Spain"
      }
    } ]
  },
  "home_score" : 2,
  "away_score" : 1,
  "match_status" : "available",
  "match_status_360" : "available",
  "last_updated" : "2023-07-25T03:54:28.731114",
  "last_updated_360" : "2023-07-25T04:40:11.813772",
  "metadata" : {
    "data_version" : "1.1.0",
    "shot_fidelity_version" : "2",
    "xy_fidelity_version" : "2"
  },
  "match_week" : 19,
  "competition_stage" : {
    "id" : 1,
    "name" : "Regular Season"
  },
  "stadium" : {
    "id" : 342,
    "name" : "Spotify Camp Nou",
    "country" : {
      "id" : 214,
      "name" : "Spain"
    }
  },
  "referee" : {
    "id" : 2625,
    "name" : "José María Sánchez Martínez",
    "country" : {
      "id" : 214,
      "name" : "Spain"
    }
  }
}, {
  "match_id" : 3773571,
  "match_date" : "2020-12-22",
  "kick_off" : "22:00:00.000",
  "competition" : {
    "competition_id" : 11,
    "country_name" : "Spain",
    "competition_name" : "La Liga"
  },
  "season" : {
    "season_id" : 90,
    "season_name" : "2020/2021"
  },
  "home_team" : {
    "home_team_id" : 901,
    "home_team_name" : "Real Valladolid",
    "home_team_gender" : "male",
    "home_team_group" : null,
    "country" : {
      "id" : 214,
      "name" : "Spain"
    },
    "managers" : [ {
      "id" : 576,
      "name" : "Sergio González Soriano",
      "nickname" : "Sergio",
      "dob" : "1976-11-10",
      "country" : {
        "id" : 214,
        "name" : "Spain"
      }
    } ]
  },
  "away_team" : {
    "away_team_id" : 217,
    "away_team_name" : "Barcelona",
    "away_team_gender" : "male",
    "away_team_group" : null,
    "country" : {
      "id" : 214,
      "name" : "Spain"
    },
    "managers" : [ {
      "id" : 676,
      "name" : "Ronald Koeman",
      "nickname" : null,
      "dob" : "1963-03-21",
      "country" : {
        "id" : 160,
        "name" : "Netherlands"
      }
    } ]
  },
  "home_score" : 0,
  "away_score" : 3,
  "match_status" : "available",
  "match_status_360" : "available",
  "last_updated" : "2022-12-01T14:54:17.777866",
  "last_updated_360" : "2023-04-28T05:40:41.883197",
  "metadata" : {
    "data_version" : "1.1.0",
    "shot_fidelity_version" : "2",
    "xy_fidelity_version" : "2"
  },
  "match_week" : 15,
  "competition_stage" : {
    "id" : 1,
    "name" : "Regular Season"
  },
  "stadium" : {
    "id" : 622,
    "name" : "Estadio Municipal José Zorrilla",
    "country" : {
      "id" : 214,
      "name" : "Spain"
    }
  },
  "referee" : {
    "id" : 2692,
    "name" : "Mario Melero López",
    "country" : {
      "id" : 214,
      "name" : "Spain"
    }
  }
}, {
  "match_id" : 3773428,
  "match_date" : "2020-12-05",
  "kick_off" : "21:00:00.000",
  "competition" : {
    "competition_id" : 11,
    "country_name" : "Spain",
    "competition_name" : "La Liga"
  },
  "season" : {
    "season_id" : 90,
    "season_name" : "2020/2021"
  },
  "home_team" : {
    "home_team_id" : 552,
    "home_team_name" : "Cádiz",
    "home_team_gender" : "male",
    "home_team_group" : null,
    "country" : {
      "id" : 214,
      "name" : "Spain"
    },
    "managers" : [ {
      "id" : 1598,
      "name" : "Álvaro Cervera Díaz",
      "nickname" : "Álvaro Cervera",
      "dob" : "1965-09-20",
      "country" : {
        "id" : 214,
        "name" : "Spain"
      }
    } ]
  },
  "away_team" : {
    "away_team_id" : 217,
    "away_team_name" : "Barcelona",
    "away_team_gender" : "male",
    "away_team_group" : null,
    "country" : {
      "id" : 214,
      "name" : "Spain"
    },
    "managers" : [ {
      "id" : 676,
      "name" : "Ronald Koeman",
      "nickname" : null,
      "dob" : "1963-03-21",
      "country" : {
        "id" : 160,
        "name" : "Netherlands"
      }
    } ]
  },
  "home_score" : 2,
  "away_score" : 1,
  "match_status" : "available",
  "match_status_360" : "available",
  "last_updated" : "2023-07-25T03:50:55.226757",
  "last_updated_360" : "2023-07-25T04:44:09.299901",
  "metadata" : {
    "data_version" : "1.1.0",
    "shot_fidelity_version" : "2",
    "xy_fidelity_version" : "2"
  },
  "match_week" : 12,
  "competition_stage" : {
    "id" : 1,
    "name" : "Regular Season"
  },
  "stadium" : {
    "id" : 4662,
    "name" : "Estadio Nuevo Mirandilla",
    "country" : {
      "id" : 214,
      "name" : "Spain"
    }
  },
  "referee" : {
    "id" : 2470,
    "name" : "César Soto Grado",
    "country" : {
      "id" : 214,
      "name" : "Spain"
    }
  }
}, {
  "match_id" : 3764661,
  "match_date" : "2021-01-06",
  "kick_off" : "21:00:00.000",
  "competition" : {
    "competition_id" : 11,
    "country_name" : "Spain",
    "competition_name" : "La Liga"
  },
  "season" : {
    "season_id" : 90,
    "season_name" : "2020/2021"
  },
  "home_team" : {
    "home_team_id" : 215,
    "home_team_name" : "Athletic Club",
    "home_team_gender" : "male",
    "home_team_group" : null,
    "country" : {
      "id" : 214,
      "name" : "Spain"
    },
    "managers" : [ {
      "id" : 211,
      "name" : "Marcelino García Toral",
      "nickname" : "Marcelino",
      "dob" : "1965-08-14",
      "country" : {
        "id" : 214,
        "name" : "Spain"
      }
    } ]
  },
  "away_team" : {
    "away_team_id" : 217,
    "away_team_name" : "Barcelona",
    "away_team_gender" : "male",
    "away_team_group" : null,
    "country" : {
      "id" : 214,
      "name" : "Spain"
    },
    "managers" : [ {
      "id" : 676,
      "name" : "Ronald Koeman",
      "nickname" : null,
      "dob" : "1963-03-21",
      "country" : {
        "id" : 160,
        "name" : "Netherlands"
      }
    } ]
  },
  "home_score" : 2,
  "away_score" : 3,
  "match_status" : "available",
  "match_status_360" : "available",
  "last_updated" : "2021-05-07T04:07:28.081860",
  "last_updated_360" : "2022-08-04T12:00",
  "metadata" : {
    "data_version" : "1.1.0",
    "shot_fidelity_version" : "2",
    "xy_fidelity_version" : "2"
  },
  "match_week" : 2,
  "competition_stage" : {
    "id" : 1,
    "name" : "Regular Season"
  },
  "stadium" : {
    "id" : 345,
    "name" : "San Mamés Barria",
    "country" : {
      "id" : 214,
      "name" : "Spain"
    }
  },
  "referee" : {
    "id" : 2728,
    "name" : "Carlos del Cerro Grande",
    "country" : {
      "id" : 214,
      "name" : "Spain"
    }
  }
}, {
  "match_id" : 3773526,
  "match_date" : "2021-02-13",
  "kick_off" : "21:00:00.000",
  "competition" : {
    "competition_id" : 11,
    "country_name" : "Spain",
    "competition_name" : "La Liga"
  },
  "season" : {
    "season_id" : 90,
    "season_name" : "2020/2021"
  },
  "home_team" : {
    "home_team_id" : 217,
    "home_team_name" : "Barcelona",
    "home_team_gender" : "male",
    "home_team_group" : null,
    "country" : {
      "id" : 214,
      "name" : "Spain"
    },
    "managers" : [ {
      "id" : 676,
      "name" : "Ronald Koeman",
      "nickname" : null,
      "dob" : "1963-03-21",
      "country" : {
        "id" : 160,
        "name" : "Netherlands"
      }
    } ]
  },
  "away_team" : {
    "away_team_id" : 206,
    "away_team_name" : "Deportivo Alavés",
    "away_team_gender" : "male",
    "away_team_group" : null,
    "country" : {
      "id" : 214,
      "name" : "Spain"
    },
    "managers" : [ {
      "id" : 187,
      "name" : "Abelardo Fernández Antuña",
      "nickname" : "Abelardo",
      "dob" : "1970-04-19",
      "country" : {
        "id" : 214,
        "name" : "Spain"
      }
    } ]
  },
  "home_score" : 5,
  "away_score" : 1,
  "match_status" : "available",
  "match_status_360" : "available",
  "last_updated" : "2023-07-25T03:50:51.336686",
  "last_updated_360" : "2023-07-25T04:23:57.898904",
  "metadata" : {
    "data_version" : "1.1.0",
    "shot_fidelity_version" : "2",
    "xy_fidelity_version" : "2"
  },
  "match_week" : 23,
  "competition_stage" : {
    "id" : 1,
    "name" : "Regular Season"
  },
  "stadium" : {
    "id" : 342,
    "name" : "Spotify Camp Nou",
    "country" : {
      "id" : 214,
      "name" : "Spain"
    }
  },
  "referee" : {
    "id" : 866,
    "name" : "Jorge Figueroa Vázquez",
    "country" : {
      "id" : 214,
      "name" : "Spain"
    }
  }
}, {
  "match_id" : 3773474,
  "match_date" : "2021-04-05",
  "kick_off" : "21:00:00.000",
  "competition" : {
    "competition_id" : 11,
    "country_name" : "Spain",
    "competition_name" : "La Liga"
  },
  "season" : {
    "season_id" : 90,
    "season_name" : "2020/2021"
  },
  "home_team" : {
    "home_team_id" : 217,
    "home_team_name" : "Barcelona",
    "home_team_gender" : "male",
    "home_team_group" : null,
    "country" : {
      "id" : 214,
      "name" : "Spain"
    },
    "managers" : [ {
      "id" : 676,
      "name" : "Ronald Koeman",
      "nickname" : null,
      "dob" : "1963-03-21",
      "country" : {
        "id" : 160,
        "name" : "Netherlands"
      }
    } ]
  },
  "away_team" : {
    "away_team_id" : 901,
    "away_team_name" : "Real Valladolid",
    "away_team_gender" : "male",
    "away_team_group" : null,
    "country" : {
      "id" : 214,
      "name" : "Spain"
    },
    "managers" : [ {
      "id" : 576,
      "name" : "Sergio González Soriano",
      "nickname" : "Sergio",
      "dob" : "1976-11-10",
      "country" : {
        "id" : 214,
        "name" : "Spain"
      }
    } ]
  },
  "home_score" : 1,
  "away_score" : 0,
  "match_status" : "available",
  "match_status_360" : "available",
  "last_updated" : "2021-04-12T07:10:50.227712",
  "last_updated_360" : "2022-08-04T12:00",
  "metadata" : {
    "data_version" : "1.1.0",
    "shot_fidelity_version" : "2",
    "xy_fidelity_version" : "2"
  },
  "match_week" : 29,
  "competition_stage" : {
    "id" : 1,
    "name" : "Regular Season"
  },
  "stadium" : {
    "id" : 342,
    "name" : "Spotify Camp Nou",
    "country" : {
      "id" : 214,
      "name" : "Spain"
    }
  },
  "referee" : {
    "id" : 2575,
    "name" : "Santiago Jaime Latre",
    "country" : {
      "id" : 214,
      "name" : "Spain"
    }
  }
}, {
  "match_id" : 3773625,
  "match_date" : "2021-02-27",
  "kick_off" : "16:15:00.000",
  "competition" : {
    "competition_id" : 11,
    "country_name" : "Spain",
    "competition_name" : "La Liga"
  },
  "season" : {
    "season_id" : 90,
    "season_name" : "2020/2021"
  },
  "home_team" : {
    "home_team_id" : 213,
    "home_team_name" : "Sevilla",
    "home_team_gender" : "male",
    "home_team_group" : null,
    "country" : {
      "id" : 214,
      "name" : "Spain"
    },
    "managers" : [ {
      "id" : 741,
      "name" : "Julen Lopetegui Argote",
      "nickname" : "Julen Lopetegui",
      "dob" : "1966-08-28",
      "country" : {
        "id" : 214,
        "name" : "Spain"
      }
    } ]
  },
  "away_team" : {
    "away_team_id" : 217,
    "away_team_name" : "Barcelona",
    "away_team_gender" : "male",
    "away_team_group" : null,
    "country" : {
      "id" : 214,
      "name" : "Spain"
    },
    "managers" : [ {
      "id" : 676,
      "name" : "Ronald Koeman",
      "nickname" : null,
      "dob" : "1963-03-21",
      "country" : {
        "id" : 160,
        "name" : "Netherlands"
      }
    } ]
  },
  "home_score" : 0,
  "away_score" : 2,
  "match_status" : "available",
  "match_status_360" : "available",
  "last_updated" : "2021-11-28T09:47:02.505122",
  "last_updated_360" : "2022-08-04T12:00",
  "metadata" : {
    "data_version" : "1.1.0",
    "shot_fidelity_version" : "2",
    "xy_fidelity_version" : "2"
  },
  "match_week" : 25,
  "competition_stage" : {
    "id" : 1,
    "name" : "Regular Season"
  },
  "stadium" : {
    "id" : 349,
    "name" : "Estadio Ramón Sánchez Pizjuán",
    "country" : {
      "id" : 214,
      "name" : "Spain"
    }
  },
  "referee" : {
    "id" : 2608,
    "name" : "Alejandro José Hernández Hernández",
    "country" : {
      "id" : 214,
      "name" : "Spain"
    }
  }
}, {
  "match_id" : 3773403,
  "match_date" : "2021-01-31",
  "kick_off" : "21:00:00.000",
  "competition" : {
    "competition_id" : 11,
    "country_name" : "Spain",
    "competition_name" : "La Liga"
  },
  "season" : {
    "season_id" : 90,
    "season_name" : "2020/2021"
  },
  "home_team" : {
    "home_team_id" : 217,
    "home_team_name" : "Barcelona",
    "home_team_gender" : "male",
    "home_team_group" : null,
    "country" : {
      "id" : 214,
      "name" : "Spain"
    },
    "managers" : [ {
      "id" : 676,
      "name" : "Ronald Koeman",
      "nickname" : null,
      "dob" : "1963-03-21",
      "country" : {
        "id" : 160,
        "name" : "Netherlands"
      }
    } ]
  },
  "away_team" : {
    "away_team_id" : 215,
    "away_team_name" : "Athletic Club",
    "away_team_gender" : "male",
    "away_team_group" : null,
    "country" : {
      "id" : 214,
      "name" : "Spain"
    },
    "managers" : [ {
      "id" : 211,
      "name" : "Marcelino García Toral",
      "nickname" : "Marcelino",
      "dob" : "1965-08-14",
      "country" : {
        "id" : 214,
        "name" : "Spain"
      }
    } ]
  },
  "home_score" : 2,
  "away_score" : 1,
  "match_status" : "available",
  "match_status_360" : "available",
  "last_updated" : "2022-12-02T08:36:08.592852",
  "last_updated_360" : "2023-04-28T08:16:45.884638",
  "metadata" : {
    "data_version" : "1.1.0",
    "shot_fidelity_version" : "2",
    "xy_fidelity_version" : "2"
  },
  "match_week" : 21,
  "competition_stage" : {
    "id" : 1,
    "name" : "Regular Season"
  },
  "stadium" : {
    "id" : 342,
    "name" : "Spotify Camp Nou",
    "country" : {
      "id" : 214,
      "name" : "Spain"
    }
  },
  "referee" : {
    "id" : 180,
    "name" : "Antonio Miguel Mateu Lahoz",
    "country" : {
      "id" : 214,
      "name" : "Spain"
    }
  }
}, {
  "match_id" : 3773547,
  "match_date" : "2020-11-29",
  "kick_off" : "14:00:00.000",
  "competition" : {
    "competition_id" : 11,
    "country_name" : "Spain",
    "competition_name" : "La Liga"
  },
  "season" : {
    "season_id" : 90,
    "season_name" : "2020/2021"
  },
  "home_team" : {
    "home_team_id" : 217,
    "home_team_name" : "Barcelona",
    "home_team_gender" : "male",
    "home_team_group" : null,
    "country" : {
      "id" : 214,
      "name" : "Spain"
    },
    "managers" : [ {
      "id" : 676,
      "name" : "Ronald Koeman",
      "nickname" : null,
      "dob" : "1963-03-21",
      "country" : {
        "id" : 160,
        "name" : "Netherlands"
      }
    } ]
  },
  "away_team" : {
    "away_team_id" : 422,
    "away_team_name" : "Osasuna",
    "away_team_gender" : "male",
    "away_team_group" : null,
    "country" : {
      "id" : 214,
      "name" : "Spain"
    },
    "managers" : [ {
      "id" : 1592,
      "name" : "Jagoba Arrasate Elustondo",
      "nickname" : "Jagoba Arrasate",
      "dob" : "1978-04-22",
      "country" : {
        "id" : 214,
        "name" : "Spain"
      }
    } ]
  },
  "home_score" : 4,
  "away_score" : 0,
  "match_status" : "available",
  "match_status_360" : "available",
  "last_updated" : "2020-11-30T09:14:36.663981",
  "last_updated_360" : "2022-08-04T12:00",
  "metadata" : {
    "data_version" : "1.1.0",
    "shot_fidelity_version" : "2",
    "xy_fidelity_version" : "2"
  },
  "match_week" : 11,
  "competition_stage" : {
    "id" : 1,
    "name" : "Regular Season"
  },
  "stadium" : {
    "id" : 342,
    "name" : "Spotify Camp Nou",
    "country" : {
      "id" : 214,
      "name" : "Spain"
    }
  },
  "referee" : {
    "id" : 180,
    "name" : "Antonio Miguel Mateu Lahoz",
    "country" : {
      "id" : 214,
      "name" : "Spain"
    }
  }
}, {
  "match_id" : 3773415,
  "match_date" : "2021-02-21",
  "kick_off" : "14:00:00.000",
  "competition" : {
    "competition_id" : 11,
    "country_name" : "Spain",
    "competition_name" : "La Liga"
  },
  "season" : {
    "season_id" : 90,
    "season_name" : "2020/2021"
  },
  "home_team" : {
    "home_team_id" : 217,
    "home_team_name" : "Barcelona",
    "home_team_gender" : "male",
    "home_team_group" : null,
    "country" : {
      "id" : 214,
      "name" : "Spain"
    },
    "managers" : [ {
      "id" : 676,
      "name" : "Ronald Koeman",
      "nickname" : null,
      "dob" : "1963-03-21",
      "country" : {
        "id" : 160,
        "name" : "Netherlands"
      }
    } ]
  },
  "away_team" : {
    "away_team_id" : 552,
    "away_team_name" : "Cádiz",
    "away_team_gender" : "male",
    "away_team_group" : null,
    "country" : {
      "id" : 214,
      "name" : "Spain"
    },
    "managers" : [ {
      "id" : 1598,
      "name" : "Álvaro Cervera Díaz",
      "nickname" : "Álvaro Cervera",
      "dob" : "1965-09-20",
      "country" : {
        "id" : 214,
        "name" : "Spain"
      }
    } ]
  },
  "home_score" : 1,
  "away_score" : 1,
  "match_status" : "available",
  "match_status_360" : "available",
  "last_updated" : "2023-07-25T03:10:18.051218",
  "last_updated_360" : "2023-07-25T03:17:10.679932",
  "metadata" : {
    "data_version" : "1.1.0",
    "shot_fidelity_version" : "2",
    "xy_fidelity_version" : "2"
  },
  "match_week" : 24,
  "competition_stage" : {
    "id" : 1,
    "name" : "Regular Season"
  },
  "stadium" : {
    "id" : 342,
    "name" : "Spotify Camp Nou",
    "country" : {
      "id" : 214,
      "name" : "Spain"
    }
  },
  "referee" : {
    "id" : 2434,
    "name" : "Juan Martínez Munuera",
    "country" : {
      "id" : 214,
      "name" : "Spain"
    }
  }
}, {
  "match_id" : 3764440,
  "match_date" : "2021-02-24",
  "kick_off" : "19:00:00.000",
  "competition" : {
    "competition_id" : 11,
    "country_name" : "Spain",
    "competition_name" : "La Liga"
  },
  "season" : {
    "season_id" : 90,
    "season_name" : "2020/2021"
  },
  "home_team" : {
    "home_team_id" : 217,
    "home_team_name" : "Barcelona",
    "home_team_gender" : "male",
    "home_team_group" : null,
    "country" : {
      "id" : 214,
      "name" : "Spain"
    },
    "managers" : [ {
      "id" : 676,
      "name" : "Ronald Koeman",
      "nickname" : null,
      "dob" : "1963-03-21",
      "country" : {
        "id" : 160,
        "name" : "Netherlands"
      }
    } ]
  },
  "away_team" : {
    "away_team_id" : 1042,
    "away_team_name" : "Elche",
    "away_team_gender" : "male",
    "away_team_group" : null,
    "country" : {
      "id" : 214,
      "name" : "Spain"
    },
    "managers" : [ {
      "id" : 509,
      "name" : "Francisco Escriba Segura",
      "nickname" : "Fran Escribá",
      "dob" : "1965-05-03",
      "country" : {
        "id" : 214,
        "name" : "Spain"
      }
    } ]
  },
  "home_score" : 3,
  "away_score" : 0,
  "match_status" : "available",
  "match_status_360" : "available",
  "last_updated" : "2023-07-25T03:06:46.373172",
  "last_updated_360" : "2023-07-25T03:12:39.582957",
  "metadata" : {
    "data_version" : "1.1.0",
    "shot_fidelity_version" : "2",
    "xy_fidelity_version" : "2"
  },
  "match_week" : 1,
  "competition_stage" : {
    "id" : 1,
    "name" : "Regular Season"
  },
  "stadium" : {
    "id" : 342,
    "name" : "Spotify Camp Nou",
    "country" : {
      "id" : 214,
      "name" : "Spain"
    }
  },
  "referee" : {
    "id" : 2634,
    "name" : "Isidro Díaz de Mera Escuderos",
    "country" : {
      "id" : 214,
      "name" : "Spain"
    }
  }
}, {
  "match_id" : 3773689,
  "match_date" : "2021-04-25",
  "kick_off" : "16:15:00.000",
  "competition" : {
    "competition_id" : 11,
    "country_name" : "Spain",
    "competition_name" : "La Liga"
  },
  "season" : {
    "season_id" : 90,
    "season_name" : "2020/2021"
  },
  "home_team" : {
    "home_team_id" : 222,
    "home_team_name" : "Villarreal",
    "home_team_gender" : "male",
    "home_team_group" : null,
    "country" : {
      "id" : 214,
      "name" : "Spain"
    },
    "managers" : [ {
      "id" : 21,
      "name" : "Unai Emery Etxegoien",
      "nickname" : "Unai Emery",
      "dob" : "1971-11-03",
      "country" : {
        "id" : 214,
        "name" : "Spain"
      }
    } ]
  },
  "away_team" : {
    "away_team_id" : 217,
    "away_team_name" : "Barcelona",
    "away_team_gender" : "male",
    "away_team_group" : null,
    "country" : {
      "id" : 214,
      "name" : "Spain"
    },
    "managers" : [ {
      "id" : 676,
      "name" : "Ronald Koeman",
      "nickname" : null,
      "dob" : "1963-03-21",
      "country" : {
        "id" : 160,
        "name" : "Netherlands"
      }
    } ]
  },
  "home_score" : 1,
  "away_score" : 2,
  "match_status" : "available",
  "match_status_360" : "available",
  "last_updated" : "2022-12-02T09:12:52.250855",
  "last_updated_360" : "2023-04-28T00:44:33.357677",
  "metadata" : {
    "data_version" : "1.1.0",
    "shot_fidelity_version" : "2",
    "xy_fidelity_version" : "2"
  },
  "match_week" : 32,
  "competition_stage" : {
    "id" : 1,
    "name" : "Regular Season"
  },
  "stadium" : {
    "id" : 361,
    "name" : "Estadio de la Cerámica",
    "country" : {
      "id" : 214,
      "name" : "Spain"
    }
  },
  "referee" : {
    "id" : 2728,
    "name" : "Carlos del Cerro Grande",
    "country" : {
      "id" : 214,
      "name" : "Spain"
    }
  }
}, {
  "match_id" : 3773477,
  "match_date" : "2020-11-07",
  "kick_off" : "16:15:00.000",
  "competition" : {
    "competition_id" : 11,
    "country_name" : "Spain",
    "competition_name" : "La Liga"
  },
  "season" : {
    "season_id" : 90,
    "season_name" : "2020/2021"
  },
  "home_team" : {
    "home_team_id" : 217,
    "home_team_name" : "Barcelona",
    "home_team_gender" : "male",
    "home_team_group" : null,
    "country" : {
      "id" : 214,
      "name" : "Spain"
    },
    "managers" : [ {
      "id" : 676,
      "name" : "Ronald Koeman",
      "nickname" : null,
      "dob" : "1963-03-21",
      "country" : {
        "id" : 160,
        "name" : "Netherlands"
      }
    } ]
  },
  "away_team" : {
    "away_team_id" : 218,
    "away_team_name" : "Real Betis",
    "away_team_gender" : "male",
    "away_team_group" : null,
    "country" : {
      "id" : 214,
      "name" : "Spain"
    },
    "managers" : [ {
      "id" : 733,
      "name" : "Manuel Luis Pellegrini Ripamonti",
      "nickname" : "Manuel Pellegrini",
      "dob" : "1953-09-16",
      "country" : {
        "id" : 45,
        "name" : "Chile"
      }
    } ]
  },
  "home_score" : 5,
  "away_score" : 2,
  "match_status" : "available",
  "match_status_360" : "available",
  "last_updated" : "2023-07-25T03:59:53.393191",
  "last_updated_360" : "2023-07-25T04:21:10.335828",
  "metadata" : {
    "data_version" : "1.1.0",
    "shot_fidelity_version" : "2",
    "xy_fidelity_version" : "2"
  },
  "match_week" : 9,
  "competition_stage" : {
    "id" : 1,
    "name" : "Regular Season"
  },
  "stadium" : {
    "id" : 342,
    "name" : "Spotify Camp Nou",
    "country" : {
      "id" : 214,
      "name" : "Spain"
    }
  }
} ]