[ {
  "match_id" : 18244,
  "match_date" : "2017-06-03",
  "kick_off" : "20:45:00.000",
  "competition" : {
    "competition_id" : 16,
    "country_name" : "Europe",
    "competition_name" : "Champions League"
  },
  "season" : {
    "season_id" : 2,
    "season_name" : "2016/2017"
  },
  "home_team" : {
    "home_team_id" : 224,
    "home_team_name" : "Juventus",
    "home_team_gender" : "male",
    "home_team_group" : null,
    "country" : {
      "id" : 112,
      "name" : "Italy"
    },
    "managers" : [ {
      "id" : 181,
      "name" : "Massimiliano Allegri",
      "nickname" : null,
      "dob" : "1967-08-11",
      "country" : {
        "id" : 112,
        "name" : "Italy"
      }
    } ]
  },
  "away_team" : {
    "away_team_id" : 220,
    "away_team_name" : "Real Madrid",
    "away_team_gender" : "male",
    "away_team_group" : null,
    "country" : {
      "id" : 214,
      "name" : "Spain"
    },
    "managers" : [ {
      "id" : 56,
      "name" : "Zinédine Zidane",
      "nickname" : null,
      "dob" : "1972-06-23",
      "country" : {
        "id" : 78,
        "name" : "France"
      }
    } ]
  },
  "home_score" : 1,
  "away_score" : 4,
  "match_status" : "available",
  "match_status_360" : "scheduled",
  "last_updated" : "2020-07-29T05:00",
  "last_updated_360" : "2021-06-13T16:17:31.694",
  "metadata" : {
    "data_version" : "1.0.3"
  },
  "match_week" : 7,
  "competition_stage" : {
    "id" : 26,
    "name" : "Final"
  },
  "stadium" : {
    "id" : 113891,
    "name" : "Principality Stadium",
    "country" : {
      "id" : 249,
      "name" : "Wales"
    }
  },
  "referee" : {
    "id" : 186,
    "name" : "Felix Brych",
    "country" : {
      "id" : 85,
      "name" : "Germany"
    }
  }
} ]