[ {
  "match_id" : 18235,
  "match_date" : "2010-05-22",
  "kick_off" : "20:45:00.000",
  "competition" : {
    "competition_id" : 16,
    "country_name" : "Europe",
    "competition_name" : "Champions League"
  },
  "season" : {
    "season_id" : 21,
    "season_name" : "2009/2010"
  },
  "home_team" : {
    "home_team_id" : 169,
    "home_team_name" : "Bayern Munich",
    "home_team_gender" : "male",
    "home_team_group" : null,
    "country" : {
      "id" : 85,
      "name" : "Germany"
    },
    "managers" : [ {
      "id" : 788,
      "name" : "Louis van Gaal",
      "nickname" : null,
      "dob" : "1951-08-08",
      "country" : {
        "id" : 160,
        "name" : "Netherlands"
      }
    } ]
  },
  "away_team" : {
    "away_team_id" : 238,
    "away_team_name" : "Inter Milan",
    "away_team_gender" : "male",
    "away_team_group" : null,
    "country" : {
      "id" : 112,
      "name" : "Italy"
    },
    "managers" : [ {
      "id" : 383,
      "name" : "José Mario Felix dos Santos Mourinho",
      "nickname" : "José Mourinho",
      "dob" : "1963-01-26",
      "country" : {
        "id" : 183,
        "name" : "Portugal"
      }
    } ]
  },
  "home_score" : 0,
  "away_score" : 2,
  "match_status" : "available",
  "match_status_360" : "scheduled",
  "last_updated" : "2022-11-15T17:26:10.871011",
  "last_updated_360" : "2021-06-13T16:17:31.694",
  "metadata" : {
    "data_version" : "1.0.3"
  },
  "match_week" : 1,
  "competition_stage" : {
    "id" : 26,
    "name" : "Final"
  },
  "stadium" : {
    "id" : 353,
    "name" : "Estadio Santiago Bernabéu",
    "country" : {
      "id" : 214,
      "name" : "Spain"
    }
  },
  "referee" : {
    "id" : 708,
    "name" : "Howard Webb",
    "country" : {
      "id" : 68,
      "name" : "England"
    }
  }
} ]