[ {
  "match_id" : 18237,
  "match_date" : "2012-05-19",
  "kick_off" : "20:45:00.000",
  "competition" : {
    "competition_id" : 16,
    "country_name" : "Europe",
    "competition_name" : "Champions League"
  },
  "season" : {
    "season_id" : 23,
    "season_name" : "2011/2012"
  },
  "home_team" : {
    "home_team_id" : 169,
    "home_team_name" : "Bayern Munich",
    "home_team_gender" : "male",
    "home_team_group" : null,
    "country" : {
      "id" : 85,
      "name" : "Germany"
    },
    "managers" : [ {
      "id" : 444,
      "name" : "Josef Heynckes",
      "nickname" : null,
      "dob" : "1945-05-09",
      "country" : {
        "id" : 85,
        "name" : "Germany"
      }
    } ]
  },
  "away_team" : {
    "away_team_id" : 33,
    "away_team_name" : "Chelsea",
    "away_team_gender" : "male",
    "away_team_group" : null,
    "country" : {
      "id" : 68,
      "name" : "England"
    },
    "managers" : [ {
      "id" : 789,
      "name" : "Roberto Di Matteo",
      "nickname" : null,
      "dob" : "1970-05-29",
      "country" : {
        "id" : 112,
        "name" : "Italy"
      }
    } ]
  },
  "home_score" : 1,
  "away_score" : 1,
  "match_status" : "available",
  "match_status_360" : "scheduled",
  "last_updated" : "2020-07-29T05:00",
  "last_updated_360" : "2021-06-13T16:17:31.694",
  "metadata" : {
    "data_version" : "1.0.3"
  },
  "match_week" : 1,
  "competition_stage" : {
    "id" : 26,
    "name" : "Final"
  },
  "stadium" : {
    "id" : 4867,
    "name" : "Allianz Arena",
    "country" : {
      "id" : 85,
      "name" : "Germany"
    }
  },
  "referee" : {
    "id" : 717,
    "name" : "Pedro Proença",
    "country" : {
      "id" : 183,
      "name" : "Portugal"
    }
  }
} ]