[ {
  "match_id" : 18240,
  "match_date" : "2013-05-25",
  "kick_off" : "20:45:00.000",
  "competition" : {
    "competition_id" : 16,
    "country_name" : "Europe",
    "competition_name" : "Champions League"
  },
  "season" : {
    "season_id" : 24,
    "season_name" : "2012/2013"
  },
  "home_team" : {
    "home_team_id" : 180,
    "home_team_name" : "Borussia Dortmund",
    "home_team_gender" : "male",
    "home_team_group" : null,
    "country" : {
      "id" : 85,
      "name" : "Germany"
    },
    "managers" : [ {
      "id" : 94,
      "name" : "Jürgen Klopp",
      "nickname" : null,
      "dob" : "1967-06-16",
      "country" : {
        "id" : 85,
        "name" : "Germany"
      }
    } ]
  },
  "away_team" : {
    "away_team_id" : 169,
    "away_team_name" : "Bayern Munich",
    "away_team_gender" : "male",
    "away_team_group" : null,
    "country" : {
      "id" : 85,
      "name" : "Germany"
    },
    "managers" : [ {
      "id" : 444,
      "name" : "Josef Heynckes",
      "nickname" : null,
      "dob" : "1945-05-09",
      "country" : {
        "id" : 85,
        "name" : "Germany"
      }
    } ]
  },
  "home_score" : 1,
  "away_score" : 2,
  "match_status" : "available",
  "match_status_360" : "scheduled",
  "last_updated" : "2021-07-10T13:41:45.751",
  "last_updated_360" : "2021-06-13T16:17:31.694",
  "metadata" : {
    "data_version" : "1.0.3"
  },
  "match_week" : 1,
  "competition_stage" : {
    "id" : 26,
    "name" : "Final"
  },
  "stadium" : {
    "id" : 4666,
    "name" : "Wembley Stadium",
    "country" : {
      "id" : 68,
      "name" : "England"
    }
  },
  "referee" : {
    "id" : 419,
    "name" : "Nicola Rizzoli",
    "country" : {
      "id" : 112,
      "name" : "Italy"
    }
  }
} ]