[ {
  "match_id" : 3888711,
  "match_date" : "1971-06-02",
  "kick_off" : "22:45:00.000",
  "competition" : {
    "competition_id" : 16,
    "country_name" : "Europe",
    "competition_name" : "Champions League"
  },
  "season" : {
    "season_id" : 276,
    "season_name" : "1970/1971"
  },
  "home_team" : {
    "home_team_id" : 806,
    "home_team_name" : "Ajax",
    "home_team_gender" : "male",
    "home_team_group" : null,
    "country" : {
      "id" : 160,
      "name" : "Netherlands"
    },
    "managers" : [ {
      "id" : 1003270,
      "name" : "Rinus Michels",
      "nickname" : null,
      "dob" : "1928-02-09",
      "country" : {
        "id" : 160,
        "name" : "Netherlands"
      }
    } ]
  },
  "away_team" : {
    "away_team_id" : 952,
    "away_team_name" : "Panathinaikos",
    "away_team_gender" : "male",
    "away_team_group" : null,
    "country" : {
      "id" : 88,
      "name" : "Greece"
    },
    "managers" : [ {
      "id" : 1003271,
      "name" : "Ferenc Puskás",
      "nickname" : null,
      "dob" : "1927-04-01",
      "country" : {
        "id" : 103,
        "name" : "Hungary"
      }
    } ]
  },
  "home_score" : 2,
  "away_score" : 0,
  "match_status" : "available",
  "match_status_360" : "unscheduled",
  "last_updated" : "2023-07-06T12:50:01.961048",
  "last_updated_360" : null,
  "metadata" : {
    "data_version" : "1.1.0",
    "shot_fidelity_version" : "2",
    "xy_fidelity_version" : "2"
  },
  "match_week" : 1,
  "competition_stage" : {
    "id" : 26,
    "name" : "Final"
  },
  "stadium" : {
    "id" : 4666,
    "name" : "Wembley Stadium",
    "country" : {
      "id" : 68,
      "name" : "England"
    }
  },
  "referee" : {
    "id" : 1009028,
    "name" : "Jack Taylor",
    "country" : {
      "id" : 68,
      "name" : "England"
    }
  }
} ]