[ {
  "match_id" : 3888706,
  "match_date" : "1973-05-30",
  "kick_off" : "22:30:00.000",
  "competition" : {
    "competition_id" : 16,
    "country_name" : "Europe",
    "competition_name" : "Champions League"
  },
  "season" : {
    "season_id" : 277,
    "season_name" : "1972/1973"
  },
  "home_team" : {
    "home_team_id" : 806,
    "home_team_name" : "Ajax",
    "home_team_gender" : "male",
    "home_team_group" : null,
    "country" : {
      "id" : 160,
      "name" : "Netherlands"
    },
    "managers" : [ {
      "id" : 1001760,
      "name" : "Ștefan Kovács",
      "nickname" : null,
      "dob" : "1920-10-02",
      "country" : {
        "id" : 187,
        "name" : "Romania"
      }
    } ]
  },
  "away_team" : {
    "away_team_id" : 224,
    "away_team_name" : "Juventus",
    "away_team_gender" : "male",
    "away_team_group" : null,
    "country" : {
      "id" : 112,
      "name" : "Italy"
    },
    "managers" : [ {
      "id" : 1003281,
      "name" : "Cestmir Vycpalek",
      "nickname" : null,
      "dob" : "1921-05-15",
      "country" : {
        "id" : 60,
        "name" : "Czech Republic"
      }
    } ]
  },
  "home_score" : 1,
  "away_score" : 0,
  "match_status" : "available",
  "match_status_360" : "unscheduled",
  "last_updated" : "2023-07-06T12:49:07.467625",
  "last_updated_360" : null,
  "metadata" : {
    "data_version" : "1.1.0",
    "shot_fidelity_version" : "2",
    "xy_fidelity_version" : "2"
  },
  "match_week" : 1,
  "competition_stage" : {
    "id" : 26,
    "name" : "Final"
  },
  "stadium" : {
    "id" : 4080,
    "name" : "Stadion Rajko Mitić",
    "country" : {
      "id" : 203,
      "name" : "Serbia"
    }
  }
} ]