[ {
  "match_id" : 2302764,
  "match_date" : "2005-05-25",
  "kick_off" : null,
  "competition" : {
    "competition_id" : 16,
    "country_name" : "Europe",
    "competition_name" : "Champions League"
  },
  "season" : {
    "season_id" : 37,
    "season_name" : "2004/2005"
  },
  "home_team" : {
    "home_team_id" : 243,
    "home_team_name" : "AC Milan",
    "home_team_gender" : "male",
    "home_team_group" : null,
    "country" : {
      "id" : 112,
      "name" : "Italy"
    }
  },
  "away_team" : {
    "away_team_id" : 24,
    "away_team_name" : "Liverpool",
    "away_team_gender" : "male",
    "away_team_group" : null,
    "country" : {
      "id" : 68,
      "name" : "England"
    }
  },
  "home_score" : 3,
  "away_score" : 3,
  "match_status" : "available",
  "match_status_360" : "scheduled",
  "last_updated" : "2021-04-01T06:18:57.459032",
  "last_updated_360" : "2021-06-13T16:17:31.694",
  "metadata" : {
    "data_version" : "1.1.0",
    "shot_fidelity_version" : "2",
    "xy_fidelity_version" : "2"
  },
  "match_week" : 1,
  "competition_stage" : {
    "id" : 26,
    "name" : "Final"
  },
  "stadium" : {
    "id" : 5666,
    "name" : "Atatürk Olimpiyat Stadı",
    "country" : {
      "id" : 233,
      "name" : "Turkey"
    }
  }
} ]