[ {
  "match_id" : 3750200,
  "match_date" : "2007-05-23",
  "kick_off" : "20:45:00.000",
  "competition" : {
    "competition_id" : 16,
    "country_name" : "Europe",
    "competition_name" : "Champions League"
  },
  "season" : {
    "season_id" : 39,
    "season_name" : "2006/2007"
  },
  "home_team" : {
    "home_team_id" : 243,
    "home_team_name" : "AC Milan",
    "home_team_gender" : "male",
    "home_team_group" : null,
    "country" : {
      "id" : 112,
      "name" : "Italy"
    },
    "managers" : [ {
      "id" : 414,
      "name" : "Carlo Ancelotti",
      "nickname" : null,
      "dob" : "1959-06-10",
      "country" : {
        "id" : 112,
        "name" : "Italy"
      }
    } ]
  },
  "away_team" : {
    "away_team_id" : 24,
    "away_team_name" : "Liverpool",
    "away_team_gender" : "male",
    "away_team_group" : null,
    "country" : {
      "id" : 68,
      "name" : "England"
    },
    "managers" : [ {
      "id" : 148,
      "name" : "Rafael Benítez Maudes",
      "nickname" : "Rafael Benítez",
      "dob" : "1960-04-16",
      "country" : {
        "id" : 214,
        "name" : "Spain"
      }
    } ]
  },
  "home_score" : 2,
  "away_score" : 1,
  "match_status" : "available",
  "match_status_360" : "scheduled",
  "last_updated" : "2021-03-31T04:18:30.437060",
  "last_updated_360" : "2021-06-13T16:17:31.694",
  "metadata" : {
    "data_version" : "1.1.0",
    "shot_fidelity_version" : "2",
    "xy_fidelity_version" : "2"
  },
  "match_week" : 1,
  "competition_stage" : {
    "id" : 26,
    "name" : "Final"
  },
  "stadium" : {
    "id" : 1454,
    "name" : "Olympiako Stadio Spyros Louis",
    "country" : {
      "id" : 88,
      "name" : "Greece"
    }
  },
  "referee" : {
    "id" : 700,
    "name" : "Herbert Fandel",
    "country" : {
      "id" : 85,
      "name" : "Germany"
    }
  }
} ]