[ {
  "match_id" : 22912,
  "match_date" : "2019-06-01",
  "kick_off" : "21:00:00.000",
  "competition" : {
    "competition_id" : 16,
    "country_name" : "Europe",
    "competition_name" : "Champions League"
  },
  "season" : {
    "season_id" : 4,
    "season_name" : "2018/2019"
  },
  "home_team" : {
    "home_team_id" : 38,
    "home_team_name" : "Tottenham Hotspur",
    "home_team_gender" : "male",
    "home_team_group" : null,
    "country" : {
      "id" : 68,
      "name" : "England"
    },
    "managers" : [ {
      "id" : 81,
      "name" : "Mauricio Roberto Pochettino Trossero",
      "nickname" : "Mauricio Pochettino",
      "dob" : "1972-03-02",
      "country" : {
        "id" : 11,
        "name" : "Argentina"
      }
    } ]
  },
  "away_team" : {
    "away_team_id" : 24,
    "away_team_name" : "Liverpool",
    "away_team_gender" : "male",
    "away_team_group" : null,
    "country" : {
      "id" : 68,
      "name" : "England"
    },
    "managers" : [ {
      "id" : 94,
      "name" : "Jürgen Klopp",
      "nickname" : null,
      "dob" : "1967-06-16",
      "country" : {
        "id" : 85,
        "name" : "Germany"
      }
    } ]
  },
  "home_score" : 0,
  "away_score" : 2,
  "match_status" : "available",
  "match_status_360" : "scheduled",
  "last_updated" : "2022-11-28T14:45:35.628134",
  "last_updated_360" : "2021-06-13T16:17:31.694",
  "metadata" : {
    "data_version" : "1.1.0",
    "shot_fidelity_version" : "2",
    "xy_fidelity_version" : "2"
  },
  "match_week" : 13,
  "competition_stage" : {
    "id" : 26,
    "name" : "Final"
  },
  "stadium" : {
    "id" : 4654,
    "name" : "\tEstádio Cívitas Metropolitano",
    "country" : {
      "id" : 214,
      "name" : "Spain"
    }
  },
  "referee" : {
    "id" : 420,
    "name" : "Damir Skomina",
    "country" : {
      "id" : 208,
      "name" : "Slovenia"
    }
  }
} ]