[ {
  "match_id" : 3750201,
  "match_date" : "2009-05-27",
  "kick_off" : "20:45:00.000",
  "competition" : {
    "competition_id" : 16,
    "country_name" : "Europe",
    "competition_name" : "Champions League"
  },
  "season" : {
    "season_id" : 41,
    "season_name" : "2008/2009"
  },
  "home_team" : {
    "home_team_id" : 217,
    "home_team_name" : "Barcelona",
    "home_team_gender" : "male",
    "home_team_group" : null,
    "country" : {
      "id" : 214,
      "name" : "Spain"
    },
    "managers" : [ {
      "id" : 36,
      "name" : "Josep Guardiola i Sala",
      "nickname" : "Pep Guardiola",
      "dob" : "1971-01-18",
      "country" : {
        "id" : 214,
        "name" : "Spain"
      }
    } ]
  },
  "away_team" : {
    "away_team_id" : 39,
    "away_team_name" : "Manchester United",
    "away_team_gender" : "male",
    "away_team_group" : null,
    "country" : {
      "id" : 68,
      "name" : "England"
    },
    "managers" : [ {
      "id" : 790,
      "name" : "Alex Ferguson",
      "nickname" : null,
      "dob" : "1941-12-31",
      "country" : {
        "id" : 201,
        "name" : "Scotland"
      }
    } ]
  },
  "home_score" : 2,
  "away_score" : 0,
  "match_status" : "available",
  "match_status_360" : "scheduled",
  "last_updated" : "2021-11-07T14:20:01.699993",
  "last_updated_360" : "2021-06-13T16:17:31.694",
  "metadata" : {
    "data_version" : "1.1.0",
    "shot_fidelity_version" : "2",
    "xy_fidelity_version" : "2"
  },
  "match_week" : 1,
  "competition_stage" : {
    "id" : 26,
    "name" : "Final"
  },
  "stadium" : {
    "id" : 381,
    "name" : "Estadio Olímpico",
    "country" : {
      "id" : 112,
      "name" : "Italy"
    }
  },
  "referee" : {
    "id" : 705,
    "name" : "Massimo Busacca",
    "country" : {
      "id" : 221,
      "name" : "Switzerland"
    }
  }
} ]