[ {
  "match_id" : 3752619,
  "match_date" : "2004-05-26",
  "kick_off" : null,
  "competition" : {
    "competition_id" : 16,
    "country_name" : "Europe",
    "competition_name" : "Champions League"
  },
  "season" : {
    "season_id" : 44,
    "season_name" : "2003/2004"
  },
  "home_team" : {
    "home_team_id" : 129,
    "home_team_name" : "AS Monaco",
    "home_team_gender" : "male",
    "home_team_group" : null,
    "country" : {
      "id" : 150,
      "name" : "Monaco"
    }
  },
  "away_team" : {
    "away_team_id" : 256,
    "away_team_name" : "FC Porto",
    "away_team_gender" : "male",
    "away_team_group" : null,
    "country" : {
      "id" : 183,
      "name" : "Portugal"
    }
  },
  "home_score" : 0,
  "away_score" : 3,
  "match_status" : "available",
  "match_status_360" : "scheduled",
  "last_updated" : "2020-07-29T05:00",
  "last_updated_360" : "2021-06-13T16:17:31.694",
  "metadata" : {
    "data_version" : "1.1.0",
    "shot_fidelity_version" : "2",
    "xy_fidelity_version" : "2"
  },
  "match_week" : 1,
  "competition_stage" : {
    "id" : 26,
    "name" : "Final"
  },
  "stadium" : {
    "id" : 370,
    "name" : "VELTINS-Arena",
    "country" : {
      "id" : 85,
      "name" : "Germany"
    }
  }
} ]