[ {
  "match_id" : 3750235,
  "match_date" : "1972-05-31",
  "kick_off" : null,
  "competition" : {
    "competition_id" : 16,
    "country_name" : "Europe",
    "competition_name" : "Champions League"
  },
  "season" : {
    "season_id" : 71,
    "season_name" : "1971/1972"
  },
  "home_team" : {
    "home_team_id" : 806,
    "home_team_name" : "Ajax",
    "home_team_gender" : "male",
    "home_team_group" : null,
    "country" : {
      "id" : 160,
      "name" : "Netherlands"
    }
  },
  "away_team" : {
    "away_team_id" : 238,
    "away_team_name" : "Inter Milan",
    "away_team_gender" : "male",
    "away_team_group" : null,
    "country" : {
      "id" : 112,
      "name" : "Italy"
    }
  },
  "home_score" : 2,
  "away_score" : 0,
  "match_status" : "available",
  "match_status_360" : "scheduled",
  "last_updated" : "2020-07-29T05:00",
  "last_updated_360" : "2021-06-13T16:17:31.694",
  "metadata" : {
    "data_version" : "1.1.0",
    "shot_fidelity_version" : "2",
    "xy_fidelity_version" : "2"
  },
  "match_week" : 13,
  "competition_stage" : {
    "id" : 26,
    "name" : "Final"
  },
  "stadium" : {
    "id" : 398,
    "name" : "Stadion Feijenoord",
    "country" : {
      "id" : 160,
      "name" : "Netherlands"
    }
  },
  "referee" : {
    "id" : 1920,
    "name" : "Robert Helies",
    "country" : {
      "id" : 78,
      "name" : "France"
    }
  }
} ]