[ {
  "match_id" : 3750240,
  "match_date" : "1999-11-23",
  "kick_off" : null,
  "competition" : {
    "competition_id" : 16,
    "country_name" : "Europe",
    "competition_name" : "Champions League"
  },
  "season" : {
    "season_id" : 76,
    "season_name" : "1999/2000"
  },
  "home_team" : {
    "home_team_id" : 239,
    "home_team_name" : "Fiorentina",
    "home_team_gender" : "male",
    "home_team_group" : null,
    "country" : {
      "id" : 112,
      "name" : "Italy"
    }
  },
  "away_team" : {
    "away_team_id" : 39,
    "away_team_name" : "Manchester United",
    "away_team_gender" : "male",
    "away_team_group" : null,
    "country" : {
      "id" : 68,
      "name" : "England"
    }
  },
  "home_score" : 2,
  "away_score" : 0,
  "match_status" : "available",
  "match_status_360" : "scheduled",
  "last_updated" : "2020-07-29T05:00",
  "last_updated_360" : "2021-06-13T16:17:31.694",
  "metadata" : {
    "data_version" : "1.1.0",
    "shot_fidelity_version" : "2",
    "xy_fidelity_version" : "2"
  },
  "match_week" : 1,
  "competition_stage" : {
    "id" : 34,
    "name" : "1st Round"
  },
  "stadium" : {
    "id" : 386,
    "name" : "Stadio Artemio Franchi    \t",
    "country" : {
      "id" : 112,
      "name" : "Italy"
    }
  },
  "referee" : {
    "id" : 1925,
    "name" : "Bernd Heynemann",
    "country" : {
      "id" : 85,
      "name" : "Germany"
    }
  }
} ]